grouping,group,n,n_train,n_test,delta_h_total_J_g_MAE,delta_h_total_J_g_RMSE,delta_h_total_J_g_Bias,delta_h_total_J_g_actual_std,peak_area_J_g_MAE,peak_area_J_g_RMSE,peak_area_J_g_Bias,peak_area_J_g_actual_std,recovery_index_MAE,recovery_index_RMSE,recovery_index_Bias,recovery_index_actual_std,path_dependence_index_MAE,path_dependence_index_RMSE,path_dependence_index_Bias,path_dependence_index_actual_std
exact_condition,single_step|T1=100.0|t1=100.02|T2=nan|t2=nan,1,1,0,0.06924211236674305,0.06924211236674305,-0.06924211236674305,0.0,0.029527458248226557,0.029527458248226557,-0.029527458248226557,0.0,0.05398846734732632,0.05398846734732632,0.05398846734732632,0.0,0.015152841377434244,0.015152841377434244,-0.015152841377434244,0.0
exact_condition,single_step|T1=100.0|t1=30.0|T2=nan|t2=nan,1,1,0,0.16557396335461783,0.16557396335461783,-0.16557396335461783,0.0,0.14043485258721522,0.14043485258721522,-0.14043485258721522,0.0,0.14414571220568706,0.14414571220568706,0.14414571220568706,0.0,0.0041733778894550155,0.0041733778894550155,-0.0041733778894550155,0.0
exact_condition,single_step|T1=100.0|t1=300.0|T2=nan|t2=nan,1,1,0,0.14986523081415326,0.14986523081415326,0.14986523081415326,0.0,0.08114680260704321,0.08114680260704321,0.08114680260704321,0.0,0.141327811103647,0.141327811103647,-0.141327811103647,0.0,0.02510317123646317,0.02510317123646317,-0.02510317123646317,0.0
exact_condition,single_step|T1=50.0|t1=0.1002|T2=nan|t2=nan,2,2,0,0.10940418099257815,0.13313926071244364,0.10940418099257815,0.07587349948697003,0.10486223641965553,0.12431373487839939,0.10486223641965553,0.06676687840902285,0.1662762122462555,0.18248871922328264,-0.1662762122462555,0.07519543792539735,0.01129737738554576,0.01129737738554576,0.01129737738554576,0.0
exact_condition,single_step|T1=50.0|t1=0.4998|T2=nan|t2=nan,2,2,0,0.15431900657425018,0.15441102238956655,-0.005329919823763796,0.15431900657425018,0.11192916512672446,0.11752296847968503,0.035826109394008876,0.11192916512672446,0.15293989809387676,0.16515249821748249,-0.06232764425606141,0.15293989809387676,0.014488922137808682,0.014488922137808682,0.014488922137808682,0.0
exact_condition,single_step|T1=50.0|t1=0.7979999999999999|T2=nan|t2=nan,2,2,0,0.186133777039739,0.18613676511324576,0.001054690354726051,0.186133777039739,0.11721605027607718,0.12012606254925051,0.026280571935606623,0.11721605027607718,0.18447034830145248,0.1978412187821183,-0.07149712194721414,0.18447034830145248,0.01541790171878582,0.01541790171878582,0.01541790171878582,0.0
exact_condition,single_step|T1=50.0|t1=1.0002|T2=nan|t2=nan,2,2,0,0.1327618157870648,0.13381241922548606,-0.01673510704772163,0.1327618157870648,0.08164677288735522,0.08198440656321619,0.007432859248187262,0.08164677288735522,0.13157535826581568,0.1427001111741989,-0.05523809216791409,0.13157535826581568,0.015866242032136157,0.015866242032136157,0.015866242032136157,0.0
exact_condition,single_step|T1=50.0|t1=10.020000000000001|T2=nan|t2=nan,2,2,0,0.08434877231740362,0.10898394273527119,-0.0690129290978993,0.08434877231740362,0.03147718010008005,0.04009316669970042,-0.024832421326908327,0.03147718010008005,0.08359496946580186,0.08539212675599489,-0.017426887040534578,0.08359496946580186,0.02043694245512212,0.02043694245512212,0.02043694245512212,0.0
exact_condition,single_step|T1=50.0|t1=100.02|T2=nan|t2=nan,2,2,0,0.21690466500538497,0.21961048391579388,-0.21690466500538497,0.03436758566776088,0.13044653566056863,0.13239220440774457,-0.13044653566056863,0.022614091228656985,0.11515396270089606,0.12008559233677803,0.11515396270089606,0.034060451570046446,0.024983770919453835,0.024983770919453835,0.024983770919453835,0.0
exact_condition,single_step|T1=50.0|t1=1000.0200000000001|T2=nan|t2=nan,2,2,0,0.08876732643135932,0.09852580169461536,0.08876732643135932,0.042751553864101455,0.055630729258273726,0.06253103307095478,0.028554370227926396,0.055630729258273726,0.20182214662919995,0.20622161120814256,-0.20182214662919995,0.04236949444192162,0.029480909704827613,0.029480909704827613,0.029480909704827613,0.0
exact_condition,single_step|T1=50.0|t1=4.998|T2=nan|t2=nan,2,2,0,0.0994197175501963,0.11264961991036312,-0.05296844936552769,0.0994197175501963,0.07495367234232797,0.07506887967636058,0.004157366746251889,0.07495367234232797,0.09853122961450034,0.10273906763428677,-0.029101766424345477,0.09853122961450034,0.01905833120515099,0.01905833120515099,0.01905833120515099,0.0
exact_condition,single_step|T1=50.0|t1=49.98|T2=nan|t2=nan,2,2,0,0.17912153533969988,0.18878034459575233,-0.17912153533969988,0.05961119092284306,0.07580381135998648,0.08335541857692981,-0.07580381135998648,0.03466854466854297,0.08192877090029477,0.10100786155717921,0.08192877090029477,0.05907846134693501,0.023615899826509856,0.023615899826509856,0.023615899826509856,0.0
exact_condition,single_step|T1=50.0|t1=499.98|T2=nan|t2=nan,2,2,0,0.047139733882688994,0.05017607188368518,-0.047139733882688994,0.017189638714819044,0.07870718153125089,0.0865494899755461,-0.07870718153125089,0.03599991375592271,0.06289690755702881,0.06516323302302765,-0.06289690755702881,0.017036019422857374,0.02813675463592824,0.02813675463592824,0.02813675463592824,0.0
exact_condition,single_step|T1=70.0|t1=0.1002|T2=nan|t2=nan,2,2,0,0.1520485428787246,0.15215950838776643,0.1520485428787246,0.005810043137826848,0.07533936031577815,0.07747932583088686,0.07533936031577815,0.01808388007088313,0.047335556135139956,0.04755600770538851,-0.047335556135139956,0.004573728703365032,0.011269151139956343,0.011269151139956343,0.011269151139956343,0.0
exact_condition,single_step|T1=70.0|t1=0.4998|T2=nan|t2=nan,2,2,0,0.06626400230965163,0.0670252150191876,0.010072807268821038,0.06626400230965163,0.06507418348169769,0.07190346922622337,-0.03058528291444751,0.06507418348169769,0.06314947867141127,0.08190794981503519,0.06314947867141127,0.052163738232907514,0.014425900622014612,0.014425900622014612,0.014425900622014612,0.0
exact_condition,single_step|T1=70.0|t1=0.7979999999999999|T2=nan|t2=nan,2,2,0,0.1507482306555708,0.17557538869068556,0.09000937766755274,0.1507482306555708,0.12200075313765646,0.1243041553018982,0.023818884507109783,0.12200075313765646,0.11867063516997672,0.1186707305243662,-0.00015043783109330855,0.11867063516997672,0.015338280133642093,0.015338280133642093,0.015338280133642093,0.0
exact_condition,single_step|T1=70.0|t1=1.0002|T2=nan|t2=nan,2,2,0,0.22187648333245696,0.22188790309725018,0.0022511519088314613,0.22187648333245696,0.1640008718510778,0.16698788883355328,-0.03144310813474871,0.1640008718510778,0.17466356382319773,0.18770835739817351,0.06875366833631627,0.17466356382319773,0.0157771092127984,0.0157771092127984,0.0157771092127984,0.0
exact_condition,single_step|T1=70.0|t1=10.020000000000001|T2=nan|t2=nan,2,2,0,0.1193253528875548,0.13580441317906733,0.06484056444210945,0.1193253528875548,0.05548612678100395,0.05887971568741224,0.019700524213148607,0.05548612678100395,0.09393420644121148,0.09557607222972389,0.017639456996213443,0.09393420644121148,0.02015528876921563,0.02015528876921563,0.02015528876921563,0.0
exact_condition,single_step|T1=70.0|t1=100.02|T2=nan|t2=nan,2,2,0,0.06405448653501145,0.08562859319814196,0.06405448653501145,0.05682674306898927,0.043847869590236455,0.044273403403270725,0.006123608520011814,0.043847869590236455,0.0447346258414531,0.04764429554954631,0.016394881800053163,0.0447346258414531,0.024098497292616677,0.024098497292616677,0.024098497292616677,0.0
exact_condition,single_step|T1=70.0|t1=1000.0200000000001|T2=nan|t2=nan,2,2,0,0.31174469877897093,0.3200415368695593,0.31174469877897093,0.07240047033713348,0.23614497274806945,0.24088586442135054,0.23614497274806945,0.047555772770872085,0.1805253399508137,0.1893086465502948,-0.1805253399508137,0.056994432134618134,0.02672699040940317,0.02672699040940317,0.02672699040940317,0.0
exact_condition,single_step|T1=70.0|t1=300.0|T2=nan|t2=nan,1,1,0,0.1138338057976449,0.1138338057976449,-0.1138338057976449,0.0,0.0621480140286399,0.0621480140286399,-0.0621480140286399,0.0,0.15552112801047446,0.15552112801047446,0.15552112801047446,0.0,0.025615214432353012,0.025615214432353012,0.025615214432353012,0.0
exact_condition,single_step|T1=70.0|t1=4.998|T2=nan|t2=nan,2,2,0,0.09839915333125998,0.13414218825481397,0.09116870786339543,0.09839915333125998,0.05132722774121201,0.05900925324950097,0.02911370229746635,0.05132722774121201,0.07746087615905978,0.07750213769164217,-0.002528638259037319,0.07746087615905978,0.01885927043588438,0.01885927043588438,0.01885927043588438,0.0
exact_condition,single_step|T1=70.0|t1=49.98|T2=nan|t2=nan,2,2,0,0.0488073834924459,0.05002805250410241,0.0488073834924459,0.010983867896808774,0.02181722314722212,0.024615262737823274,-0.02181722314722212,0.011398242574905404,0.02896369989554093,0.030226808286242676,0.02896369989554093,0.008646619428095081,0.022988714885674194,0.022988714885674194,0.022988714885674194,0.0
exact_condition,single_step|T1=70.0|t1=499.98|T2=nan|t2=nan,2,2,0,0.1530361797506109,0.15809564562743048,0.1530361797506109,0.03967569600766685,0.1039820675439872,0.11067332749153076,0.1039820675439872,0.03789874730548892,0.05499247783879896,0.0632430346088781,-0.05499247783879896,0.03123313637291264,0.0261758554847262,0.0261758554847262,0.0261758554847262,0.0
exact_condition,single_step|T1=90.0|t1=100.0002|T2=nan|t2=nan,1,1,0,0.14660305197561652,0.14660305197561652,-0.14660305197561652,0.0,0.06728549510604576,0.06728549510604576,-0.06728549510604576,0.0,0.03520634443553072,0.03520634443553072,0.03520634443553072,0.0,0.01026827359702917,0.01026827359702917,0.01026827359702917,0.0
exact_condition,single_step|T1=90.0|t1=300.0|T2=nan|t2=nan,1,0,1,0.08958512460958667,0.08958512460958667,0.08958512460958667,0.0,0.08381413188014641,0.08381413188014641,0.08381413188014641,0.0,0.21152563141888092,0.21152563141888092,-0.21152563141888092,0.0,0.003872087761802756,0.003872087761802756,0.003872087761802756,0.0
exact_condition,single_step|T1=95.0|t1=100.02|T2=nan|t2=nan,2,2,0,0.17152033359023344,0.17305273965334667,0.022978813429418432,0.17152033359023344,0.1217038581266795,0.12260395443118659,0.014829044448161466,0.1217038581266795,0.15693477083446927,0.17197000291444842,-0.07032182879823312,0.15693477083446927,0.0006968161296291159,0.0006968161296291159,-0.0006968161296291159,0.0
exact_condition,two_step|T1=50.0|t1=10.000020000000001|T2=100.0|t2=10.000020000000001,1,1,0,0.11617549331715749,0.11617549331715749,0.11617549331715749,0.0,0.09316402437979221,0.09316402437979221,0.09316402437979221,0.0,0.04993579928429115,0.04993579928429115,-0.04993579928429115,0.0,0.17444881206279073,0.17444881206279073,0.17444881206279073,0.0
exact_condition,two_step|T1=50.0|t1=10.000020000000001|T2=100.0|t2=1800.0,1,1,0,0.21826775599867798,0.21826775599867798,-0.21826775599867798,0.0,0.1452358127136646,0.1452358127136646,-0.1452358127136646,0.0,0.25586321864812833,0.25586321864812833,0.25586321864812833,0.0,0.19359782354052107,0.19359782354052107,-0.19359782354052107,0.0
exact_condition,two_step|T1=50.0|t1=10.000020000000001|T2=65.0|t2=1200.0,1,1,0,0.1699504373423515,0.1699504373423515,-0.1699504373423515,0.0,0.14547612670782217,0.14547612670782217,-0.14547612670782217,0.0,0.11677873400314243,0.11677873400314243,0.11677873400314243,0.0,0.26660642456385986,0.26660642456385986,-0.26660642456385986,0.0
exact_condition,two_step|T1=50.0|t1=10.000020000000001|T2=70.0|t2=1800.0,1,1,0,0.005130118436477593,0.005130118436477593,-0.005130118436477593,0.0,0.030085421725718042,0.030085421725718042,0.030085421725718042,0.0,0.006255613137538973,0.006255613137538973,0.006255613137538973,0.0,0.05460513546718973,0.05460513546718973,-0.05460513546718973,0.0
exact_condition,two_step|T1=50.0|t1=10.000020000000001|T2=70.0|t2=300.0,1,0,1,0.2707249375425105,0.2707249375425105,-0.2707249375425105,0.0,0.20359120016764787,0.20359120016764787,-0.20359120016764787,0.0,0.17441232280071506,0.17441232280071506,0.17441232280071506,0.0,0.06585885557521656,0.06585885557521656,-0.06585885557521656,0.0
exact_condition,two_step|T1=50.0|t1=10.000020000000001|T2=75.0|t2=10.000020000000001,1,1,0,0.055759651240223085,0.055759651240223085,0.055759651240223085,0.0,0.02918386851912036,0.02918386851912036,-0.02918386851912036,0.0,0.10086988413784354,0.10086988413784354,-0.10086988413784354,0.0,0.06386948521053287,0.06386948521053287,0.06386948521053287,0.0
exact_condition,two_step|T1=50.0|t1=10.000020000000001|T2=80.0|t2=1800.0,1,1,0,0.14733794951087642,0.14733794951087642,0.14733794951087642,0.0,0.13347778569180324,0.13347778569180324,0.13347778569180324,0.0,0.08710623100496617,0.08710623100496617,-0.08710623100496617,0.0,0.13400132365350448,0.13400132365350448,0.13400132365350448,0.0
exact_condition,two_step|T1=50.0|t1=10.000020000000001|T2=85.0|t2=60.0,1,1,0,0.10482833633381183,0.10482833633381183,-0.10482833633381183,0.0,0.07021815869250081,0.07021815869250081,-0.07021815869250081,0.0,0.066808169692115,0.066808169692115,0.066808169692115,0.0,0.033886364089856125,0.033886364089856125,0.033886364089856125,0.0
exact_condition,two_step|T1=50.0|t1=100.0002|T2=70.0|t2=60.0,1,0,1,0.08980015480063563,0.08980015480063563,0.08980015480063563,0.0,0.0206815499504327,0.0206815499504327,0.0206815499504327,0.0,0.14148141586701524,0.14148141586701524,-0.14148141586701524,0.0,0.005150253893459272,0.005150253893459272,-0.005150253893459272,0.0
exact_condition,two_step|T1=50.0|t1=1800.0|T2=100.0|t2=10.000020000000001,1,1,0,0.05521244054627594,0.05521244054627594,-0.05521244054627594,0.0,0.08867574148232471,0.08867574148232471,-0.08867574148232471,0.0,0.022649145296693485,0.022649145296693485,0.022649145296693485,0.0,0.03120312077520626,0.03120312077520626,-0.03120312077520626,0.0
exact_condition,two_step|T1=55.0|t1=600.0|T2=90.0|t2=300.0,1,1,0,0.1444488854299355,0.1444488854299355,0.1444488854299355,0.0,0.09652442061733546,0.09652442061733546,0.09652442061733546,0.0,0.23425838262223297,0.23425838262223297,-0.23425838262223297,0.0,0.025568034687152352,0.025568034687152352,-0.025568034687152352,0.0
exact_condition,two_step|T1=65.0|t1=10.000020000000001|T2=100.0|t2=1200.0,1,1,0,0.02666727246311762,0.02666727246311762,-0.02666727246311762,0.0,0.0007639568502737504,0.0007639568502737504,0.0007639568502737504,0.0,0.04562361196676201,0.04562361196676201,0.04562361196676201,0.0,0.08007414461629309,0.08007414461629309,-0.08007414461629309,0.0
exact_condition,two_step|T1=65.0|t1=10.000020000000001|T2=65.0|t2=1800.0,1,1,0,0.08464808439542226,0.08464808439542226,0.08464808439542226,0.0,0.02758960174555769,0.02758960174555769,0.02758960174555769,0.0,0.11814286412847219,0.11814286412847219,-0.11814286412847219,0.0,0.02063807353186206,0.02063807353186206,-0.02063807353186206,0.0
exact_condition,two_step|T1=65.0|t1=10.000020000000001|T2=85.0|t2=600.0,1,0,1,0.21368239560841085,0.21368239560841085,0.21368239560841085,0.0,0.13362054532036471,0.13362054532036471,0.13362054532036471,0.0,0.2175843607592498,0.2175843607592498,-0.2175843607592498,0.0,0.20449047001067677,0.20449047001067677,0.20449047001067677,0.0
exact_condition,two_step|T1=75.0|t1=10.000020000000001|T2=100.0|t2=10.000020000000001,1,0,1,0.05742852728334413,0.05742852728334413,0.05742852728334413,0.0,0.04132360380774602,0.04132360380774602,0.04132360380774602,0.0,0.27666303494112177,0.27666303494112177,-0.27666303494112177,0.0,0.09258202654052833,0.09258202654052833,0.09258202654052833,0.0
exact_condition,two_step|T1=75.0|t1=10.000020000000001|T2=100.0|t2=1800.0,1,0,1,0.08336898192659437,0.08336898192659437,-0.08336898192659437,0.0,0.04901850012623665,0.04901850012623665,-0.04901850012623665,0.0,0.10270847937730909,0.10270847937730909,-0.10270847937730909,0.0,0.09635930573570534,0.09635930573570534,-0.09635930573570534,0.0
exact_condition,two_step|T1=80.0|t1=49.98|T2=90.0|t2=0.1002,1,1,0,0.07998832663817579,0.07998832663817579,-0.07998832663817579,0.0,0.010221608355466039,0.010221608355466039,-0.010221608355466039,0.0,0.07066095904738301,0.07066095904738301,0.07066095904738301,0.0,0.2875090448128322,0.2875090448128322,-0.2875090448128322,0.0
exact_condition,two_step|T1=80.0|t1=49.98|T2=90.0|t2=0.4998,1,1,0,0.08550262066638081,0.08550262066638081,-0.08550262066638081,0.0,0.06868829501034646,0.06868829501034646,-0.06868829501034646,0.0,0.08102543682130847,0.08102543682130847,0.08102543682130847,0.0,0.07006239127166537,0.07006239127166537,-0.07006239127166537,0.0
exact_condition,two_step|T1=80.0|t1=49.98|T2=90.0|t2=0.7979999999999999,1,1,0,0.12819436460133277,0.12819436460133277,-0.12819436460133277,0.0,0.04684961748931138,0.04684961748931138,-0.04684961748931138,0.0,0.10670523770529872,0.10670523770529872,0.10670523770529872,0.0,0.10722456875999228,0.10722456875999228,-0.10722456875999228,0.0
exact_condition,two_step|T1=80.0|t1=49.98|T2=90.0|t2=1.0002,1,1,0,0.10108031122171601,0.10108031122171601,-0.10108031122171601,0.0,0.03499632929594476,0.03499632929594476,-0.03499632929594476,0.0,0.08828252726624986,0.08828252726624986,0.08828252726624986,0.0,0.15933803105511635,0.15933803105511635,-0.15933803105511635,0.0
exact_condition,two_step|T1=80.0|t1=49.98|T2=90.0|t2=10.020000000000001,1,1,0,0.11571769394978282,0.11571769394978282,-0.11571769394978282,0.0,0.04299584367338838,0.04299584367338838,-0.04299584367338838,0.0,0.08582088533115084,0.08582088533115084,0.08582088533115084,0.0,0.11060433253588979,0.11060433253588979,-0.11060433253588979,0.0
exact_condition,two_step|T1=80.0|t1=49.98|T2=90.0|t2=100.02,1,1,0,0.11588386705863696,0.11588386705863696,-0.11588386705863696,0.0,0.06017608373023475,0.06017608373023475,-0.06017608373023475,0.0,0.1000707987564931,0.1000707987564931,0.1000707987564931,0.0,0.0067711069424690185,0.0067711069424690185,-0.0067711069424690185,0.0
exact_condition,two_step|T1=80.0|t1=49.98|T2=90.0|t2=1000.0200000000001,1,1,0,0.35957229160115767,0.35957229160115767,0.35957229160115767,0.0,0.31641488562937714,0.31641488562937714,0.31641488562937714,0.0,0.16469910429043988,0.16469910429043988,-0.16469910429043988,0.0,0.3707270317677238,0.3707270317677238,0.3707270317677238,0.0
exact_condition,two_step|T1=80.0|t1=49.98|T2=90.0|t2=4.998,1,1,0,0.09269969034048886,0.09269969034048886,-0.09269969034048886,0.0,0.06861489747351768,0.06861489747351768,-0.06861489747351768,0.0,0.07182025051935692,0.07182025051935692,0.07182025051935692,0.0,0.10838345912453622,0.10838345912453622,-0.10838345912453622,0.0
exact_condition,two_step|T1=80.0|t1=49.98|T2=90.0|t2=49.98,1,1,0,0.11883023000324977,0.11883023000324977,-0.11883023000324977,0.0,0.0643290894073234,0.0643290894073234,-0.0643290894073234,0.0,0.0949639299647681,0.0949639299647681,0.0949639299647681,0.0,0.04923883065148223,0.04923883065148223,-0.04923883065148223,0.0
exact_condition,two_step|T1=80.0|t1=49.98|T2=90.0|t2=499.98,1,1,0,0.13161470040785805,0.13161470040785805,0.13161470040785805,0.0,0.1053165504262159,0.1053165504262159,0.1053165504262159,0.0,0.033224926771754815,0.033224926771754815,-0.033224926771754815,0.0,0.07441263974796633,0.07441263974796633,0.07441263974796633,0.0
exact_condition,two_step|T1=80.0|t1=499.98|T2=90.0|t2=0.1002,1,1,0,0.058449991425145065,0.058449991425145065,0.058449991425145065,0.0,0.06179899551733392,0.06179899551733392,0.06179899551733392,0.0,0.021866598815152072,0.021866598815152072,-0.021866598815152072,0.0,0.10778680908211952,0.10778680908211952,-0.10778680908211952,0.0
exact_condition,two_step|T1=80.0|t1=499.98|T2=90.0|t2=0.4998,1,1,0,0.0241370188089004,0.0241370188089004,-0.0241370188089004,0.0,0.016684834381467173,0.016684834381467173,0.016684834381467173,0.0,0.05579670943105741,0.05579670943105741,0.05579670943105741,0.0,0.04254772807195062,0.04254772807195062,0.04254772807195062,0.0
exact_condition,two_step|T1=80.0|t1=499.98|T2=90.0|t2=0.7979999999999999,1,1,0,0.08452707136787685,0.08452707136787685,-0.08452707136787685,0.0,0.023370498621954505,0.023370498621954505,-0.023370498621954505,0.0,0.09853082929649037,0.09853082929649037,0.09853082929649037,0.0,0.009021099143639771,0.009021099143639771,-0.009021099143639771,0.0
exact_condition,two_step|T1=80.0|t1=499.98|T2=90.0|t2=1.0002,1,1,0,0.0019632669769286126,0.0019632669769286126,-0.0019632669769286126,0.0,0.00910039861951284,0.00910039861951284,0.00910039861951284,0.0,0.04761765547959251,0.04761765547959251,0.04761765547959251,0.0,0.004112550645503893,0.004112550645503893,-0.004112550645503893,0.0
exact_condition,two_step|T1=80.0|t1=499.98|T2=90.0|t2=10.020000000000001,1,1,0,0.016303423488785218,0.016303423488785218,0.016303423488785218,0.0,0.027465344179763207,0.027465344179763207,0.027465344179763207,0.0,0.022399214187872163,0.022399214187872163,0.022399214187872163,0.0,0.08241969173358421,0.08241969173358421,0.08241969173358421,0.0
exact_condition,two_step|T1=80.0|t1=499.98|T2=90.0|t2=100.02,1,1,0,0.04004616809639305,0.04004616809639305,0.04004616809639305,0.0,0.017699403587960738,0.017699403587960738,-0.017699403587960738,0.0,0.03332915949820503,0.03332915949820503,-0.03332915949820503,0.0,0.17361683477581952,0.17361683477581952,0.17361683477581952,0.0
exact_condition,two_step|T1=80.0|t1=499.98|T2=90.0|t2=1000.0200000000001,1,1,0,0.1628214029811752,0.1628214029811752,0.1628214029811752,0.0,0.1313521074008257,0.1313521074008257,0.1313521074008257,0.0,0.1453028650106063,0.1453028650106063,-0.1453028650106063,0.0,0.1511058172203883,0.1511058172203883,0.1511058172203883,0.0
exact_condition,two_step|T1=80.0|t1=499.98|T2=90.0|t2=4.998,1,1,0,0.05249026969748416,0.05249026969748416,-0.05249026969748416,0.0,0.013424652336816223,0.013424652336816223,-0.013424652336816223,0.0,0.07642643332885612,0.07642643332885612,0.07642643332885612,0.0,0.004993178847648105,0.004993178847648105,-0.004993178847648105,0.0
exact_condition,two_step|T1=80.0|t1=499.98|T2=90.0|t2=49.98,1,1,0,0.09479866703726825,0.09479866703726825,0.09479866703726825,0.0,0.03696939495731555,0.03696939495731555,0.03696939495731555,0.0,0.06088845409741572,0.06088845409741572,-0.06088845409741572,0.0,0.20385578997701792,0.20385578997701792,0.20385578997701792,0.0
exact_condition,two_step|T1=80.0|t1=499.98|T2=90.0|t2=499.98,1,1,0,0.11741937018041981,0.11741937018041981,0.11741937018041981,0.0,0.01906255091964537,0.01906255091964537,0.01906255091964537,0.0,0.10426525864794645,0.10426525864794645,-0.10426525864794645,0.0,0.04672933412216429,0.04672933412216429,0.04672933412216429,0.0
exact_condition,two_step|T1=85.0|t1=10.000020000000001|T2=100.0|t2=1200.0,1,1,0,0.16161813825434335,0.16161813825434335,-0.16161813825434335,0.0,0.17426667816065078,0.17426667816065078,-0.17426667816065078,0.0,0.0696208594411265,0.0696208594411265,-0.0696208594411265,0.0,0.12462647759923423,0.12462647759923423,-0.12462647759923423,0.0
exact_condition,two_step|T1=90.0|t1=49.98|T2=80.0|t2=0.1002,1,1,0,0.00029237736912690604,0.00029237736912690604,0.00029237736912690604,0.0,0.02730394776037448,0.02730394776037448,-0.02730394776037448,0.0,0.06595039474626213,0.06595039474626213,-0.06595039474626213,0.0,0.1955405200805337,0.1955405200805337,-0.1955405200805337,0.0
exact_condition,two_step|T1=90.0|t1=49.98|T2=80.0|t2=0.4998,1,1,0,0.12284153299112055,0.12284153299112055,-0.12284153299112055,0.0,0.0828354077895852,0.0828354077895852,-0.0828354077895852,0.0,0.06783715956160036,0.06783715956160036,0.06783715956160036,0.0,0.0936351038866274,0.0936351038866274,-0.0936351038866274,0.0
exact_condition,two_step|T1=90.0|t1=49.98|T2=80.0|t2=0.7979999999999999,1,1,0,0.15780602124505072,0.15780602124505072,-0.15780602124505072,0.0,0.09820375901779732,0.09820375901779732,-0.09820375901779732,0.0,0.10547286615067186,0.10547286615067186,0.10547286615067186,0.0,0.12095276699688176,0.12095276699688176,-0.12095276699688176,0.0
exact_condition,two_step|T1=90.0|t1=49.98|T2=80.0|t2=1.0002,1,1,0,0.07055311534672826,0.07055311534672826,-0.07055311534672826,0.0,0.08490421277820781,0.08490421277820781,-0.08490421277820781,0.0,0.05179915922826639,0.05179915922826639,0.05179915922826639,0.0,0.1266800486707456,0.1266800486707456,0.1266800486707456,0.0
exact_condition,two_step|T1=90.0|t1=49.98|T2=80.0|t2=10.020000000000001,1,1,0,0.2177791443528756,0.2177791443528756,-0.2177791443528756,0.0,0.11336182547651141,0.11336182547651141,-0.11336182547651141,0.0,0.20915503257090373,0.20915503257090373,0.20915503257090373,0.0,0.16698103904040884,0.16698103904040884,-0.16698103904040884,0.0
exact_condition,two_step|T1=90.0|t1=49.98|T2=80.0|t2=100.02,1,1,0,0.1950614498913299,0.1950614498913299,-0.1950614498913299,0.0,0.11437874827181149,0.11437874827181149,-0.11437874827181149,0.0,0.21498349247415238,0.21498349247415238,0.21498349247415238,0.0,0.14668814881887132,0.14668814881887132,-0.14668814881887132,0.0
exact_condition,two_step|T1=90.0|t1=49.98|T2=80.0|t2=1000.0200000000001,1,1,0,0.15097720291840833,0.15097720291840833,0.15097720291840833,0.0,0.09672382010186431,0.09672382010186431,0.09672382010186431,0.0,0.0702761805869786,0.0702761805869786,-0.0702761805869786,0.0,0.1279780403257904,0.1279780403257904,0.1279780403257904,0.0
exact_condition,two_step|T1=90.0|t1=49.98|T2=80.0|t2=4.998,1,1,0,0.0968317768082041,0.0968317768082041,-0.0968317768082041,0.0,0.044453120351184205,0.044453120351184205,-0.044453120351184205,0.0,0.11123996746867287,0.11123996746867287,0.11123996746867287,0.0,0.10034006171310247,0.10034006171310247,-0.10034006171310247,0.0
exact_condition,two_step|T1=90.0|t1=49.98|T2=80.0|t2=49.98,1,1,0,0.21664517877152922,0.21664517877152922,-0.21664517877152922,0.0,0.1064020826392682,0.1064020826392682,-0.1064020826392682,0.0,0.2292446784019635,0.2292446784019635,0.2292446784019635,0.0,0.22551238752366037,0.22551238752366037,-0.22551238752366037,0.0
exact_condition,two_step|T1=90.0|t1=49.98|T2=80.0|t2=499.98,1,1,0,0.017249333078830698,0.017249333078830698,0.017249333078830698,0.0,0.02391387348683338,0.02391387348683338,0.02391387348683338,0.0,0.04277175283719925,0.04277175283719925,0.04277175283719925,0.0,0.06015473950911532,0.06015473950911532,0.06015473950911532,0.0
exact_condition,two_step|T1=90.0|t1=499.98|T2=80.0|t2=0.1002,1,1,0,0.2522286836044467,0.2522286836044467,0.2522286836044467,0.0,0.12196648253623055,0.12196648253623055,0.12196648253623055,0.0,0.2671590569294058,0.2671590569294058,-0.2671590569294058,0.0,0.04835805413878294,0.04835805413878294,0.04835805413878294,0.0
exact_condition,two_step|T1=90.0|t1=499.98|T2=80.0|t2=0.4998,1,1,0,0.10758249684100474,0.10758249684100474,0.10758249684100474,0.0,0.05031051077120696,0.05031051077120696,0.05031051077120696,0.0,0.11784748440028081,0.11784748440028081,-0.11784748440028081,0.0,0.13029953224080593,0.13029953224080593,0.13029953224080593,0.0
exact_condition,two_step|T1=90.0|t1=499.98|T2=80.0|t2=0.7979999999999999,1,1,0,0.06742532833962134,0.06742532833962134,0.06742532833962134,0.0,0.02513018832654179,0.02513018832654179,0.02513018832654179,0.0,0.07633151813700578,0.07633151813700578,-0.07633151813700578,0.0,0.0984074923510837,0.0984074923510837,0.0984074923510837,0.0
exact_condition,two_step|T1=90.0|t1=499.98|T2=80.0|t2=1.0002,1,1,0,0.13056005656958114,0.13056005656958114,0.13056005656958114,0.0,0.07454869763250005,0.07454869763250005,0.07454869763250005,0.0,0.11323723945447117,0.11323723945447117,-0.11323723945447117,0.0,0.322241981316028,0.322241981316028,0.322241981316028,0.0
exact_condition,two_step|T1=90.0|t1=499.98|T2=80.0|t2=10.020000000000001,1,1,0,0.045106380491671816,0.045106380491671816,0.045106380491671816,0.0,0.042464919893316466,0.042464919893316466,0.042464919893316466,0.0,0.0037362495813135777,0.0037362495813135777,0.0037362495813135777,0.0,0.09202980498557789,0.09202980498557789,0.09202980498557789,0.0
exact_condition,two_step|T1=90.0|t1=499.98|T2=80.0|t2=100.02,1,1,0,0.04591186729261354,0.04591186729261354,-0.04591186729261354,0.0,0.013554649607322666,0.013554649607322666,-0.013554649607322666,0.0,0.08910126133980256,0.08910126133980256,0.08910126133980256,0.0,0.022903412651235522,0.022903412651235522,-0.022903412651235522,0.0
exact_condition,two_step|T1=90.0|t1=499.98|T2=80.0|t2=1000.0200000000001,1,1,0,0.1563873738955024,0.1563873738955024,-0.1563873738955024,0.0,0.11881180666563962,0.11881180666563962,-0.11881180666563962,0.0,0.0877470312241515,0.0877470312241515,0.0877470312241515,0.0,0.23290135519686872,0.23290135519686872,-0.23290135519686872,0.0
exact_condition,two_step|T1=90.0|t1=499.98|T2=80.0|t2=4.998,1,1,0,0.053365412329659634,0.053365412329659634,0.053365412329659634,0.0,0.02121833660987993,0.02121833660987993,0.02121833660987993,0.0,0.017288405095248316,0.017288405095248316,-0.017288405095248316,0.0,0.046294381653599115,0.046294381653599115,0.046294381653599115,0.0
exact_condition,two_step|T1=90.0|t1=499.98|T2=80.0|t2=49.98,1,1,0,0.04036261657404783,0.04036261657404783,-0.04036261657404783,0.0,0.004698801293740562,0.004698801293740562,0.004698801293740562,0.0,0.08469911773090055,0.08469911773090055,0.08469911773090055,0.0,0.06384557566511351,0.06384557566511351,-0.06384557566511351,0.0
exact_condition,two_step|T1=90.0|t1=499.98|T2=80.0|t2=499.98,1,1,0,0.19197948456242897,0.19197948456242897,-0.19197948456242897,0.0,0.08492484969538827,0.08492484969538827,-0.08492484969538827,0.0,0.153093973316769,0.153093973316769,0.153093973316769,0.0,0.20005660447848184,0.20005660447848184,-0.20005660447848184,0.0
