sample_id,source_file,split,mode,T1_C,t1_s,T2_C,t2_s,T1_bin,t1_bin,actual_delta_h_total_J_g,pred_delta_h_total_J_g,error_delta_h_total_J_g,abs_error_delta_h_total_J_g,actual_peak_area_J_g,pred_peak_area_J_g,error_peak_area_J_g,abs_error_peak_area_J_g,actual_recovery_index,pred_recovery_index,error_recovery_index,abs_error_recovery_index,actual_path_dependence_index,pred_path_dependence_index,error_path_dependence_index,abs_error_path_dependence_index
onestep_50_001,PS-onestep-01.xlsx,train,single_step,50.0,0.1002,nan,nan,50-60 C,10-100 s,-0.6722768039574754,-0.6707288591160584,0.0015479448414169594,0.0015479448414169594,-1.5245739477642528,-1.5054144589545853,0.019159488809667558,0.019159488809667558,0.6662688425139833,0.6070869979659016,-0.05918184454808173,0.05918184454808173,0.0,-0.023178317270492764,-0.023178317270492764,0.023178317270492764
onestep_50_002,PS-onestep-01.xlsx,train,single_step,50.0,0.4998,nan,nan,50-60 C,10-100 s,-0.520707019373494,-0.6974135173711881,-0.1767064979976941,0.1767064979976941,-1.4408439811601865,-1.5291398817521795,-0.08829590059199299,0.08829590059199299,0.5160535973346317,0.6192378693958155,0.10318427206118375,0.10318427206118375,0.0,-0.005107429237584754,-0.005107429237584754,0.005107429237584754
onestep_50_003,PS-onestep-01.xlsx,train,single_step,50.0,0.7979999999999999,nan,nan,50-60 C,10-100 s,-0.5073926614203073,-0.7052076386939993,-0.19781497727369202,0.19781497727369202,-1.434883955121484,-1.5360505037493666,-0.10116654862788255,0.10116654862788255,0.5028582263058141,0.6228448638337792,0.11998663752796512,0.11998663752796512,0.0,0.0001297795443908345,0.0001297795443908345,0.0001297795443908345
onestep_50_004,PS-onestep-01.xlsx,train,single_step,50.0,1.0002,nan,nan,50-60 C,10-100 s,-0.5488230812738603,-0.708977151262465,-0.1601540699886047,0.1601540699886047,-1.4558883575622514,-1.5393869732238583,-0.08349861566160688,0.08349861566160688,0.5439183933652761,0.6246067273931607,0.08068833402788456,0.08068833402788456,0.0,0.0026503758333708966,0.0026503758333708966,0.0026503758333708966
onestep_50_005,PS-onestep-01.xlsx,train,single_step,50.0,4.998,nan,nan,50-60 C,10-100 s,-0.5875977367626631,-0.7361274271673426,-0.14852969040467945,0.14852969040467945,-1.4898236223200412,-1.5631884021659979,-0.07336477984595668,0.07336477984595668,0.5823465299294485,0.6379917014422766,0.05564517151282811,0.05564517151282811,0.0,0.020313629653847767,0.020313629653847767,0.020313629653847767
onestep_50_006,PS-onestep-01.xlsx,train,single_step,50.0,10.020000000000001,nan,nan,50-60 C,10-100 s,-0.6046419869025406,-0.7482167898832932,-0.14357480298075265,0.14357480298075265,-1.517511038621254,-1.5735183228027667,-0.056007284181512684,0.056007284181512684,0.5992384600769197,0.6447630247559318,0.045524564679012114,0.045524564679012114,0.0,0.02760478035699264,0.02760478035699264,0.02760478035699264
onestep_50_007,PS-onestep-01.xlsx,train,single_step,50.0,49.98,nan,nan,50-60 C,10-100 s,-0.5609203868021799,-0.7787966291312263,-0.21787624232904634,0.21787624232904634,-1.4938796188107342,-1.597685871928275,-0.10380625311754077,0.10380625311754077,0.5559075884474872,0.6678237425211198,0.11191615407363253,0.11191615407363253,0.0,0.04185118501236097,0.04185118501236097,0.04185118501236097
onestep_50_008,PS-onestep-01.xlsx,train,single_step,50.0,100.02,nan,nan,50-60 C,100-600 s,-0.5663746478041252,-0.7947770284869636,-0.22840238068283847,0.22840238068283847,-1.4644937892936536,-1.6084342989659635,-0.14394050967230987,0.14394050967230987,0.5613131061496346,0.6855633115928883,0.12425020544325371,0.12425020544325371,0.0,0.04527238907415314,0.04527238907415314,0.04527238907415314
onestep_50_009,PS-onestep-01.xlsx,train,single_step,50.0,499.98,nan,nan,50-60 C,100-600 s,-0.8294973064588378,-0.8528789148752574,-0.023381608416419564,0.023381608416419564,-1.6055705790103603,-1.6357537895287295,-0.030183210518369252,0.030183210518369252,0.822084306627,0.7856246089106241,-0.036459697716375916,0.036459697716375916,0.0,0.03255572697086048,0.03255572697086048,0.03255572697086048
onestep_50_010,PS-onestep-01.xlsx,train,single_step,50.0,1000.0200000000001,nan,nan,50-60 C,>600 s,-1.0090173231286377,-0.8999234248928234,0.10909389823581428,0.10909389823581428,-1.7457682772248067,-1.6500218746193094,0.09574640260549727,0.09574640260549727,1.0,0.8903893891229171,-0.1096106108770829,0.1096106108770829,0.0,0.005461764269843947,0.005461764269843947,0.005461764269843947
onestep_50_011,PS-onestep-01.xlsx,train,single_step,50.0,0.1002,nan,nan,50-60 C,10-100 s,-0.8240238029314154,-0.6707288591160584,0.15329494381535702,0.15329494381535702,-1.6581077045822985,-1.5054144589545853,0.15269324562771325,0.15269324562771325,0.816659718364778,0.6070869979659016,-0.20957272039887642,0.20957272039887642,0.0,-0.023178317270492764,-0.023178317270492764,0.023178317270492764
onestep_50_012,PS-onestep-01.xlsx,train,single_step,50.0,0.4998,nan,nan,50-60 C,10-100 s,-0.8293450325219943,-0.6974135173711881,0.13193151515080626,0.13193151515080626,-1.6647023114136354,-1.5291398817521795,0.13556242966145593,0.13556242966145593,0.8219333935223853,0.6192378693958155,-0.20269552412656977,0.20269552412656977,0.0,-0.005107429237584754,-0.005107429237584754,0.005107429237584754
onestep_50_013,PS-onestep-01.xlsx,train,single_step,50.0,0.7979999999999999,nan,nan,50-60 C,10-100 s,-0.8796602154997852,-0.7052076386939993,0.17445257680578596,0.17445257680578596,-1.6693160556736384,-1.5360505037493666,0.1332655519242718,0.1332655519242718,0.8717989229087191,0.6228448638337792,-0.24895405907493984,0.24895405907493984,0.0,0.0001297795443908345,0.0001297795443908345,0.0001297795443908345
onestep_50_014,PS-onestep-01.xlsx,train,single_step,50.0,1.0002,nan,nan,50-60 C,10-100 s,-0.8143467128479899,-0.708977151262465,0.1053695615855249,0.1053695615855249,-1.6191819033369619,-1.5393869732238583,0.07979493011310357,0.07979493011310357,0.8070691098969075,0.6246067273931607,-0.1824623825037468,0.1824623825037468,0.0,0.0026503758333708966,0.0026503758333708966,0.0026503758333708966
onestep_50_015,PS-onestep-01.xlsx,train,single_step,50.0,4.998,nan,nan,50-60 C,10-100 s,-0.7864371718630557,-0.7361274271673426,0.05030974469571314,0.05030974469571314,-1.6397309670046971,-1.5631884021659979,0.07654256483869926,0.07654256483869926,0.7794089891584491,0.6379917014422766,-0.14141728771617257,0.14141728771617257,0.0,0.020313629653847767,0.020313629653847767,0.020313629653847767
onestep_50_016,PS-onestep-01.xlsx,train,single_step,50.0,10.020000000000001,nan,nan,50-60 C,10-100 s,-0.7733395315373478,-0.7482167898832932,0.025122741654054592,0.025122741654054592,-1.5804653988214141,-1.5735183228027667,0.006947076018647413,0.006947076018647413,0.7664283990085234,0.6447630247559318,-0.12166537425259161,0.12166537425259161,0.0,0.02760478035699264,0.02760478035699264,0.02760478035699264
onestep_50_017,PS-onestep-01.xlsx,train,single_step,50.0,49.98,nan,nan,50-60 C,10-100 s,-0.680142768647866,-0.7787966291312263,-0.09865386048336022,0.09865386048336022,-1.56321670814782,-1.597685871928275,-0.03446916378045484,0.03446916378045484,0.6740645111413572,0.6678237425211198,-0.00624076862023748,0.00624076862023748,0.0,0.04185118501236097,0.04185118501236097,0.04185118501236097
onestep_50_018,PS-onestep-01.xlsx,train,single_step,50.0,100.02,nan,nan,50-60 C,100-600 s,-0.6351098191396469,-0.7947770284869636,-0.1596672093473167,0.1596672093473167,-1.5097219717509676,-1.6084342989659635,-0.0987123272149959,0.0987123272149959,0.6294340092897275,0.6855633115928883,0.05612930230316082,0.05612930230316082,0.0,0.04527238907415314,0.04527238907415314,0.04527238907415314
onestep_50_019,PS-onestep-01.xlsx,train,single_step,50.0,499.98,nan,nan,50-60 C,100-600 s,-0.7951180290291997,-0.8528789148752574,-0.05776088584605765,0.05776088584605765,-1.5335707514985149,-1.6357537895287295,-0.10218303803021467,0.10218303803021467,0.7880122677812853,0.7856246089106241,-0.002387658870661169,0.002387658870661169,0.0,0.03255572697086048,0.03255572697086048,0.03255572697086048
onestep_50_020,PS-onestep-01.xlsx,train,single_step,50.0,1000.0200000000001,nan,nan,50-60 C,>600 s,-0.9235142154004348,-0.8999234248928234,0.02359079050761137,0.02359079050761137,-1.6345068187082592,-1.6500218746193094,-0.01551505591105018,0.01551505591105018,0.9152610111161568,0.8903893891229171,-0.024871621993239668,0.024871621993239668,0.0,0.005461764269843947,0.005461764269843947,0.005461764269843947
onestep_70_001,PS-onestep-02.xlsx,train,single_step,70.0,0.1002,nan,nan,65-75 C,10-100 s,-0.7966935116612369,-0.670723960893902,0.12596955076733496,0.12596955076733496,-1.5438750907811665,-1.505424471448921,0.03845061933224536,0.03845061933224536,0.62716573623111,0.6070427402720694,-0.020122995959040657,0.020122995959040657,0.0,-0.023172858334896664,-0.023172858334896664,0.023172858334896664
onestep_70_002,PS-onestep-02.xlsx,train,single_step,70.0,0.4998,nan,nan,65-75 C,10-100 s,-0.6243630240646575,-0.6973927113995761,-0.07302968733491866,0.07302968733491866,-1.421602431481474,-1.5291824094199487,-0.10757997793847474,0.10757997793847474,0.4915053153206764,0.6190498835841564,0.12754456826347998,0.12754456826347998,0.0,-0.005084241668938158,-0.005084241668938158,0.005084241668938158
onestep_70_003,PS-onestep-02.xlsx,train,single_step,70.0,0.7979999999999999,nan,nan,65-75 C,10-100 s,-0.6319833942832508,-0.7051759369275874,-0.07319254264433661,0.07319254264433661,-1.428035361209156,-1.5361153004902868,-0.10807993928113069,0.10807993928113069,0.4975041530525567,0.6225584384729136,0.1250542854203569,0.1250542854203569,0.0,0.00016510998961530993,0.00016510998961530993,0.00016510998961530993
onestep_70_004,PS-onestep-02.xlsx,train,single_step,70.0,1.0002,nan,nan,65-75 C,10-100 s,-0.478975095347575,-0.7089383035684781,-0.2299632082209031,0.2299632082209031,-1.335103606548201,-1.539466374202199,-0.20436276765399808,0.20436276765399808,0.37705436772498796,0.6242557434020233,0.24720137567703532,0.24720137567703532,0.0,0.002693670048239158,0.002693670048239158,0.002693670048239158
onestep_70_005,PS-onestep-02.xlsx,train,single_step,70.0,4.998,nan,nan,65-75 C,10-100 s,-0.7333817275391769,-0.7359621116104287,-0.002580384071251829,0.002580384071251829,-1.539400927422146,-1.5635261662750644,-0.024125238852918285,0.024125238852918285,0.577326016037806,0.6364984578600937,0.05917244182228776,0.05917244182228776,0.0,0.020497859600802165,0.020497859600802165,0.020497859600802165
onestep_70_006,PS-onestep-02.xlsx,train,single_step,70.0,10.020000000000001,nan,nan,65-75 C,10-100 s,-0.7044050165363472,-0.7479075445630158,-0.04350252802666854,0.04350252802666854,-1.5394422038389917,-1.5741498906647922,-0.0347076868258005,0.0347076868258005,0.5545152362038499,0.641970477459629,0.08745524125577908,0.08745524125577908,0.0,0.027949391280469638,0.027949391280469638,0.027949391280469638
onestep_70_007,PS-onestep-02.xlsx,train,single_step,70.0,49.98,nan,nan,65-75 C,10-100 s,-0.8394498285695455,-0.7774804641141577,0.06196936445538781,0.06196936445538781,-1.5742699797355908,-1.6003659798985312,-0.026096000162940447,0.026096000162940447,0.6608239706460178,0.6559612770254653,-0.004862693620552583,0.004862693620552583,0.0,0.04331738381503822,0.04331738381503822,0.04331738381503822
onestep_70_008,PS-onestep-02.xlsx,train,single_step,70.0,100.02,nan,nan,65-75 C,100-600 s,-0.827659820168,-0.7923140709095927,0.03534574925840728,0.03534574925840728,-1.5842530592966917,-1.6134329911148828,-0.029179931818191118,0.029179931818191118,0.6515427487067204,0.6634129740085501,0.011870225301829795,0.011870225301829795,0.0,0.04801508504953923,0.04801508504953923,0.04801508504953923
onestep_70_009,PS-onestep-02.xlsx,train,single_step,70.0,499.98,nan,nan,65-75 C,100-600 s,-0.9789771119807351,-0.8422314934064359,0.13674561857429923,0.13674561857429923,-1.7241579900599213,-1.6568706973027305,0.06728729275719081,0.06728729275719081,0.7706613549651641,0.6912914936531477,-0.0793698613120164,0.0793698613120164,0.0,0.04438219870162753,0.04438219870162753,0.04438219870162753
onestep_70_010,PS-onestep-02.xlsx,train,single_step,70.0,1000.0200000000001,nan,nan,65-75 C,>600 s,-1.125506835463006,-0.8797070454572989,0.24579979000570706,0.24579979000570706,-1.863931198497295,-1.6891019406931747,0.1748292578041204,0.1748292578041204,0.8860111357307637,0.714210573913017,-0.17180056181774672,0.17180056181774672,0.0,0.027854462097591237,0.027854462097591237,0.027854462097591237
onestep_70_011,PS-onestep-02.xlsx,train,single_step,70.0,0.1002,nan,nan,65-75 C,10-100 s,-0.7850734253855832,-0.670723960893902,0.11434946449168126,0.11434946449168126,-1.5800428509229327,-1.505424471448921,0.07461837947401162,0.07461837947401162,0.61801827882438,0.6070427402720694,-0.010975538552310593,0.010975538552310593,0.0,-0.023172858334896664,-0.023172858334896664,0.023172858334896664
onestep_70_012,PS-onestep-02.xlsx,train,single_step,70.0,0.4998,nan,nan,65-75 C,10-100 s,-0.7568910286839607,-0.6973927113995761,0.059498317284384594,0.059498317284384594,-1.5517507984448693,-1.5291824094199487,0.022568389024920643,0.022568389024920643,0.5958327917864914,0.6190498835841564,0.023217091797664957,0.023217091797664957,0.0,-0.005084241668938158,-0.005084241668938158,0.005084241668938158
onestep_70_013,PS-onestep-02.xlsx,train,single_step,70.0,0.7979999999999999,nan,nan,65-75 C,10-100 s,-0.9334798555943924,-0.7051759369275874,0.228303918666805,0.228303918666805,-1.672036867484469,-1.5361153004902868,0.13592156699418223,0.13592156699418223,0.7348454233925101,0.6225584384729136,-0.11228698491959654,0.11228698491959654,0.0,0.00016510998961530993,0.00016510998961530993,0.00016510998961530993
onestep_70_014,PS-onestep-02.xlsx,train,single_step,70.0,1.0002,nan,nan,65-75 C,10-100 s,-0.9227280620124889,-0.7089383035684781,0.21378975844401082,0.21378975844401082,-1.6631053502503566,-1.539466374202199,0.12363897604815755,0.12363897604815755,0.7263814953713834,0.6242557434020233,-0.10212575196936013,0.10212575196936013,0.0,0.002693670048239158,0.002693670048239158,0.002693670048239158
onestep_70_015,PS-onestep-02.xlsx,train,single_step,70.0,4.998,nan,nan,65-75 C,10-100 s,-0.9301800342016968,-0.7359621116104287,0.19421792259126813,0.19421792259126813,-1.64205538290457,-1.5635261662750644,0.07852921662950574,0.07852921662950574,0.7322477683559255,0.6364984578600937,-0.0957493104958318,0.0957493104958318,0.0,0.020497859600802165,0.020497859600802165,0.020497859600802165
onestep_70_016,PS-onestep-02.xlsx,train,single_step,70.0,10.020000000000001,nan,nan,65-75 C,10-100 s,-0.9430557223114568,-0.7479075445630158,0.19514817774844107,0.19514817774844107,-1.6504144574009996,-1.5741498906647922,0.0762645667362074,0.0762645667362074,0.7423836490862729,0.641970477459629,-0.10041317162664387,0.10041317162664387,0.0,0.027949391280469638,0.027949391280469638,0.027949391280469638
onestep_70_017,PS-onestep-02.xlsx,train,single_step,70.0,49.98,nan,nan,65-75 C,10-100 s,-0.8614175643631631,-0.7774804641141577,0.08393710024900536,0.08393710024900536,-1.5970664648854016,-1.6003659798985312,-0.003299515013129639,0.003299515013129639,0.678117209502208,0.6559612770254653,-0.022155932476742746,0.022155932476742746,0.0,0.04331738381503822,0.04331738381503822,0.04331738381503822
onestep_70_018,PS-onestep-02.xlsx,train,single_step,70.0,100.02,nan,nan,65-75 C,100-600 s,-0.9413133063059785,-0.7923140709095927,0.14899923539638582,0.14899923539638582,-1.6719487984771646,-1.6134329911148828,0.05851580736228179,0.05851580736228179,0.7410120003896266,0.6634129740085501,-0.07759902638107641,0.07759902638107641,0.0,0.04801508504953923,0.04801508504953923,0.04801508504953923
onestep_70_019,PS-onestep-02.xlsx,train,single_step,70.0,499.98,nan,nan,65-75 C,100-600 s,-1.0583285039960688,-0.8422314934064359,0.21609701058963293,0.21609701058963293,-1.7999554846708992,-1.6568706973027305,0.14308478736816865,0.14308478736816865,0.8331276277109894,0.6912914936531477,-0.14183613405784168,0.14183613405784168,0.0,0.04438219870162753,0.04438219870162753,0.04438219870162753
onestep_70_020,PS-onestep-02.xlsx,train,single_step,70.0,1000.0200000000001,nan,nan,65-75 C,>600 s,-1.270307776137273,-0.8797070454572989,0.39060073067997403,0.39060073067997403,-1.9590427440390392,-1.6891019406931747,0.26994080334586457,0.26994080334586457,1.0,0.714210573913017,-0.285789426086983,0.285789426086983,0.0,0.027854462097591237,0.027854462097591237,0.027854462097591237
single_eig_01_001,ps-single-01.xlsx,train,single_step,100.0,300.0,nan,nan,95-100 C,100-600 s,-1.1603950731139836,-1.016693980206834,0.1437010929071496,0.1437010929071496,-1.980663715585147,-1.9062204258593338,0.07444328972581316,0.07444328972581316,1.0,0.905388235831651,-0.09461176416834904,0.09461176416834904,0.0,0.02421232585456322,0.02421232585456322,0.02421232585456322
single_eig_01_002,ps-single-01.xlsx,test,single_step,90.0,300.0,nan,nan,80-90 C,100-600 s,-1.0089552870423755,-1.0962837354642956,-0.08732844842192011,0.08732844842192011,-1.8385681259459918,-1.8986155182179096,-0.0600473922719178,0.0600473922719178,1.0,0.8914634351078422,-0.1085365648921578,0.1085365648921578,0.0,-0.16564749807587548,-0.16564749807587548,0.16564749807587548
single_eig_01_003,ps-single-01.xlsx,train,single_step,100.0,30.0,nan,nan,95-100 C,10-100 s,-0.7051023368730913,-0.8308938438427166,-0.12579150696962527,0.12579150696962527,-1.588012932058568,-1.676636860554626,-0.08862392849605794,0.08862392849605794,0.6076398919730939,0.7230509344397184,0.11541104246662448,0.11541104246662448,0.0,0.027946996275789643,0.027946996275789643,0.027946996275789643
single_eig_01_004,ps-single-01.xlsx,train,single_step,100.0,100.02,nan,nan,95-100 C,100-600 s,-0.8746794374657014,-0.9298582463450722,-0.055178808879370767,0.055178808879370767,-1.788552970547513,-1.799082079618001,-0.010529109070487985,0.010529109070487985,0.7537772761465208,0.8204176925687393,0.06664041642221852,0.06664041642221852,0.0,0.02563218874910271,0.02563218874910271,0.02563218874910271
kovacs_eig_01_001,ps-kovacs-01.xlsx,train,single_step,95.0,100.02,nan,nan,95-100 C,100-600 s,-1.0929402877272407,-0.9599109824521862,0.13302930527505452,0.13302930527505452,-1.882389769508137,-1.7866105377150436,0.09577923179309344,0.09577923179309344,1.0,0.8064156376294698,-0.19358436237053023,0.19358436237053023,0.0,-0.060822030257766196,-0.060822030257766196,0.060822030257766196
kovacs_eig_01_002,ps-kovacs-01.xlsx,train,two_step,65.0,10.000020000000001,100.0,1200.0,65-75 C,10-100 s,-1.0348745117784686,-1.070715657914752,-0.03584114613628353,0.03584114613628353,-1.8937568826751487,-1.8896157178009132,0.004141164874235548,0.004141164874235548,0.8182921801359746,0.8614392037058949,0.043147023569920284,0.043147023569920284,0.12552056133551504,0.0139156413294379,-0.11160492000607714,0.11160492000607714
kovacs_eig_01_003,ps-kovacs-01.xlsx,train,two_step,50.0,10.000020000000001,80.0,1800.0,50-60 C,10-100 s,-1.3494640141366285,-1.3965942845591561,-0.0471302704225276,0.0471302704225276,-2.0965362600141484,-2.1250107393948285,-0.02847447938068015,0.02847447938068015,1.0,0.9879826469237036,-0.012017353076296367,0.012017353076296367,-0.22395717867362253,-0.2831563474759446,-0.059199168802322066,0.059199168802322066
kovacs_eig_01_004,ps-kovacs-01.xlsx,train,two_step,50.0,10.000020000000001,100.0,10.000020000000001,50-60 C,10-100 s,-0.9448983335947144,-0.7331291295648618,0.21176920402985266,0.21176920402985266,-1.733195786910836,-1.5975110485987398,0.13568473831209626,0.13568473831209626,0.7002026906210237,0.5827488956241087,-0.117453794996915,0.117453794996915,-0.2397959967216231,0.03880695579894147,0.27860295252056455,0.27860295252056455
kovacs_eig_01_005,ps-kovacs-01.xlsx,train,two_step,50.0,1800.0,100.0,10.000020000000001,50-60 C,>600 s,-1.0979280042202304,-1.0697664244131082,0.028161579807122195,0.028161579807122195,-1.817888413755372,-1.7979925587378855,0.019895855017486364,0.019895855017486364,0.8136030251408164,0.7766226710410687,-0.03698035409974765,0.03698035409974765,-0.3928256673471391,-0.38661549511213267,0.006210172235006417,0.006210172235006417
kovacs_eig_01_006,ps-kovacs-01.xlsx,train,two_step,55.0,600.0,90.0,300.0,50-60 C,100-600 s,-1.1977614957632745,-1.171549483419047,0.026212012344227542,0.026212012344227542,-1.9082959692093322,-1.9054827053295664,0.0028132638797657705,0.0028132638797657705,1.0,0.9111073449721157,-0.08889265502788435,0.08889265502788435,-0.18880620872089904,-0.22787837661385058,-0.03907216789295154,0.03907216789295154
kovacs_eig_01_007,ps-kovacs-01.xlsx,train,two_step,50.0,10.000020000000001,70.0,1800.0,50-60 C,10-100 s,-1.193298130178259,-1.0898283895309344,0.10346974064732462,0.10346974064732462,-1.9742909268451183,-1.8624225458782246,0.11186838096689367,0.11186838096689367,0.8842756217858224,0.8080431279853284,-0.07623249380049402,0.07623249380049402,-0.06779129471525303,-0.020871497899234308,0.04691979681601872,0.04691979681601872
kovacs_eig_01_008,ps-kovacs-01.xlsx,train,two_step,50.0,10.000020000000001,100.0,1800.0,50-60 C,10-100 s,-0.9209352116157631,-1.0657011169281478,-0.14476590531238476,0.14476590531238476,-1.8161675737894751,-1.9029884940543653,-0.08682092026489019,0.08682092026489019,0.6824451796922993,0.8777087792814166,0.1952635995891172,0.1952635995891172,0.23945986149822052,0.11923796301178644,-0.12022189848643408,0.12022189848643408
kovacs_eig_01_009,ps-kovacs-01.xlsx,train,two_step,50.0,10.000020000000001,85.0,60.0,50-60 C,10-100 s,-0.7478574994172109,-0.8319684795911506,-0.0841109801739397,0.0841109801739397,-1.6315597342153063,-1.6750651268991485,-0.04350539268384224,0.04350539268384224,0.5541885456617245,0.6190614181514075,0.06487287248968299,0.06487287248968299,-0.03052327631189189,-0.012362650453875593,0.018160625858016297,0.018160625858016297
kovacs_eig_01_010,ps-kovacs-01.xlsx,test,two_step,75.0,10.000020000000001,100.0,1800.0,65-75 C,10-100 s,-1.0508807941658473,-1.0868869876398013,-0.03600619347395395,0.03600619347395395,-1.9177149893321301,-1.9177476478381679,-3.265850603773046e-05,3.265850603773046e-05,1.0,0.8693056018389818,-0.13069439816101824,0.13069439816101824,0.10951427894813626,0.04225255997427298,-0.06726171897386328,0.06726171897386328
kovacs_eig_03_001,ps-kovacs-03.xlsx,train,two_step,50.0,10.000020000000001,65.0,1200.0,50-60 C,10-100 s,-0.9766531124625322,-1.0031101529565054,-0.02645704049397324,0.02645704049397324,-1.756735708550484,-1.7884692069632393,-0.0317334984127553,0.0317334984127553,0.7237340916329537,0.748251729617683,0.02451763798472939,0.02451763798472939,0.14885372300047384,0.011095920625722788,-0.13775780237475105,0.13775780237475105
kovacs_eig_03_002,ps-kovacs-03.xlsx,train,two_step,50.0,10.000020000000001,75.0,10.000020000000001,50-60 C,10-100 s,-0.7054400065972599,-0.6648508843500693,0.04058912224719058,0.04058912224719058,-1.5364627714938504,-1.5710847906680554,-0.03462201917420504,0.03462201917420504,0.5227557009355246,0.4528825008105688,-0.06987320012495579,0.06987320012495579,-0.0010349900609126772,0.04929406747525637,0.05032905753616905,0.05032905753616905
kovacs_eig_03_003,ps-kovacs-03.xlsx,train,two_step,65.0,10.000020000000001,65.0,1800.0,65-75 C,10-100 s,-1.2282772065476173,-1.0683205557634063,0.15995665078421095,0.15995665078421095,-1.9072257866189468,-1.8200215742097983,0.08720421240914855,0.08720421240914855,0.9712188499356239,0.7848372501064752,-0.1863815998291487,0.1863815998291487,-0.10277037108461129,-0.08237681352279973,0.020393557561811562,0.020393557561811562
kovacs_eig_03_004,ps-kovacs-03.xlsx,train,two_step,85.0,10.000020000000001,100.0,1200.0,80-90 C,10-100 s,-1.134523977976264,-1.0250130109402051,0.10951096703605878,0.10951096703605878,-1.9859282590715772,-1.936686374020245,0.04924188505133231,0.04924188505133231,1.0,0.8079202260793905,-0.1920797739206095,0.1920797739206095,0.02587109513771968,0.1500218465953272,0.12415075145760751,0.12415075145760751
kovacs_eig_04_001,ps-kovacs-04.xlsx,test,two_step,75.0,10.000020000000001,100.0,10.000020000000001,65-75 C,10-100 s,-0.9057661155393337,-0.7283514837136864,0.17741463182564732,0.17741463182564732,-1.7311784953547902,-1.6022758701007218,0.12890262525406837,0.12890262525406837,0.8619113800231732,0.5317852150226146,-0.3301261650005587,0.3301261650005587,-0.2006637786662424,0.013859263045753953,0.21452304171199638,0.21452304171199638
kovacs_eig_04_002,ps-kovacs-04.xlsx,test,two_step,50.0,100.0002,70.0,60.0,50-60 C,100-600 s,-0.7669461678755922,-0.6790138521124003,0.08793231576319194,0.08793231576319194,-1.6111502049293611,-1.5920370445345664,0.019113160394794715,0.019113160394794715,0.5683339161632076,0.45209763835306205,-0.11623627781014556,0.11623627781014556,0.07250366069395331,0.08650775462705809,0.014004093933104783,0.014004093933104783
kovacs_eig_04_003,ps-kovacs-04.xlsx,test,two_step,65.0,10.000020000000001,85.0,600.0,65-75 C,10-100 s,-1.2646760373617463,-1.2464221070666521,0.018253930295094145,0.018253930295094145,-1.984249498035962,-1.9940847916289428,-0.009835293592980854,0.009835293592980854,1.0,0.8804505389528086,-0.11954946104719144,0.11954946104719144,-0.2557207503193708,-0.278309357968918,-0.022588607649547177,0.022588607649547177
kovacs_eig_04_004,ps-kovacs-04.xlsx,test,two_step,50.0,10.000020000000001,70.0,300.0,50-60 C,10-100 s,-0.7373120583218562,-0.9121315451392732,-0.174819486817417,0.174819486817417,-1.6103018579761605,-1.7226788329893876,-0.11237697501322708,0.11237697501322708,0.5463740052331666,0.6727534251204307,0.1263794198872641,0.1263794198872641,-0.00018221590335865123,-0.014961851974913933,-0.014779636071555281,0.014779636071555281
hs_01_001,ps-hs-01.xlsx,train,single_step,70.0,300.0,nan,nan,65-75 C,100-600 s,-0.7371298424184975,-0.8226008162083589,-0.08547097378986135,0.08547097378986135,-1.5839754244554178,-1.6398782470276356,-0.05590282257221779,0.05590282257221779,0.5802765725483847,0.6798563668482599,0.09957979429987518,0.09957979429987518,0.0,0.04908212878544284,0.04908212878544284,0.04908212878544284
hs_01_002,ps-hs-01.xlsx,train,single_step,90.0,100.0002,nan,nan,80-90 C,100-600 s,-0.717334223105319,-0.9102218402531161,-0.19288761714779712,0.19288761714779712,-1.623783110080123,-1.724799447628041,-0.10101633754791806,0.10101633754791806,0.7109673067952231,0.7544848801722248,0.043517573377001684,0.043517573377001684,0.0,-0.04465712765191434,-0.04465712765191434,0.04465712765191434
hs_01_003,ps-hs-01.xlsx,train,single_step,95.0,100.02,nan,nan,95-100 C,100-600 s,-0.7498996205467738,-0.9599109824521862,-0.21001136190541236,0.21001136190541236,-1.638982053254778,-1.7866105377150436,-0.14762848446026555,0.14762848446026555,0.6861304583310615,0.8064156376294698,0.12028517929840832,0.12028517929840832,0.0,-0.060822030257766196,-0.060822030257766196,0.060822030257766196
kovacs_80_to_90_001,pskovacs.xlsx,train,two_step,80.0,49.98,90.0,0.1002,80-90 C,10-100 s,-0.43107793286096485,-0.4904550245465822,-0.059377091685617334,0.059377091685617334,-1.4669738389378029,-1.4737096444097264,-0.006735805471923539,0.006735805471923539,0.27370844782473325,0.32553602709684787,0.05182757927211462,0.05182757927211462,0.36561557880027207,0.14539491683614056,-0.2202206619641315,0.2202206619641315
kovacs_80_to_90_002,pskovacs.xlsx,train,two_step,80.0,49.98,90.0,0.4998,80-90 C,10-100 s,-0.5004594241511179,-0.5741901854527744,-0.07373076130165657,0.07373076130165657,-1.459166987230859,-1.5177866461815006,-0.058619658950641584,0.058619658950641584,0.3177615037600227,0.40676578773247923,0.08900428397245652,0.08900428397245652,0.12390359991353961,0.10256323389023855,-0.021340366023301055,0.021340366023301055
kovacs_80_to_90_003,pskovacs.xlsx,train,two_step,80.0,49.98,90.0,0.7979999999999999,80-90 C,10-100 s,-0.47254776430390805,-0.5960044669508662,-0.12345670264695813,0.12345670264695813,-1.4915875845343378,-1.5299608954731765,-0.03837331093883867,0.03837331093883867,0.30003928577895117,0.42495402571380075,0.12491473993484958,0.12491473993484958,0.15943562997934274,0.09054603688772547,-0.06888959309161727,0.06888959309161727
kovacs_80_to_90_004,pskovacs.xlsx,train,two_step,80.0,49.98,90.0,1.0002,80-90 C,10-100 s,-0.505291845320093,-0.6059008013571048,-0.10060895603701181,0.10060895603701181,-1.5075823210034065,-1.5356614937347193,-0.028079172731312774,0.028079172731312774,0.32082979929678856,0.4324059902924708,0.11157619099568222,0.11157619099568222,0.21204237778522605,0.08488360419700688,-0.12715877358821917,0.12715877358821917
kovacs_80_to_90_005,pskovacs.xlsx,train,two_step,80.0,49.98,90.0,4.998,80-90 C,10-100 s,-0.555097865261066,-0.6616161615487396,-0.10651829628767362,0.10651829628767362,-1.5044589498514893,-1.5709320657130703,-0.066473115861581,0.066473115861581,0.3524536133943853,0.456500153583121,0.10404654018873571,0.10404654018873571,0.16223635784425305,0.05018911581031238,-0.11204724203394067,0.11204724203394067
kovacs_80_to_90_006,pskovacs.xlsx,train,two_step,80.0,49.98,90.0,10.020000000000001,80-90 C,10-100 s,-0.5759058693140657,-0.6888273247465859,-0.11292145543252019,0.11292145543252019,-1.5606705424498715,-1.5911705094835549,-0.030499967033683406,0.030499967033683406,0.3656654390470666,0.465509157102745,0.09984371805567838,0.09984371805567838,0.1414283537912533,0.033235503567720634,-0.10819285022353266,0.10819285022353266
kovacs_80_to_90_007,pskovacs.xlsx,train,two_step,80.0,49.98,90.0,49.98,80-90 C,10-100 s,-0.6829876298758301,-0.8037452398842877,-0.12075761000845764,0.12075761000845764,-1.61894611004148,-1.677823454321329,-0.05887734427984914,0.05887734427984914,0.43365588866062477,0.5419863963210967,0.10833050766047192,0.10833050766047192,0.034346593229488964,-0.02431823077769292,-0.058664824007181884,0.058664824007181884
kovacs_80_to_90_008,pskovacs.xlsx,train,two_step,80.0,49.98,90.0,100.02,80-90 C,10-100 s,-0.7395259120880413,-0.8886615480771801,-0.14913563598913882,0.14913563598913882,-1.6663848600965965,-1.7446217282904202,-0.0782368681938237,0.0782368681938237,0.4695542826337911,0.6042257333121822,0.1346714506783911,0.1346714506783911,-0.02219168898272228,-0.06528187161987929,-0.04309018263715701,0.04309018263715701
kovacs_80_to_90_009,pskovacs.xlsx,train,two_step,80.0,49.98,90.0,499.98,80-90 C,10-100 s,-1.1409172062672797,-1.2261451412002033,-0.08522793493292369,0.08522793493292369,-1.9706512586640845,-2.0369442788295875,-0.06629302016550298,0.06629302016550298,0.7244135081362819,0.8207066773026456,0.09629316916636366,0.09629316916636366,-0.1319619192249042,-0.25417898318536924,-0.12221706396046506,0.12221706396046506
kovacs_80_to_90_010,pskovacs.xlsx,train,two_step,80.0,49.98,90.0,1000.0200000000001,80-90 C,10-100 s,-1.4520779412940008,-1.4165422332137743,0.03553570808022655,0.03553570808022655,-2.260744052237382,-2.213525017489525,0.047219034747856714,0.047219034747856714,0.9219817790123416,0.9345889823740847,0.012607203361743147,0.012607203361743147,-0.44312265425162534,-0.36137996097209146,0.08174269327953387,0.08174269327953387
kovacs_80_to_90_011,pskovacs.xlsx,train,two_step,80.0,499.98,90.0,0.1002,80-90 C,100-600 s,-0.8672824372822605,-0.7906324337091027,0.07665000357315777,0.07665000357315777,-1.7983458825121397,-1.75833697194279,0.04000891056934974,0.04000891056934974,0.5506719589163982,0.46401444771848266,-0.08665751119791554,0.08665751119791554,-0.07058892562102359,-0.16230621130462403,-0.09171728568360044,0.09171728568360044
kovacs_80_to_90_012,pskovacs.xlsx,train,two_step,80.0,499.98,90.0,0.4998,80-90 C,100-600 s,-0.8745292435709252,-0.8802244987179318,-0.005695255147006639,0.005695255147006639,-1.8083779093451169,-1.803143749242934,0.0052341601021828055,0.0052341601021828055,0.5552732431616687,0.5591745057785272,0.003901262616858525,0.003901262616858525,-0.2501662195062677,-0.20486420151026438,0.045302017996003335,0.045302017996003335
kovacs_80_to_90_013,pskovacs.xlsx,train,two_step,80.0,499.98,90.0,0.7979999999999999,80-90 C,100-600 s,-0.8349612827884664,-0.9055026315208307,-0.07054134873236428,0.07054134873236428,-1.78129010628785,-1.8157276493399566,-0.03443754305210667,0.03443754305210667,0.5301499781931283,0.5856607114489185,0.05551073325579026,0.05551073325579026,-0.2029778885052156,-0.2167034961171956,-0.013725607611980023,0.013725607611980023
kovacs_80_to_90_014,pskovacs.xlsx,train,two_step,80.0,499.98,90.0,1.0002,80-90 C,100-600 s,-0.9263781596734751,-0.9174652823488757,0.008912877324599444,0.008912877324599444,-1.819308134572531,-1.8216643095568037,-0.002356174984272652,0.002356174984272652,0.5881941729193998,0.5980840790249164,0.009889906105516655,0.009889906105516655,-0.20904393656815612,-0.22225437121703892,-0.013210434648882802,0.013210434648882802
kovacs_80_to_90_015,pskovacs.xlsx,train,two_step,80.0,499.98,90.0,4.998,80-90 C,100-600 s,-0.907013810482487,-0.9936371234935255,-0.08662331301103854,0.08662331301103854,-1.8166083193304983,-1.8586158705604048,-0.042007551229906515,0.042007551229906515,0.5758989808991881,0.6730319754080039,0.09713299450881574,0.09713299450881574,-0.18967958737716795,-0.2554146700331418,-0.06573508265597383,0.06573508265597383
kovacs_80_to_90_016,pskovacs.xlsx,train,two_step,80.0,499.98,90.0,10.020000000000001,80-90 C,100-600 s,-0.9646127440642922,-1.0168534773486257,-0.05224073328433354,0.05224073328433354,-1.8502832400702394,-1.8685647324680272,-0.01828149239778787,0.01828149239778787,0.6124708244227131,0.6912791227683479,0.07880829834563485,0.07880829834563485,-0.24727852095897318,-0.262466212598153,-0.015187691639179823,0.015187691639179823
kovacs_80_to_90_017,pskovacs.xlsx,train,two_step,80.0,499.98,90.0,49.98,80-90 C,100-600 s,-1.0356919045869568,-1.015456048503285,0.020235856083671733,0.020235856083671733,-1.858551158392303,-1.8517734770470098,0.006777681345293107,0.006777681345293107,0.6576017977718369,0.6615900146530053,0.003988216881168349,0.003988216881168349,-0.3183576814816378,-0.22892964827443768,0.08942803320720011,0.08942803320720011
kovacs_80_to_90_018,pskovacs.xlsx,train,two_step,80.0,499.98,90.0,100.02,80-90 C,100-600 s,-1.067731707374831,-1.047577756230882,0.020153951143949023,0.020153951143949023,-1.8678197800108083,-1.8768815612815786,-0.009061781270770286,0.009061781270770286,0.6779451371570798,0.6729739022143337,-0.0049712349427460945,0.0049712349427460945,-0.3503974842695119,-0.22898369438376645,0.12141378988574544,0.12141378988574544
kovacs_80_to_90_019,pskovacs.xlsx,train,two_step,80.0,499.98,90.0,499.98,80-90 C,100-600 s,-1.39816464649038,-1.3108915933024563,0.08727305318792378,0.08727305318792378,-2.1123785206478445,-2.116365148992384,-0.003986628344539334,0.003986628344539334,0.8877500934795641,0.8288277663581498,-0.05892232712141432,0.05892232712141432,-0.3892093594480046,-0.3362767301569677,0.052932629291036926,0.052932629291036926
kovacs_80_to_90_020,pskovacs.xlsx,train,two_step,80.0,499.98,90.0,1000.0200000000001,80-90 C,100-600 s,-1.5749529701655454,-1.466271811227144,0.10868115893840136,0.10868115893840136,-2.347723840368177,-2.2750909370848618,0.07263290328331529,0.07263290328331529,1.0,0.8832479340532646,-0.11675206594673537,0.11675206594673537,-0.5659976831231699,-0.4187347774114565,0.1472629057117134,0.1472629057117134
twostep_90_to_80_001,twosteps.xlsx,train,two_step,90.0,49.98,80.0,0.1002,80-90 C,10-100 s,-0.6181911738240923,-0.5042829369959994,0.11390823682809292,0.11390823682809292,-1.569261002770586,-1.4908465025170499,0.07841450025353613,0.07841450025353613,0.4255567761092365,0.3134860263666072,-0.11207074974262926,0.11207074974262926,0.17850233783714464,0.09911325292886705,-0.07938908490827759,0.07938908490827759
twostep_90_to_80_002,twosteps.xlsx,train,two_step,90.0,49.98,80.0,0.4998,80-90 C,10-100 s,-0.5775784788301425,-0.5966084173874697,-0.019029938557327264,0.019029938557327264,-1.5466990414024093,-1.5370173928007946,0.00968164860161469,0.00968164860161469,0.3975993928877624,0.41394702138048667,0.016347628492724253,0.016347628492724253,0.04678454523451503,0.060993874264409415,0.014209329029894385,0.014209329029894385
twostep_90_to_80_003,twosteps.xlsx,train,two_step,90.0,49.98,80.0,0.7979999999999999,80-90 C,10-100 s,-0.5659452724693642,-0.6234522982205908,-0.05750702575122657,0.05750702575122657,-1.5406298601978647,-1.5504749008103804,-0.009845040612515676,0.009845040612515676,0.38959120706381706,0.4431855784176524,0.053594371353835324,0.053594371353835324,0.06603812181388657,0.0501392540944392,-0.015898867719447374,0.015898867719447374
twostep_90_to_80_004,twosteps.xlsx,train,two_step,90.0,49.98,80.0,1.0002,80-90 C,10-100 s,-0.6643395635740381,-0.6363990422531818,0.027940521320856337,0.027940521320856337,-1.55837634193387,-1.556976313371285,0.0014000285625850317,0.0014000285625850317,0.457324877622455,0.4572962347736614,-2.8642848793614117e-05,2.8642848793614117e-05,-0.18536446822646313,0.044975297251667115,0.23033976547813023,0.23033976547813023
twostep_90_to_80_005,twosteps.xlsx,train,two_step,90.0,49.98,80.0,4.998,80-90 C,10-100 s,-0.7158199465516587,-0.7282349599993287,-0.012415013447670042,0.012415013447670042,-1.6306477172909464,-1.6036270509268085,0.027020666364137913,0.027020666364137913,0.4927634712816051,0.5575799775696819,0.06481650628807684,0.06481650628807684,0.01756178098751815,0.011176866936858043,-0.0063849140506601065,0.0063849140506601065
twostep_90_to_80_006,twosteps.xlsx,train,two_step,90.0,49.98,80.0,10.020000000000001,80-90 C,10-100 s,-0.6283984548358714,-0.7674289852100323,-0.1390305303741609,0.1390305303741609,-1.5767591146383537,-1.6243471649463195,-0.04758805030796576,0.04758805030796576,0.4325833688270577,0.6001328286148856,0.16754945978782787,0.16754945978782787,0.07600656170047582,-0.00019306316699941456,-0.07619962486747522,0.07619962486747522
twostep_90_to_80_007,twosteps.xlsx,train,two_step,90.0,49.98,80.0,49.98,80-90 C,10-100 s,-0.7031938790674884,-0.8524582078492188,-0.14926432878173035,0.14926432878173035,-1.6266899153221221,-1.677540892725859,-0.0508509774037369,0.0508509774037369,0.48407180954165585,0.6830532279185827,0.19898141837692684,0.19898141837692684,0.1362559495020571,-0.009215975234463603,-0.1454719247365207,0.1454719247365207
twostep_90_to_80_008,twosteps.xlsx,train,two_step,90.0,49.98,80.0,100.02,80-90 C,10-100 s,-0.747181432056476,-0.8826511598387644,-0.13546972778228838,0.13546972778228838,-1.640884302634818,-1.7052421335811914,-0.06435783094637326,0.06435783094637326,0.5143524120988421,0.7007595681165003,0.18640715601765823,0.18640715601765823,0.08047838811152397,-0.00019024760141210517,-0.08066863571293607,0.08066863571293607
twostep_90_to_80_009,twosteps.xlsx,train,two_step,90.0,49.98,80.0,499.98,80-90 C,10-100 s,-0.9574425980140929,-0.9526114178259686,0.00483118018812434,0.00483118018812434,-1.8304893774114754,-1.8133805080161507,0.017108869395324744,0.017108869395324744,0.659094148497935,0.6899937555755885,0.03089960707765349,0.03089960707765349,0.021534513966642188,0.05188911144856427,0.030354597481922083,0.030354597481922083
twostep_90_to_80_010,twosteps.xlsx,train,two_step,90.0,49.98,80.0,1000.0200000000001,80-90 C,10-100 s,-1.1029075061177083,-1.0880206715951695,0.014886834522538805,0.014886834522538805,-1.9503498543463131,-1.9665057733923472,-0.016155919046034084,0.016155919046034084,0.7592307728154082,0.7529278516009429,-0.006302921214465296,0.006302921214465296,0.022599329345297736,0.001262922150892451,-0.021336407194405285,0.021336407194405285
twostep_90_to_80_011,twosteps.xlsx,train,two_step,90.0,499.98,80.0,0.1002,80-90 C,100-600 s,-1.0605046349431555,-0.863129393975273,0.1973752409678825,0.1973752409678825,-1.9085716988377432,-1.8190636750467868,0.08950802379095646,0.08950802379095646,0.7300410497671256,0.506819014171106,-0.2232220355960196,0.2232220355960196,-0.2638111232819186,-0.2807220872692521,-0.016910963987333494,0.016910963987333494
twostep_90_to_80_012,twosteps.xlsx,train,two_step,90.0,499.98,80.0,0.4998,80-90 C,100-600 s,-1.0051608376611003,-0.9556521045647327,0.04950873309636761,0.04950873309636761,-1.874845098812816,-1.8653123271059577,0.00953277170685829,0.00953277170685829,0.6919429193727628,0.6073953294239399,-0.08454758994882283,0.08454758994882283,-0.3807978135964428,-0.31925494944960575,0.06154286414683707,0.06154286414683707
twostep_90_to_80_013,twosteps.xlsx,train,two_step,90.0,499.98,80.0,0.7979999999999999,80-90 C,100-600 s,-0.9913333037734842,-0.9826250427185221,0.00870826105496203,0.00870826105496203,-1.8611727076085165,-1.8788162116945855,-0.017643504086068962,0.017643504086068962,0.6824241798761203,0.636703702596592,-0.045720477279528215,0.045720477279528215,-0.3593499094902334,-0.3304058972870102,0.02894401220322318,0.02894401220322318
twostep_90_to_80_014,twosteps.xlsx,train,two_step,90.0,499.98,80.0,1.0002,80-90 C,100-600 s,-1.0672621674292992,-0.9956550414090237,0.07160712602027552,0.07160712602027552,-1.9162596514127033,-1.8853460190814197,0.030913632331283525,0.030913632331283525,0.7346928692382252,0.6508590864362669,-0.0838337828019583,0.0838337828019583,-0.5882870720817243,-0.33576680309733065,0.2525202689843936,0.2525202689843936
twostep_90_to_80_015,twosteps.xlsx,train,two_step,90.0,499.98,80.0,4.998,80-90 C,100-600 s,-1.084118711759783,-1.0889235314839723,-0.004804819724189224,0.004804819724189224,-1.906854475686884,-1.9323466912323002,-0.025492215545416252,0.025492215545416252,0.7462967499880081,0.7521210105553761,0.005824260567367956,0.005824260567367956,-0.3507369842206062,-0.3730455282055406,-0.022308543984934426,0.022308543984934426
twostep_90_to_80_016,twosteps.xlsx,train,two_step,90.0,499.98,80.0,10.020000000000001,80-90 C,100-600 s,-1.1195588342516298,-1.1297976578617204,-0.010238823610090542,0.010238823610090542,-1.950460943656326,-1.9532602929627385,-0.0027993493064124575,0.0027993493064124575,0.7706933847365306,0.7964650442382181,0.02577165950168747,0.02577165950168747,-0.4151538177152826,-0.3880420329555274,0.027111784759755175,0.027111784759755175
twostep_90_to_80_017,twosteps.xlsx,train,two_step,90.0,499.98,80.0,49.98,80-90 C,100-600 s,-1.1543538245027392,-1.228550900058549,-0.0741970755558099,0.0741970755558099,-1.9834801672800872,-2.0064682033861017,-0.02298803610601441,0.02298803610601441,0.7946459167411817,0.9028279433709007,0.10818202662971899,0.10818202662971899,-0.3149039959331936,-0.41449907292904853,-0.0995950769958549,0.0995950769958549
twostep_90_to_80_018,twosteps.xlsx,train,two_step,90.0,499.98,80.0,100.02,80-90 C,100-600 s,-1.2172986158849137,-1.2756469437773814,-0.05834832789246769,0.05834832789246769,-2.011872685560302,-2.035106318896921,-0.023233633336618986,0.023233633336618986,0.8379764973571528,0.9506768274075637,0.1127003300504108,0.1127003300504108,-0.38963879571691373,-0.41892154620697664,-0.029282750490062903,0.029282750490062903
twostep_90_to_80_019,twosteps.xlsx,train,two_step,90.0,499.98,80.0,499.98,80-90 C,100-600 s,-1.2941209119688848,-1.4161729369079092,-0.12205202493902445,0.12205202493902445,-2.1225635527165645,-2.149112133861819,-0.0265485811452546,0.0265485811452546,0.8908602168909853,1.031184958793697,0.1403247419027117,0.1403247419027117,-0.3151437999881497,-0.41751473486752955,-0.10237093487937987,0.10237093487937987
twostep_90_to_80_020,twosteps.xlsx,train,two_step,90.0,499.98,80.0,1000.0200000000001,80-90 C,100-600 s,-1.4526643882305574,-1.5091293139422381,-0.056464925711680714,0.056464925711680714,-2.2099385548251513,-2.2425714508724974,-0.032632896047346094,0.032632896047346094,1.0,1.0159226583185599,0.01592265831855988,0.01592265831855988,-0.32715755276755143,-0.4388741524203926,-0.1117165996528412,0.1117165996528412
