sample_id,source_file,mode,T1_C,t1_s,T2_C,t2_s,total_anneal_time_s,curve_rmse_uW,curve_mae_uW,area_error_J_g,tp_error_C,peak_height_error_uW,actual_area_J_g,pred_area_J_g,actual_tp_C,pred_tp_C,actual_peak_height_uW,pred_peak_height_uW,actual_width_C,pred_width_C,n_points_fit
onestep_50_001,PS-onestep-01.xlsx,single_step,50.0,0.1002,nan,nan,0.1002,38.04876346749244,33.35898963851851,0.006745389598641859,-0.4066569294699889,-0.13681753116482298,3.8587097400060273,3.865455129604668,89.574577331543,89.16792040207301,88.30762579026884,88.17080825910402,9.295852255123059,9.097540435346023,3581
onestep_50_002,PS-onestep-01.xlsx,single_step,50.0,0.4998,nan,nan,0.4998,37.0263007956904,32.76583221860131,-0.13236364409015305,-1.0999550494840094,-1.7735606276241072,3.8822594865477154,3.7498958424575624,90.2350006103516,89.1350455608676,87.35488208771744,85.58132146009333,9.696249702854375,9.078927001108744,3580
onestep_50_003,PS-onestep-01.xlsx,single_step,50.0,0.7979999999999999,nan,nan,0.7979999999999999,36.47490255100717,32.276984362445226,-0.1451469305117553,0.7164011879346361,-3.686813931235676,3.868263500000234,3.7231165694884796,88.5074005126953,89.22380170062993,88.54719409606281,84.86038016482713,8.781653609746883,9.126255876356135,3581
onestep_50_004,PS-onestep-01.xlsx,single_step,50.0,1.0002,nan,nan,1.0002,36.1261426887955,32.050836221711954,-0.19949702834377706,0.47599994568790294,-4.483118636915577,3.9083178539883177,3.7088208256445405,88.731559753418,89.2075596991059,89.02695782783326,84.54383919091768,8.876622688431397,9.119144051451933,3581
onestep_50_005,PS-onestep-01.xlsx,single_step,50.0,4.998,nan,nan,4.998,35.44444622932265,31.54007914735138,-0.2799905018104838,-0.2385138517147567,-6.742536463935366,3.9307499979947402,3.650759496184256,89.3824462890625,89.14393243734774,89.82463737097129,83.08210090703592,9.208458565369416,9.090574114587415,3581
onestep_50_006,PS-onestep-01.xlsx,single_step,50.0,10.020000000000001,nan,nan,10.020000000000001,35.69811522732319,31.767690451161716,-0.2640722812727991,-0.23471884926662767,-5.9022148521811175,3.9241292533020733,3.660056972029274,89.3627471923828,89.12802834311617,89.14421973559035,83.24200488340924,9.21264542279739,9.084549016208559,3582
onestep_50_007,PS-onestep-01.xlsx,single_step,50.0,49.98,nan,nan,49.98,37.305017735960455,32.982699745249974,-0.11684928232460251,-0.2928003370254544,-3.655330277733711,3.9503161915444163,3.8334669092198133,89.3784027099609,89.08560237293544,90.47884096051882,86.82351068278511,9.187732061267196,9.077050826985559,3582
onestep_50_008,PS-onestep-01.xlsx,single_step,50.0,100.02,nan,nan,100.02,39.0620075689438,34.21432911755043,0.03314082620020633,0.2954991699034224,-0.3942318986458275,3.9392398963366793,3.9723807225368857,88.7990493774414,89.09454854734483,90.19086692044556,89.79663502179973,8.901183078831242,9.088610783531992,3583
onestep_50_009,PS-onestep-01.xlsx,single_step,50.0,499.98,nan,nan,499.98,42.108226340319554,36.17015986790262,0.3247077573367098,-0.4263474936335854,5.250481999863069,3.881314763998038,4.206022521334748,89.4284286499023,89.00208115626872,89.40829931505385,94.65878131491692,9.201993336144161,9.058645642367711,3583
onestep_50_010,PS-onestep-01.xlsx,single_step,50.0,1000.0200000000001,nan,nan,1000.0200000000001,41.70386528740764,35.873007041322865,0.32595534715211294,-0.3418599535092426,4.698088696816626,3.862131671385001,4.188087018537114,89.3357009887695,88.99384103526026,89.43601559260202,94.13410428941864,9.117817849267206,9.060231454689333,3583
onestep_50_011,PS-onestep-01.xlsx,single_step,50.0,0.1002,nan,nan,0.1002,38.12186531101192,33.567278745578356,-0.06109918403429978,0.19149943606713293,-1.4407283091355083,3.917495380766655,3.856396196732354,89.0562896728516,89.24778910891874,89.43743214725725,87.99670383812175,9.03359151952748,9.137750187745132,3581
onestep_50_012,PS-onestep-01.xlsx,single_step,50.0,0.4998,nan,nan,0.4998,36.6477407222829,32.45249451377684,-0.1679721150922167,0.28664048099733463,-3.769109464475619,3.915859738480056,3.747887623387839,88.9266052246094,89.21324570560674,89.23788750116569,85.46877803669007,8.97671894086487,9.120862831065324,3581
onestep_50_013,PS-onestep-01.xlsx,single_step,50.0,0.7979999999999999,nan,nan,0.7979999999999999,36.29465895500686,32.180882032317776,-0.1885209518632208,0.04210044927643253,-4.327537569084413,3.909562138090315,3.7210411862270933,89.1494369506836,89.19153739996003,89.15726004823392,84.82972247914951,9.08514815398973,9.110686889405233,3582
onestep_50_014,PS-onestep-01.xlsx,single_step,50.0,1.0002,nan,nan,1.0002,36.15897350142895,32.04896994628824,-0.18513141370774622,-0.005502859825327278,-3.698008606412273,3.894608597378257,3.7094771836705114,89.1910629272461,89.18556006742077,88.27771909715568,84.57971049074341,9.10413146780995,9.108101706098372,3581
onestep_50_015,PS-onestep-01.xlsx,single_step,50.0,4.998,nan,nan,4.998,35.43969032310944,31.570711550059205,-0.30623718650019327,-0.3381096336543976,-6.782587387937582,3.9555305233860634,3.6492933368858704,89.4764785766602,89.1383689430058,89.86245102061577,83.07986363267818,9.257529216360078,9.08771603726159,3582
onestep_50_016,PS-onestep-01.xlsx,single_step,50.0,10.020000000000001,nan,nan,10.020000000000001,35.528331951517885,31.566974803877734,-0.25609271123290145,-0.41423288073303866,-5.510731077578555,3.9166560993656456,3.6605633881327435,89.5308685302734,89.11663564954036,88.77758112015198,83.26685004257342,9.287005637016929,9.079601376211206,3582
onestep_50_017,PS-onestep-01.xlsx,single_step,50.0,49.98,nan,nan,49.98,37.64014434578353,33.23961043163303,-0.10933527288841476,0.20229318906490334,-2.6471634134828435,3.943206975483197,3.833871702594783,88.9099807739258,89.1122739629907,89.52498588160432,86.87782246812148,8.975987249654594,9.08910958093332,3582
onestep_50_018,PS-onestep-01.xlsx,single_step,50.0,100.02,nan,nan,100.02,39.22028153940339,34.46768635285451,-0.013851096226646762,-0.48732895306824275,-0.08958777063000412,3.9838797013011127,3.970028605074465,89.5426940917969,89.05536513872866,89.90147134444305,89.81188357381305,9.304618352800716,9.067408027672954,3583
onestep_50_019,PS-onestep-01.xlsx,single_step,50.0,499.98,nan,nan,499.98,42.03670189180934,36.245969520294516,0.29761464796713105,-0.26985653177396784,4.589528491158518,3.906296354579909,4.203911002547041,89.2841339111328,89.01427737935883,90.01774098979388,94.6072694809524,9.12506616451826,9.065075653815626,3583
onestep_50_020,PS-onestep-01.xlsx,single_step,50.0,1000.0200000000001,nan,nan,1000.0200000000001,41.788683445408296,35.73337555086931,0.38865549219303563,-0.002573428123383792,5.376770212160423,3.804759532268507,4.193415024461542,89.0252456665039,89.02267223838052,88.8150057003811,94.19177591254153,8.940279989903216,9.076791537714172,3582
onestep_70_001,PS-onestep-02.xlsx,single_step,70.0,0.1002,nan,nan,0.1002,41.70998948639773,36.4382795162311,0.06301681715312023,-0.3515396848062551,1.8290881732673228,4.118176472884006,4.181193290037126,89.515739440918,89.16419975611174,93.18096943229199,95.01005760555931,9.280467200995735,9.093701243600036,3582
onestep_70_002,PS-onestep-02.xlsx,single_step,70.0,0.4998,nan,nan,0.4998,39.99322503074215,35.282814165785815,-0.05315252256487266,0.12980861861726112,-2.132462930219873,4.115645282468246,4.062492759903373,89.064811706543,89.19462032516026,94.27026569816405,92.13780276794418,9.01422327266091,9.1134926057125,3581
onestep_70_003,PS-onestep-02.xlsx,single_step,70.0,0.7979999999999999,nan,nan,0.7979999999999999,39.78333247003932,35.052661371570274,-0.05254596713030694,-0.20612317807812985,-1.752615453605813,4.08837206585687,4.035826098726562,89.3781509399414,89.17202776186328,93.28557732039906,91.53296186679324,9.19642699155508,9.10130051496093,3582
onestep_70_004,PS-onestep-02.xlsx,single_step,70.0,1.0002,nan,nan,1.0002,39.5381116209738,34.75582645471289,-0.026851533321207093,0.22832005505422615,-1.1682045536159649,4.051683425348984,4.024831892027777,88.9567108154297,89.18503087048393,92.44076521221507,91.2725606585991,8.971511732803087,9.108659020948304,3581
onestep_70_005,PS-onestep-02.xlsx,single_step,70.0,4.998,nan,nan,4.998,38.62803250638149,34.19673306875158,-0.13644115523514416,-0.04350529806151826,-4.382450670376571,4.10563220962876,3.969191054393615,89.1899566650391,89.14645136697759,94.24447965252017,89.8620289821436,9.087584188415976,9.092981978519205,3582
onestep_70_006,PS-onestep-02.xlsx,single_step,70.0,10.020000000000001,nan,nan,10.020000000000001,38.87481855315341,34.25256477883509,-0.07863102628492058,-0.269199953339438,-2.755813697856567,4.060107302343285,3.981476276058363,89.3919067382813,89.12270678494187,92.82627933747136,90.0704656396148,9.194371939391456,9.083780746974634,3582
onestep_70_007,PS-onestep-02.xlsx,single_step,70.0,49.98,nan,nan,49.98,41.29641017008491,35.93399039677439,0.17903068654767515,-0.1413329394331555,2.6840056715200546,3.9727903534593074,4.1518210400069835,89.2302322387695,89.08889929933635,90.96588774444922,93.64989341596927,9.089946574209877,9.078377597200106,3582
onestep_70_008,PS-onestep-02.xlsx,single_step,70.0,100.02,nan,nan,100.02,43.46794953326272,37.564300642959815,0.2883481043035945,-0.7197024436642465,5.531772866959344,3.9950003510314995,4.283348455335093,89.7784423828125,89.05873993914825,90.94244622693066,96.47421909389,9.404625128336589,9.069390127581569,3583
onestep_70_009,PS-onestep-02.xlsx,single_step,70.0,499.98,nan,nan,499.98,49.02763690196259,41.49173326252772,0.5891005328696033,-0.34960175078656164,16.052249508875036,3.921042066885391,4.510142599754993,89.3629455566406,89.01334380585403,85.35120330742933,101.40345281630437,9.311726469714248,9.056191348153993,3582
onestep_70_010,PS-onestep-02.xlsx,single_step,70.0,1000.0200000000001,nan,nan,1000.0200000000001,49.59545497119362,42.15165004563095,0.5288109313026528,0.9524578200830405,16.073688613513326,3.9603342102496937,4.4891451415523465,88.0988464355469,89.05130425562994,84.86249763200499,100.93618624551831,8.77091910637298,9.072901386350592,3582
onestep_70_011,PS-onestep-02.xlsx,single_step,70.0,0.1002,nan,nan,0.1002,42.43906511514062,36.694984457379036,0.22294566689813605,-0.07594751265550315,4.70754056694075,3.980466227288756,4.203411894186893,89.278434753418,89.2024872407625,90.70241483317454,95.4099554001153,9.142549299522614,9.115695732984044,3581
onestep_70_012,PS-onestep-02.xlsx,single_step,70.0,0.4998,nan,nan,0.4998,40.21156284864098,35.180737449691904,0.04728097803147164,-0.011720322928852056,0.25925365144776435,4.020411890143343,4.067692868174816,89.1990127563477,89.18729243341885,92.00238414271206,92.26163779415982,9.090981891886154,9.109274050445903,3582
onestep_70_013,PS-onestep-02.xlsx,single_step,70.0,0.7979999999999999,nan,nan,0.7979999999999999,40.109574617844046,35.14740597106411,0.04330699307655762,-0.10606346214612472,0.5220658396485476,3.996385572104794,4.03969256518135,89.2821273803711,89.17606391822497,91.10265092857622,91.62471676822477,9.141417994835141,9.103595950609892,3582
onestep_70_014,PS-onestep-02.xlsx,single_step,70.0,1.0002,nan,nan,1.0002,40.22693557372957,35.178132791699475,0.06987682519458545,-0.19949068599065356,1.7290820146673838,3.958513783601995,4.02839060879658,89.368782043457,89.16929135746635,89.65007222675263,91.37915424142001,9.20349093223519,9.099781537627717,3581
onestep_70_015,PS-onestep-02.xlsx,single_step,70.0,4.998,nan,nan,4.998,39.0190305772393,34.21805314443916,0.022732708042216606,0.16302593515375463,-0.6584483510558528,3.952399844859449,3.975132552901665,88.9911346435547,89.15416057870846,90.65948353540273,90.00103518434688,8.985043118380734,9.096983807974155,3582
onestep_70_016,PS-onestep-02.xlsx,single_step,70.0,10.020000000000001,nan,nan,10.020000000000001,39.27245837844126,34.277482579329245,0.07535806189045476,0.2194549666134975,0.03619470312214901,3.9124316936549404,3.9877897555453945,88.9232864379883,89.1427414046018,90.14874195503069,90.18493665815284,8.948469644904813,9.094314720045386,3582
onestep_70_017,PS-onestep-02.xlsx,single_step,70.0,49.98,nan,nan,49.98,41.811661287817785,36.17222019723843,0.24882374702600343,-0.1421453426985977,4.4514868796056675,3.9046249522062606,4.153448699232264,89.2310256958008,89.0888803531022,89.2396263521178,93.69111323172346,9.105295894415724,9.07801186737333,3582
onestep_70_018,PS-onestep-02.xlsx,single_step,70.0,100.02,nan,nan,100.02,44.04441672284302,37.87211999252665,0.3594714877586517,-0.7340993893600682,7.723563385199213,3.925046748091648,4.2845182358503,89.7926025390625,89.05850314970243,88.78670452579007,96.51026791098928,9.421640461220319,9.069115987714213,3583
onestep_70_019,PS-onestep-02.xlsx,single_step,70.0,499.98,nan,nan,499.98,49.38445132733495,41.56945615891678,0.6446294244097173,0.10432195006164591,17.348551687622503,3.8675437674761923,4.5121731918859105,88.9256210327148,89.02994298277645,84.10230457813765,101.45085626576015,9.093678260088415,9.064339912344316,3582
onestep_70_020,PS-onestep-02.xlsx,single_step,70.0,1000.0200000000001,nan,nan,1000.0200000000001,49.84431292357882,42.06063038612299,0.5967738558587479,1.0131416177036954,17.268022233466354,3.895053820303101,4.491827676161848,88.0405578613281,89.05369947903179,83.71530502741797,100.98332726088432,8.735563219103788,9.074407432444389,3582
single_eig_01_001,ps-single-01.xlsx,single_step,100.0,300.0,nan,nan,300.0,48.777675260017645,43.23068373038664,-0.05178069113143687,-0.5411129800111638,-1.367448713538863,4.970929109628554,4.919148418497116,89.5351333618164,88.99402038180524,111.38817235805948,110.02072364452061,9.276156333318749,9.04964311005135,3581
single_eig_01_002,ps-single-01.xlsx,single_step,90.0,300.0,nan,nan,300.0,46.32845035131165,41.42075196057131,-1.22264552800204,-0.6389808113886346,-27.48618824525937,5.945983575803299,4.72333804780126,89.6443252563477,89.00534444495906,133.2935592840605,105.80737103880114,9.323085579787755,9.054577195883347,3582
single_eig_01_003,ps-single-01.xlsx,single_step,100.0,30.0,nan,nan,30.0,44.44538727714485,39.84727049768077,-0.36859706143966087,-0.6350530215129453,-7.619663163673081,4.875426343304121,4.50682928186446,89.6821212768555,89.04706825534255,108.89489426274451,101.27523109907143,9.384836309401553,9.051319390711678,3581
single_eig_01_004,ps-single-01.xlsx,single_step,100.0,100.02,nan,nan,100.02,47.01996262362724,41.91732383706482,-0.20196704726650733,-0.10020775226107048,-3.7570700465183364,4.932648486182216,4.730681438915707,89.1521759033203,89.05196815105923,109.80922719106911,106.05215714455078,9.102884504319153,9.066564351751008,3582
kovacs_eig_01_001,ps-kovacs-01.xlsx,single_step,95.0,100.02,nan,nan,100.02,45.41701231285113,40.955434133270934,-0.7497423893474873,-0.34826085439408416,-16.020224625659694,5.386123101443951,4.636380712096464,89.3947830200195,89.04652216562542,120.03340663873303,104.01318201307333,9.223341403961514,9.063677504595539,3581
kovacs_eig_01_002,ps-kovacs-01.xlsx,two_step,65.0,10.000020000000001,100.0,1200.0,1210.00002,60.14663238544933,50.93259029218771,0.7271434844133824,-0.23118493210012048,15.464001247720148,4.94148577371721,5.668629258130593,89.5032806396484,89.27209570754827,110.39445049311439,125.85845174083454,9.278548146327068,9.203049027198503,3581
kovacs_eig_01_003,ps-kovacs-01.xlsx,two_step,50.0,10.000020000000001,80.0,1800.0,1810.00002,51.749012119764764,46.316392455991476,-1.3737060852024612,0.23490549523120308,-31.141233421966263,6.451272215675994,5.077566130473533,88.9385223388672,89.1734278340984,143.77060258400388,112.62936916203762,9.01426956700114,9.16852536225497,3582
kovacs_eig_01_004,ps-kovacs-01.xlsx,two_step,50.0,10.000020000000001,100.0,10.000020000000001,20.000040000000002,48.45857074182082,42.77508460749844,0.0013549705745237025,-0.43368112210654886,-0.2832037571400292,4.8620117982953985,4.863366768869924,89.4329147338867,88.99923361178016,109.72790516041243,109.4447014032724,9.219255481790844,9.028271159926813,3581
kovacs_eig_01_005,ps-kovacs-01.xlsx,two_step,50.0,1800.0,100.0,10.000020000000001,1810.00002,39.5229891904267,33.6310127271927,-0.5710224224354221,-3.749061218032395,-15.690730373361674,4.793275037332421,4.222252614896998,89.6304931640625,85.8814319460301,107.33333018345257,91.6425998100909,9.325180020877337,7.825248199101978,3582
kovacs_eig_01_006,ps-kovacs-01.xlsx,two_step,55.0,600.0,90.0,300.0,900.0,51.658766633951345,46.1385888783164,-0.81874909415278,0.7781162683124734,-17.21453536816412,5.927569275066488,5.108820180913707,89.4735412597656,90.25165752807807,132.93624671565124,115.72171134748712,9.242524133074125,9.60675041987175,3582
kovacs_eig_01_007,ps-kovacs-01.xlsx,two_step,50.0,10.000020000000001,70.0,1800.0,1810.00002,55.280271302048966,47.40277053308435,0.4340517673747598,3.1410790315997446,14.028571097877105,4.478003375965812,4.912055143340573,86.1455230712891,89.28660210288885,95.18710708233391,109.21567818021101,8.105581326278026,9.198465072006416,3582
kovacs_eig_01_008,ps-kovacs-01.xlsx,two_step,50.0,10.000020000000001,100.0,1800.0,1810.00002,65.40346837243493,54.24688545593952,1.0570841671537994,-0.16192007922798268,22.775063973850763,4.93730031765009,5.99438448480389,89.6235961914063,89.46167611217832,110.58298221599159,133.35804618984236,9.31910591131304,9.286120036750928,3582
kovacs_eig_01_009,ps-kovacs-01.xlsx,two_step,50.0,10.000020000000001,85.0,60.0,70.00002,52.754328244585864,45.703707354107934,0.2600430591021233,0.8962659855623798,8.510762149008897,4.6723492237187845,4.932392282820907,88.5735244750977,89.46979046066008,102.61017921798907,111.12094136699797,8.899990652425272,9.24967422988756,3582
kovacs_eig_01_010,ps-kovacs-01.xlsx,two_step,75.0,10.000020000000001,100.0,1800.0,1810.00002,56.193759627003864,48.55117283163975,0.4340396931662829,-0.8009027682122536,8.245166723340233,5.020534696402267,5.45457438956855,89.7903289794922,88.98942621127995,112.24595672866963,120.49112345200986,9.427148613539263,9.087316596674427,3582
kovacs_eig_03_001,ps-kovacs-03.xlsx,two_step,50.0,10.000020000000001,65.0,1200.0,1210.00002,51.449854500868675,44.41121082252929,0.43685729917317573,-0.7213938622618201,12.891048685893992,4.334119396324095,4.77097669549727,89.6224594116211,88.90106554935927,93.17285996842509,106.06390865431908,9.44170944524669,9.042555158530073,3582
kovacs_eig_03_002,ps-kovacs-03.xlsx,two_step,50.0,10.000020000000001,75.0,10.000020000000001,20.000040000000002,44.448833719074834,39.378580474317076,-0.11773887075037053,0.18290152997882103,-1.540147644280239,4.506400788061239,4.388661917310868,89.2220153808594,89.40491691083822,100.97196122042914,99.4318135761489,9.129694226767832,9.2081157704776,3582
kovacs_eig_03_003,ps-kovacs-03.xlsx,two_step,65.0,10.000020000000001,65.0,1800.0,1810.00002,47.45200281310856,41.69529871461503,0.14793391888646834,-0.3489704272771519,7.308415105404748,4.333785374769331,4.481719293655798,88.9386901855469,88.58971975826975,91.99112194297106,99.29953704837581,9.13463420511405,8.915974589749506,3581
kovacs_eig_03_004,ps-kovacs-03.xlsx,two_step,85.0,10.000020000000001,100.0,1200.0,1210.00002,53.44914657544562,46.832743492039484,0.20269876725379982,-0.2729868053422422,3.382701785528454,5.084922201707678,5.287620968961477,89.199592590332,88.92660578498976,113.28328801545103,116.66598980097949,9.113071062932177,9.066898416831096,3581
kovacs_eig_04_001,ps-kovacs-04.xlsx,two_step,75.0,10.000020000000001,100.0,10.000020000000001,20.000040000000002,45.40449567024338,40.91204662804278,-0.582451056852667,-0.4423287695968412,-12.683994766832953,5.198751303624986,4.616300246772318,89.5256042480469,89.08327547845006,116.44614574542913,103.76215097859618,9.304686833971969,9.067864009799434,3583
kovacs_eig_04_002,ps-kovacs-04.xlsx,two_step,50.0,100.0002,70.0,60.0,160.0002,45.63450291198036,40.50209421025249,-0.1336991992022065,0.0014114672006400042,-1.4246776326391597,4.622149646441499,4.488450447239294,89.4388580322266,89.44026949942725,102.80052748987367,101.37584985723451,9.253568061021094,9.242109791864403,3583
kovacs_eig_04_003,ps-kovacs-04.xlsx,two_step,65.0,10.000020000000001,85.0,600.0,610.00002,50.42731409942295,45.18921582574902,-1.2856728479820705,-0.122995428127183,-29.95737048546782,6.352206508140255,5.066533660158185,89.2576141357422,89.13461870761502,142.45981511972315,112.50244463425533,9.147759001912185,9.144621930879088,3582
kovacs_eig_04_004,ps-kovacs-04.xlsx,two_step,50.0,10.000020000000001,70.0,300.0,310.00002,51.50287289764561,44.838840433549976,0.262633378353321,-0.1990061659148239,8.726225819850413,4.6025051889221125,4.865138567275434,89.4100494384766,89.21104327256178,100.06193904490061,108.78816486475102,9.316833351562394,9.164163723475298,3582
hs_01_001,ps-hs-01.xlsx,single_step,70.0,300.0,nan,nan,300.0,45.3872876179436,40.59713187220104,-0.25307157765653143,-0.10949629557902085,-3.036922147620402,4.705337610851058,4.452266033194527,89.1439743041992,89.03447800862018,103.18819513125112,100.15127298363072,9.16153956415948,9.065598198090102,3581
hs_01_002,ps-hs-01.xlsx,single_step,90.0,100.0002,nan,nan,100.0002,45.78676052656681,41.24467138385117,-0.9601008761086147,0.08156308825239478,-20.65937550302256,5.520913747515622,4.560812871407008,88.9820175170898,89.0635806053422,123.05696931142211,102.39759380839955,9.04647136152168,9.071138435095476,3581
hs_01_003,ps-hs-01.xlsx,single_step,95.0,100.02,nan,nan,100.02,45.35157349852639,40.603297772848386,-1.134836585535524,-0.3662364786324872,-25.449320363829827,5.757307915701669,4.622471330166147,89.412109375,89.04587289636751,129.12192883625244,103.67260847242261,9.201578395302592,9.064479893336046,3582
hs_02_001,ps-hs-02.xlsx,two_step,50.0,10.000020000000001,80.0,1800.0,1810.00002,54.33015149115828,46.86780773179667,-2.145632686543375,-0.10262798202289503,-50.92051257663738,7.158218651100646,5.012585964557269,89.2476425170898,89.1450145350669,161.88487778759736,110.96436521095998,9.15285961825801,9.155676239659897,3581
hs_02_002,ps-hs-02.xlsx,two_step,50.0,10.000020000000001,100.0,1800.0,1810.00002,61.32206349095871,53.07018200276368,0.3569976716878019,0.029560774020822578,7.44004571448761,5.5338770202442005,5.8908746919320025,89.4604263305664,89.48998710458723,123.65067411783514,131.09071983232275,9.267841665500901,9.295011943198618,3582
hs_02_003,ps-hs-02.xlsx,two_step,65.0,10.000020000000001,100.0,1200.0,1210.00002,57.10152093013567,49.94741670059609,0.14916407472976803,0.2043309881367179,1.8072691960176144,5.469579501067644,5.618743575797413,89.105354309082,89.30968529721872,122.87246339768762,124.67973259370524,9.076669699901542,9.222192726744636,3581
single_hs_80_90_01_001,ps-single-hs-01.xlsx,single_step,80.0,49.999999999999986,nan,nan,49.999999999999986,42.782956063042775,38.47955309491321,-0.7629344670026013,0.38837010274588124,-17.025553542814535,5.045908819653142,4.282974352650539,88.7087326049805,89.09710270772638,113.48084117424298,96.45528763142845,8.901796442416284,9.080908232713554,3581
single_hs_80_90_01_002,ps-single-hs-01.xlsx,single_step,80.0,499.99999999999983,nan,nan,499.99999999999983,48.78265386214568,43.92006274005383,-1.0021370660917048,1.5693011565971204,-22.51071892561147,5.612278104490663,4.610141038398958,87.5029754638672,89.07227662046432,125.88278045682057,103.3720615312091,8.424344561774012,9.085413273361166,3581
single_hs_80_90_01_003,ps-single-hs-01.xlsx,single_step,80.0,1000.000000000002,nan,nan,1000.000000000002,50.99691357381637,44.636508026554125,-1.812958456597567,0.7952060702775867,-42.271010181716605,6.375046073597629,4.562087617000063,88.2402877807617,89.03549385103929,144.45426853346635,102.18325835174974,8.717635123215073,9.070557227077753,3580
single_hs_80_90_01_004,ps-single-hs-01.xlsx,single_step,90.0,49.999999999999986,nan,nan,49.999999999999986,46.51817921656457,41.56207514210496,-1.2524008437447294,1.318706686544573,-27.557228818621354,5.6621313347462285,4.4097304910015,87.8125915527344,89.13129823927898,126.70360124095396,99.1463724223326,8.53502088230464,9.095475742641959,3581
single_hs_80_90_01_005,ps-single-hs-01.xlsx,single_step,90.0,499.99999999999983,nan,nan,499.99999999999983,52.78288214716084,43.32896972653882,-2.5435488536008664,-0.39392598585344274,-60.01582569373973,7.240676809207725,4.6971279556068595,89.3954849243164,89.00155893846296,165.05479731685875,105.03897162311902,9.164308038794964,9.056915876676598,3582
kovacs_80_to_90_001,pskovacs.xlsx,two_step,80.0,49.98,90.0,0.1002,50.0802,49.08858235805101,40.826941409169194,0.8200392088187295,0.4706266504664143,19.33629502948324,3.654429528281382,4.4744687371001115,87.9974212646484,88.46804791511481,80.8291039056428,100.16539893512603,8.613553259490155,8.811771671440521,3578
kovacs_80_to_90_002,pskovacs.xlsx,two_step,80.0,49.98,90.0,0.4998,50.4798,48.68712545474708,40.438163715288674,0.7887328763331342,0.20778967449176378,18.73348463984037,3.6672512744528394,4.455984150785974,88.5009765625,88.70876623699176,81.18555473522838,99.91903937506875,8.840266613908835,8.913730811022615,3579
kovacs_80_to_90_003,pskovacs.xlsx,two_step,80.0,49.98,90.0,0.7979999999999999,50.778,48.64650366802867,40.58413630934538,0.735332138881045,0.08466432082799713,18.118426736497824,3.7165388072507692,4.451870946131815,88.6924438476563,88.7771081684843,81.7746420602466,99.89306879674443,8.964377538930629,8.941702379483246,3580
kovacs_80_to_90_004,pskovacs.xlsx,two_step,80.0,49.98,90.0,1.0002,50.980199999999996,48.35723577303968,40.532620468159486,0.6992251700162977,0.019188784647923285,16.812942246683733,3.7508843387984006,4.450109508814697,88.7902908325195,88.80947961716743,83.04434114161421,99.85728338829794,8.980870832408641,8.956699840900306,3580
kovacs_80_to_90_005,pskovacs.xlsx,two_step,80.0,49.98,90.0,4.998,54.977999999999994,48.149881334373525,40.498849473792504,0.6346413142344324,0.1673921197592847,14.896240594119618,3.8221685904085505,4.4568099046429825,88.871467590332,89.03885971009129,85.21368085117797,100.10992144529759,9.00670361356392,9.057941979841958,3580
kovacs_80_to_90_006,pskovacs.xlsx,two_step,80.0,49.98,90.0,10.020000000000001,60.0,48.483627088975844,40.81588808950919,0.607490023644678,0.8291533684123067,15.090822729134018,3.866021496564301,4.473511520208978,88.3134078979492,89.14256126636151,85.4346973842338,100.52552011336782,8.77702913687087,9.10448559612643,3581
kovacs_80_to_90_007,pskovacs.xlsx,two_step,80.0,49.98,90.0,49.98,99.96,48.85084344327467,41.45157032936039,0.5088212399031278,0.2689106350811983,11.638585642678606,4.103689932655714,4.6125111725588415,89.0168075561523,89.2857181912335,91.84390374524202,103.48248938792062,9.05586013310328,9.176480240272262,3582
kovacs_80_to_90_008,pskovacs.xlsx,two_step,80.0,49.98,90.0,100.02,150.0,49.33511411388706,42.324494750047535,0.38724779109289786,0.34985135669671763,8.277170652904147,4.354627627490895,4.741875418583794,89.0164947509766,89.36634610767332,97.97394657254165,106.2511172254458,9.040707972876966,9.218477911165824,3582
kovacs_80_to_90_009,pskovacs.xlsx,two_step,80.0,49.98,90.0,499.98,549.96,49.99853648752198,43.42538444381905,0.2047532118490217,-1.0799860132831753,3.559185703955478,4.813167270677278,5.017920482526299,90.4941253662109,89.41413935292772,108.42436108925625,111.98354679321173,9.770295877207685,9.25327896370945,3582
kovacs_80_to_90_010,pskovacs.xlsx,two_step,80.0,49.98,90.0,1000.0200000000001,1050.0,51.22590649979386,43.61807684924288,0.5185961313597509,-0.9288081799158903,10.131833597900325,4.516628943298211,5.035225074657962,90.2820129394531,89.3532047595372,101.92038525661826,112.05221885451859,9.622331300666286,9.234868389323575,3582
kovacs_80_to_90_011,pskovacs.xlsx,two_step,80.0,499.98,90.0,0.1002,500.0802,46.998960256143064,41.02573467824495,0.2328842403873569,0.7913481324758465,5.3379224295684935,4.341576549710834,4.574460790098191,87.2107238769531,88.00207200942894,96.06242989816997,101.40035232773846,8.332417876166263,8.636246082680124,3581
kovacs_80_to_90_012,pskovacs.xlsx,two_step,80.0,499.98,90.0,0.4998,500.4798,47.0687652670531,41.1348152526371,0.20860648647878027,0.5073559337938747,4.487494094824157,4.366405200226041,4.57501168670482,87.7234573364258,88.23081327021967,97.11151590356059,101.59900999838474,8.527678566166212,8.733446723125951,3581
kovacs_80_to_90_013,pskovacs.xlsx,two_step,80.0,499.98,90.0,0.7979999999999999,500.778,47.24666517975409,41.216174242025005,0.22564317778604095,-0.07050990471593366,4.939135324833231,4.353947820889917,4.579590998675958,88.3377456665039,88.26723576178797,96.83658106403897,101.7757163888722,8.78881491782967,8.748156600659158,3580
kovacs_80_to_90_014,pskovacs.xlsx,two_step,80.0,499.98,90.0,1.0002,500.9802,47.26443111139616,41.24407592466568,0.21442095289524768,1.212443368591778,4.5620790099039965,4.366333076064189,4.580754028959436,87.1939163208008,88.40635968939257,97.26396071117495,101.82603972107894,8.314818184847766,8.807134524134986,3580
kovacs_80_to_90_015,pskovacs.xlsx,two_step,80.0,499.98,90.0,4.998,504.978,47.567024809421504,41.70001811039045,0.1429416987395319,0.9927394091599808,3.2659491724953256,4.463623065783169,4.606564764522699,87.7094955444336,88.70223495359357,99.42782525897667,102.693774431472,8.496137915559832,8.934054443923337,3581
kovacs_80_to_90_016,pskovacs.xlsx,two_step,80.0,499.98,90.0,10.020000000000001,510.0,48.02302310286992,41.988401756692376,0.1584505383529738,0.6127276697271782,3.510261299429274,4.475880974000411,4.634331512353386,88.2337493896484,88.84647705937557,99.94364662277349,103.45390792220276,8.722263008398807,8.994702904008518,3582
kovacs_80_to_90_017,pskovacs.xlsx,two_step,80.0,499.98,90.0,49.98,549.96,48.93940039435816,42.491508993338236,0.17882624097210287,0.4999189955729122,3.4092203676039787,4.577435936944652,4.7562621779167555,88.8348846435547,89.33480363912761,103.18708235779388,106.59630272539786,8.964365504429272,9.20552990195348,3582
kovacs_80_to_90_018,pskovacs.xlsx,two_step,80.0,499.98,90.0,100.02,600.0,49.349774262737256,42.99574909345768,0.09926611995312698,0.2680582438352985,1.555906038944741,4.73235659786817,4.831622717821298,89.3096542358398,89.5777124796751,106.94159897196027,108.49750501090502,9.176039347091917,9.311575246011845,3581
kovacs_80_to_90_019,pskovacs.xlsx,two_step,80.0,499.98,90.0,499.98,999.96,49.33707057891269,43.17527617581628,-0.03625241269146959,-0.11542532463082011,-1.323015986156861,4.998069390483438,4.961816977791968,90.0887451171875,89.97331979255668,112.97413381717968,111.65111783102282,9.53141711817646,9.49033333508702,3582
kovacs_80_to_90_020,pskovacs.xlsx,two_step,80.0,499.98,90.0,1000.0200000000001,1500.0,49.933392205504255,43.18907887242921,0.2184025707281076,-1.2260502400413742,3.639925275679815,4.763392907370646,4.9817954780987534,91.1170349121094,89.89098467206803,108.25836697587863,111.89829225155844,10.107918021596266,9.44799799304367,3582
twostep_90_to_80_001,twosteps.xlsx,two_step,90.0,49.98,80.0,0.1002,50.0802,45.377602546111035,38.54327716474207,0.529158822766354,-0.08176458024651367,12.370508849070262,3.7681733793173735,4.297332202083728,88.9017639160156,88.81999933576908,84.1844154594898,96.55492430856006,8.988390917700565,8.961902098468833,3581
twostep_90_to_80_002,twosteps.xlsx,two_step,90.0,49.98,80.0,0.4998,50.4798,45.74238927375748,38.63494569832259,0.5569967245658468,0.08290140537211244,13.041717290151894,3.7296447922532527,4.2866415168191,89.0001754760742,89.08307688144632,83.4424312032179,96.48414849336979,9.045359701712911,9.07534379109641,3581
twostep_90_to_80_003,twosteps.xlsx,two_step,90.0,49.98,80.0,0.7979999999999999,50.778,45.45296844664171,38.57689987002301,0.49733531224814476,0.6093025186789589,12.010837217502456,3.7835831721962494,4.280918484444394,88.5623931884766,89.17169570715556,84.39901074744785,96.4098479649503,8.838633263456938,9.115113805201633,3581
twostep_90_to_80_004,twosteps.xlsx,two_step,90.0,49.98,80.0,1.0002,50.980199999999996,45.26684521835667,38.404445553363324,0.5071522949931002,0.3647763503376069,11.351654348563073,3.7725467877895165,4.279699082782617,88.827995300293,89.1927716506306,85.01467141718047,96.36632576574354,8.950514367250479,9.124554617072903,3581
twostep_90_to_80_005,twosteps.xlsx,two_step,90.0,49.98,80.0,4.998,54.977999999999994,45.47872916229703,38.320778388072796,0.5385373860076373,0.21172218781964602,12.072043409042763,3.729346196148216,4.267883582155854,89.1494064331055,89.36112862092514,84.09099552899289,96.16303893803565,9.11740089986473,9.200060098132866,3582
twostep_90_to_80_006,twosteps.xlsx,two_step,90.0,49.98,80.0,10.020000000000001,60.0,45.592399359622576,38.51155921460586,0.5218006947005402,0.28126254810385376,11.985468488932923,3.7423328251891985,4.2641335198897385,89.1184234619141,89.39968601001796,84.06492965207588,96.0503981410088,9.117065829393724,9.218986526422155,3582
twostep_90_to_80_007,twosteps.xlsx,two_step,90.0,49.98,80.0,49.98,99.96,46.20878589385725,39.08560662181058,0.5120816056247215,0.747252112161604,12.516823189539096,3.803486074761563,4.315567680386285,88.6335906982422,89.3808428104038,84.37024911414557,96.88707230368466,8.893386819423927,9.223373713412919,3582
twostep_90_to_80_008,twosteps.xlsx,two_step,90.0,49.98,80.0,100.02,150.0,47.53807448736567,40.06044798619149,0.5847833120436894,0.06481458858266365,13.781504583183803,3.8111347725322244,4.395918084575913,89.2256240844727,89.29043867305536,84.62665111318955,98.40815569637336,9.200131738854049,9.188692141494249,3581
twostep_90_to_80_009,twosteps.xlsx,two_step,90.0,49.98,80.0,499.98,549.96,48.271301375235026,41.54651457524905,0.35072035794157047,0.6694484740852857,7.494545124146839,4.211856405042397,4.5625767629839675,88.5359725952148,89.20542106930009,93.86686697567393,101.36141209982077,8.861129607960763,9.174906540635748,3582
twostep_90_to_80_010,twosteps.xlsx,two_step,90.0,49.98,80.0,1000.0200000000001,1050.0,44.96412106575216,39.98521359082021,-0.2101527322625907,0.43943541256564345,-6.52578954431462,4.710759615547788,4.500606883285197,88.6669387817383,89.10637419430394,106.00831434071426,99.48252479639964,8.88601741211351,9.143358064709387,3582
twostep_90_to_80_011,twosteps.xlsx,two_step,90.0,499.98,80.0,0.1002,500.0802,47.86404708621161,41.56860682749353,0.2504843994710512,-0.47149772177911586,4.71357912628342,4.5461596842787095,4.796644083749761,89.5475769042969,89.07607918251779,102.91809235626135,107.63167148254477,9.248751835710411,9.086496961022464,3582
twostep_90_to_80_012,twosteps.xlsx,two_step,90.0,499.98,80.0,0.4998,500.4798,47.912835917924134,41.6320472006751,0.21124771598818476,-0.9918218780758679,4.128025335412602,4.577597601046726,4.7888453170349115,90.309928894043,89.31810701596713,103.57219082879197,107.70021616420458,9.666217225891803,9.185861807268774,3582
twostep_90_to_80_013,twosteps.xlsx,two_step,90.0,499.98,80.0,0.7979999999999999,500.778,48.12525902181831,41.7378319969703,0.22836785236605453,-0.8865701278381977,4.948496826338257,4.559885630252988,4.788253482619043,90.2915954589844,89.4050253311462,102.82408988871532,107.77258671505358,9.654174307243926,9.224797753786998,3582
twostep_90_to_80_014,twosteps.xlsx,two_step,90.0,499.98,80.0,1.0002,500.9802,47.93680299234748,41.63271280430628,0.19706218914570522,-0.8256866925206907,3.8375857432717737,4.588027842867939,4.785090032013644,90.2716522216797,89.44596552915901,103.86247244797357,107.70005819124535,9.640524225233323,9.243365315198616,3582
twostep_90_to_80_015,twosteps.xlsx,two_step,90.0,499.98,80.0,4.998,504.978,48.02556262085571,41.6681969520254,0.16721257737438341,-0.16823160051259833,3.529423215957692,4.598467905526353,4.765680482900736,89.8798828125,89.7116512119874,103.9020187800362,107.4314419959939,9.422128078376982,9.365477397451585,3582
twostep_90_to_80_016,twosteps.xlsx,two_step,90.0,499.98,80.0,10.020000000000001,510.0,47.719015169169715,41.51315134539045,0.12636077475661275,-0.5017628274127475,2.9863631630354917,4.619221600599592,4.7455823753562045,90.2643356323242,89.76257280491146,104.04473505781618,107.03109822085167,9.635436668846378,9.387096160481292,3583
twostep_90_to_80_017,twosteps.xlsx,two_step,90.0,499.98,80.0,49.98,549.96,46.51944743178766,40.75166679321945,-0.003635552727379287,-0.498265405549958,0.2918984939792182,4.657235656757224,4.653600104029845,90.3052444458008,89.80697904025084,104.611489008229,104.90338750220822,9.66912636018255,9.410575926090578,3582
twostep_90_to_80_018,twosteps.xlsx,two_step,90.0,499.98,80.0,100.02,600.0,45.59543799866894,40.060607579122106,-0.07027885380372176,-0.016907620139562596,-1.6335999540742563,4.665362372715679,4.595083518911957,89.8182144165039,89.80130679636434,105.08292106745466,103.4493211133804,9.402994347317364,9.414297348873074,3582
twostep_90_to_80_019,twosteps.xlsx,two_step,90.0,499.98,80.0,499.98,999.96,43.855029168092436,39.110706314780415,-0.34868995354380944,-0.5268300036846227,-7.6528068825808475,4.814581481153219,4.4658915276094096,90.1781463623047,89.65131635862008,107.85908463071064,100.20627774812979,9.608378917498996,9.35279600728196,3582
twostep_90_to_80_020,twosteps.xlsx,two_step,90.0,499.98,80.0,1000.0200000000001,1500.0,42.75614588360461,38.267744990250506,-0.4804856122586353,0.10982868878370766,-11.446940420590693,4.901092175931162,4.420606563672528,89.5727920532227,89.6826207420064,110.35909113282776,98.91215071223706,9.257376485264352,9.380883506967075,3582
