sample_id,source_file,pair,T1_C,T2_C,actual_t1_s,actual_t2_s,pred_t1_s,pred_t2_s,abs_log_error_t1,abs_log_error_t2,t1_factor_error,t2_factor_error,top1_time_near_match,top5_time_near_match,top10_time_near_match,posterior_contains_actual_t1,posterior_contains_actual_t2,posterior_width_log10_t1,posterior_width_log10_t2,posterior_n_valid_candidates,loss_flatness_ratio,best_loss,target_delta_h_total_J_g,best_pred_delta_h_total_J_g,best_error_delta_h_total_J_g,target_peak_area_J_g,best_pred_peak_area_J_g,best_error_peak_area_J_g,target_recovery_index,best_pred_recovery_index,best_error_recovery_index,target_path_dependence_index,best_pred_path_dependence_index,best_error_path_dependence_index
kovacs_eig_01_002,ps-kovacs-01.xlsx,65->100,65.0,100.0,10.000020000000001,1200.0,4.998,1000.02,0.30120461679766397,0.07917256024484454,2.0008043217286917,1.1999760004799904,True,True,True,False,True,1.3012037482095686,1.4549363797580268,23,2.0718414024875087,0.2067244033103449,-1.0348745117784686,-1.033498977181556,0.001375534596912642,-1.8937568826751487,-1.8895709267799767,0.004185955895172011,0.8182921801359746,0.8222821572619071,0.00398997712593252,0.12552056133551504,0.21543271847199805,0.08991215713648301
kovacs_eig_01_003,ps-kovacs-01.xlsx,50->80,50.0,80.0,10.000020000000001,1800.0,10.0,1800.0,8.685880952263858e-07,0.0,1.000002,1.0,True,True,True,True,True,1.999869841770316,2.1837043168953567,24,3.6086001688921847,0.19179785691369275,-1.3494640141366285,-1.3411058477177207,0.008358166418907853,-2.0965362600141484,-2.077338343475525,0.01919791653862335,1.0,0.9568503015264516,-0.04314969847354844,-0.22395717867362253,-0.19613799911536306,0.027819179558259466
kovacs_eig_01_004,ps-kovacs-01.xlsx,50->100,50.0,100.0,10.000020000000001,10.000020000000001,100.02,0.4998,1.0000859816235539,1.3012046167976639,10.001979996040006,20.008043217286914,False,False,False,True,True,2.0833713650317818,1.3019413115111118,24,0.8364891763533572,0.12293423818332277,-0.9448983335947144,-0.9347654428351784,0.01013289075953605,-1.733195786910836,-1.726760864803359,0.006434922107477092,0.7002026906210237,0.6543787517600557,-0.04582393886096803,-0.2397959967216231,-0.23327493261900395,0.006521064102619156
kovacs_eig_01_005,ps-kovacs-01.xlsx,50->100,50.0,100.0,1800.0,10.000020000000001,1800.0,10.02,0.0,0.0008668529431317129,1.0,1.0019979960040077,True,True,True,True,True,4.254404783572079,1.3020714697407958,23,4.626635413079879,0.05353902556777225,-1.0979280042202304,-1.1004316579290037,-0.002503653708773257,-1.817888413755372,-1.831414211029288,-0.013525797273916007,0.8136030251408164,0.8128794597736165,-0.0007235653671998632,-0.3928256673471391,-0.39971166763019206,-0.006886000283052973
kovacs_eig_01_006,ps-kovacs-01.xlsx,55->90,55.0,90.0,600.0,300.0,0.4998,100.02,3.079354998593212,0.4770344045080135,1200.4801920768307,2.9994001199760048,False,True,True,False,True,3.769363667034982,2.07126399002314,23,2.1983056353690613,0.15252296237477164,-1.1977614957632745,-1.1805084539266282,0.017253041836646332,-1.9082959692093322,-1.9112980896148675,-0.003002120405535269,1.0,0.9926435573135635,-0.007356442686436537,-0.18880620872089904,-0.13888531888611727,0.04992088983478177
kovacs_eig_01_007,ps-kovacs-01.xlsx,50->70,50.0,70.0,10.000020000000001,1800.0,4.998,1800.0,0.30120461679766397,0.0,2.0008043217286917,1.0,True,True,True,False,True,1.999132278468773,2.255272505103306,23,0.8029996730848212,0.42316413449845236,-1.193298130178259,-1.1859178242754562,0.007380305902802808,-1.9742909268451183,-1.914176753166646,0.06011417367847227,0.8842756217858224,0.9485028374982534,0.06422721571243095,-0.06779129471525303,0.0059044641376503615,0.07369575885290339
kovacs_eig_01_008,ps-kovacs-01.xlsx,50->100,50.0,100.0,10.000020000000001,1800.0,10.02,1200.0,0.0008668529431317129,0.17609125905568135,1.0019979960040077,1.5,True,True,True,True,True,0.3020714697407957,0.556319872894008,23,2.079911570019465,0.17543763879137944,-0.9209352116157631,-0.908888594577256,0.012046617038507068,-1.8161675737894751,-1.8010367846067155,0.015130789182759674,0.6824451796922993,0.6827321242904361,0.000286944598136718,0.23945986149822052,0.18327359120698503,-0.05618627029123549
kovacs_eig_01_009,ps-kovacs-01.xlsx,50->85,50.0,85.0,10.000020000000001,60.0,100.0,100.02,0.9999991314119048,0.22193559982800548,9.999980000039999,1.667,False,False,False,False,True,0.5229655954919867,0.5007980957849099,23,1.090704714149871,0.07420761313354417,-0.7478574994172109,-0.7627881006829267,-0.01493060126571577,-1.6315597342153063,-1.6277669756651851,0.003792758550121178,0.5541885456617245,0.5491183119517508,-0.005070233709973726,-0.03052327631189189,-0.015455600248487703,0.015067676063404187
kovacs_eig_01_010,ps-kovacs-01.xlsx,75->100,75.0,100.0,10.000020000000001,1800.0,0.4998,100.02,1.3012046167976639,1.255185654891657,20.008043217286914,17.99640071985603,False,True,True,True,True,1.3020714697407958,1.255272505103306,23,1.3498605255730134,0.2404702698578289,-1.0508807941658473,-1.0702919427236472,-0.019411148557799907,-1.9177149893321301,-1.9010136206237342,0.01670136870839589,1.0,0.9252042391035243,-0.07479576089647566,0.10951427894813626,0.1295328384663986,0.02001855951826234
kovacs_eig_03_001,ps-kovacs-03.xlsx,50->65,50.0,65.0,10.000020000000001,1200.0,10.0,1200.0,8.685880952263858e-07,0.0,1.000002,1.0,True,True,True,True,True,1.000780871319578,1.7559837506765668,23,2.2127949164383702,0.17749679591279377,-0.9766531124625322,-0.9457834334467474,0.030869679015784746,-1.756735708550484,-1.7519484140925734,0.004787294457910596,0.7237340916329537,0.7417341551963201,0.018000063563366475,0.14885372300047384,0.10849580837514652,-0.04035791462532731
kovacs_eig_03_002,ps-kovacs-03.xlsx,50->75,50.0,75.0,10.000020000000001,10.000020000000001,30.0,30.0,0.47712038613156715,0.47712038613156715,2.999994000012,2.999994000012,True,True,True,False,True,0.5229569104708218,1.0492346237722554,23,0.5573913754171468,0.17382131091038033,-0.7054400065972599,-0.7112025276956987,-0.005762521098438778,-1.5364627714938504,-1.5697407846752727,-0.03327801318142232,0.5227557009355246,0.5038620850510884,-0.018893615884436166,-0.0010349900609126772,-0.024810693893888493,-0.023775703832975816
kovacs_eig_03_003,ps-kovacs-03.xlsx,65->65,65.0,65.0,10.000020000000001,1800.0,0.1002,4.998,1.9991331470568683,2.5564762533128746,99.80059880239523,360.1440576230492,False,True,True,False,False,1.6280575901013252,2.979120456111699,23,1.7925395587189004,0.3714993968729402,-1.2282772065476173,-1.151356518860593,0.07692068768702431,-1.9072257866189468,-1.8826047303557105,0.024621056263236296,0.9712188499356239,1.0031846592404776,0.03196580930485371,-0.10277037108461129,-0.041105125694985964,0.061665245389625326
kovacs_eig_03_004,ps-kovacs-03.xlsx,85->100,85.0,100.0,10.000020000000001,1200.0,10.02,1000.02,0.0008668529431317129,0.07917256024484454,1.0019979960040077,1.1999760004799904,True,True,True,True,True,1.3020714697407958,1.255272505103306,23,1.7426660542204342,0.14922417286763381,-1.134523977976264,-1.1395943583164614,-0.005070380340197467,-1.9859282590715772,-1.9888835857914613,-0.002955326719884077,1.0,0.9563618714248504,-0.04363812857514959,0.02587109513771968,-0.0032433086426060104,-0.02911440378032569
kovacs_eig_04_001,ps-kovacs-04.xlsx,75->100,75.0,100.0,10.000020000000001,10.000020000000001,60.0,30.0,0.7781503817955484,0.47712038613156715,5.999988000024,2.999994000012,False,False,False,True,True,2.301281913400053,2.0,23,1.872326569242542,0.15608693376862745,-0.9057661155393337,-0.9158077106653231,-0.010041595125989344,-1.7311784953547902,-1.7217220707628402,0.009456424591949952,0.8619113800231732,0.8335019234709251,-0.028409456552248136,-0.2006637786662424,-0.16785060131023116,0.03281317735601125
kovacs_eig_04_002,ps-kovacs-04.xlsx,50->70,50.0,70.0,100.0002,60.0,30.0,600.0,0.5228796138684328,0.9999999999999998,3.33334,10.0,False,False,False,False,True,0.969879625179043,4.070396268491913,23,0.4066668233577685,0.25166877586012093,-0.7669461678755922,-0.7477068569033367,0.019239310972255508,-1.6111502049293611,-1.64158564137945,-0.03043543645008895,0.5683339161632076,0.5070674791018396,-0.06126643706136803,0.07250366069395331,0.052629770448100834,-0.019873890245852475
kovacs_eig_04_003,ps-kovacs-04.xlsx,65->85,65.0,85.0,10.000020000000001,600.0,1000.02,900.0,2.000007817214685,0.17609125905568135,100.0017999964,1.5,False,False,False,True,True,4.2367956576665105,2.2376633791977376,23,1.0088332073579231,0.3224147641890084,-1.2646760373617463,-1.2513346223820294,0.013341414979716859,-1.984249498035962,-1.9818613589252048,0.0023881391107571925,1.0,0.8932506865741016,-0.10674931342589844,-0.2557207503193708,-0.31154148747269395,-0.05582073715332314
kovacs_eig_04_004,ps-kovacs-04.xlsx,50->70,50.0,70.0,10.000020000000001,300.0,10.02,100.0,0.0008668529431317129,0.4771212547196626,1.0019979960040077,3.0,True,True,True,True,True,0.7482046281082743,1.15194479928987,23,3.1604214758848044,0.06635587989871802,-0.7373120583218562,-0.7377412909102602,-0.0004292325884039938,-1.6103018579761605,-1.619240905050457,-0.008939047074296491,0.5463740052331666,0.5266134787142858,-0.019760526518880828,-0.00018221590335865123,0.0047899426730423494,0.004972158576401001
hs_02_001,ps-hs-02.xlsx,50->80,50.0,80.0,10.000020000000001,1800.0,4.998,1000.02,0.30120461679766397,0.2552638193005259,2.0008043217286917,1.7999640007199855,True,True,True,True,True,1.7306996496103868,1.255263820082141,23,6.892640200652691,0.07523967849698449,-1.2485008665932285,-1.2428995263258464,0.005601340267382016,-1.985984305698704,-1.9880742080621903,-0.0020899023634861624,0.9251827788768453,0.9355669846437485,0.010384205766903243,-0.12299403113022245,-0.1438127571451634,-0.020818726014940947
hs_02_002,ps-hs-02.xlsx,50->100,50.0,100.0,10.000020000000001,1800.0,4.998,1000.02,0.30120461679766397,0.2552638193005259,2.0008043217286917,1.7999640007199855,True,True,True,True,True,1.0988648301804975,1.255263820082141,23,3.338737174886292,0.14469720113400125,-1.010656848045086,-0.9900538122505271,0.0206030357945588,-1.8610288613138048,-1.8420071004112566,0.019021760902548257,0.7489320481744691,0.7864592452222857,0.037527197047816596,0.14973822506889767,0.1496138678815353,-0.00012435718736236723
hs_02_003,ps-hs-02.xlsx,65->100,65.0,100.0,10.000020000000001,1200.0,1000.02,1200.0,2.000007817214685,0.0,100.0017999964,1.0,False,False,False,True,True,2.3685091102204665,1.2552594775715584,24,0.5198883695615529,0.40125313586318057,-0.7818767824112554,-0.7782503405073072,0.003626441903948119,-1.7071930268539535,-1.6760108949457588,0.031182131908194632,0.6182427430524711,0.5733638555654099,-0.04487888748706115,0.37851829070272824,0.2621396072910425,-0.11637868341168572
kovacs_80_to_90_001,pskovacs.xlsx,80->90,80.0,90.0,49.98,0.1002,49.98,0.1002,0.0,0.0,1.0,1.0,True,True,True,True,True,0.5229655954919867,0.999219128680422,23,3.355935282719619,0.1952243197033801,-0.43107793286096485,-0.45078354958286215,-0.0197056167218973,-1.4669738389378029,-1.468602638911507,-0.0016287999737041314,0.27370844782473325,0.2701305476311441,-0.0035779001935891674,0.36561557880027207,0.29248927884348375,-0.07312629995678832
kovacs_80_to_90_002,pskovacs.xlsx,80->90,80.0,90.0,49.98,0.4998,60.0,1.0002,0.07935499859321249,0.3012905984212177,1.2004801920768309,2.0012004801920766,True,True,True,True,True,0.9999566919819651,1.5931221200223855,24,1.8007110101331556,0.18670830451817433,-0.5004594241511179,-0.5043961820636378,-0.003936757912519906,-1.459166987230859,-1.4890170681065673,-0.029850080875708285,0.3177615037600227,0.3254707274240495,0.007709223664026765,0.12390359991353961,0.168386703770176,0.0444831038566364
kovacs_80_to_90_003,pskovacs.xlsx,80->90,80.0,90.0,49.98,0.7979999999999999,100.0,0.798,0.30120374820956886,5.551115123125783e-17,2.0008003201280515,1.0000000000000002,True,True,True,True,True,0.5229655954919867,0.999219128680422,23,2.849699703771041,0.10325822693466043,-0.47254776430390805,-0.49834612688205093,-0.025798362578142886,-1.4915875845343378,-1.4984471689669565,-0.006859584432618693,0.30003928577895117,0.3090484995013561,0.00900921372240493,0.15943562997934274,0.17292201654839906,0.013486386569056319
kovacs_80_to_90_004,pskovacs.xlsx,80->90,80.0,90.0,49.98,1.0002,100.0,1.0002,0.30120374820956886,0.0,2.0008003201280515,1.0,True,True,True,True,True,1.0000000780585263,0.999219128680422,23,1.5763972462499942,0.13075715272890157,-0.505291845320093,-0.5053514387050262,-5.959338493322086e-05,-1.5075823210034065,-1.501275220802814,0.0063071002005925525,0.32082979929678856,0.31589088425649897,-0.004938915040289593,0.21204237778522605,0.1608462714562426,-0.05119610632898344
kovacs_80_to_90_005,pskovacs.xlsx,80->90,80.0,90.0,49.98,4.998,30.0,0.798,0.22167499707076876,0.7967933604397018,1.666,6.2631578947368425,False,False,False,True,True,1.0000000780585263,1.6979285302592042,23,2.452265134921793,0.09934459351917235,-0.555097865261066,-0.5348551894743583,0.020242675786707687,-1.5044589498514893,-1.497089785275202,0.007369164576287224,0.3524536133943853,0.3630663083687905,0.010612694974405201,0.16223635784425305,0.1480782470554853,-0.014158110788767747
kovacs_80_to_90_006,pskovacs.xlsx,80->90,80.0,90.0,49.98,10.020000000000001,100.02,4.998,0.30129059842121797,0.3020714697407957,2.001200480192077,2.0048019207683074,True,True,True,True,True,1.0000868502116491,2.0,24,0.8045132442757854,0.21584247690501146,-0.5759058693140657,-0.5789619792362537,-0.003056109922187966,-1.5606705424498715,-1.5375260652209464,0.023144477228925098,0.3656654390470666,0.3785550364186316,0.012889597371564976,0.1414283537912533,0.07835390338656026,-0.06307445040469303
kovacs_80_to_90_007,pskovacs.xlsx,80->90,80.0,90.0,49.98,49.98,300.0,0.4998,0.7783250029292315,2.0,6.002400960384154,99.99999999999999,False,True,True,True,False,1.4770344825665398,1.7580043389732012,23,0.7205369780053232,0.18042540354263054,-0.6829876298758301,-0.6655552976922507,0.017432332183579313,-1.61894611004148,-1.6430587219534163,-0.024112611911936366,0.43365588866062477,0.41158410694623915,-0.02207178171438562,0.034346593229488964,0.008280824941721894,-0.02606576828776707
kovacs_80_to_90_008,pskovacs.xlsx,80->90,80.0,90.0,49.98,100.02,30.0,60.0,0.22167499707076876,0.22193559982800548,1.666,1.667,True,True,True,True,False,1.4294178142688607,1.001522498300289,23,0.7843987258306051,0.13623610778564518,-0.7395259120880413,-0.743603860506279,-0.00407794841823772,-1.6663848600965965,-1.6574292935136496,0.008955566582946828,0.4695542826337911,0.5165994438094869,0.04704516117569574,-0.02219168898272228,-0.008443524820295555,0.013748164162426725
kovacs_80_to_90_009,pskovacs.xlsx,80->90,80.0,90.0,49.98,499.98,30.0,499.98,0.22167499707076876,0.0,1.666,1.0,True,True,True,True,True,1.7781512503836434,0.7781512503836434,23,1.3264899587256254,0.17524179002344467,-1.1409172062672797,-1.1251610534716285,0.015756152795651124,-1.9706512586640845,-1.9898883125024298,-0.019237053838345286,0.7244135081362819,0.75125098407482,0.026837475938538136,-0.1319619192249042,-0.15891861084279188,-0.02695669161788769
kovacs_80_to_90_010,pskovacs.xlsx,80->90,80.0,90.0,49.98,1000.0200000000001,300.0,1200.0,0.7783250029292315,0.07917256024484409,6.002400960384154,1.1999760004799902,False,False,False,False,True,1.2788451207023455,1.255272505103306,23,2.281564393232043,0.1598776773778007,-1.4520779412940008,-1.4828390311627324,-0.030761089868731606,-2.260744052237382,-2.2554311773282274,0.005312874909154441,0.9219817790123416,0.9286231291194107,0.006641350107069122,-0.44312265425162534,-0.48356653752134376,-0.04044388326971843
kovacs_80_to_90_011,pskovacs.xlsx,80->90,80.0,90.0,499.98,0.1002,300.0,49.98,0.22183137748963544,2.697928530259204,1.6666,498.8023952095808,False,True,True,True,False,1.698952632209298,2.260649270509158,25,1.7562950773834827,0.13340218324085373,-0.8672824372822605,-0.8814049755170515,-0.014122538234791038,-1.7983458825121397,-1.760068800441468,0.03827708207067171,0.5506719589163982,0.5439239727203364,-0.0067479861960617615,-0.07058892562102359,-0.07199305554714508,-0.001404129926121489
kovacs_80_to_90_012,pskovacs.xlsx,80->90,80.0,90.0,499.98,0.4998,499.98,1.0002,0.0,0.3012905984212177,1.0,2.0012004801920766,True,True,True,True,True,0.9778151250383642,3.4064606801625152,23,4.227910423474254,0.1297648099527249,-0.8745292435709252,-0.8763014281493055,-0.0017721845783802426,-1.8083779093451169,-1.7959857829650605,0.012392126380056379,0.5552732431616687,0.5594518157267394,0.004178572565070704,-0.2501662195062677,-0.20751026809978818,0.04265595140647954
kovacs_80_to_90_013,pskovacs.xlsx,80->90,80.0,90.0,499.98,0.7979999999999999,499.98,0.798,0.0,5.551115123125783e-17,1.0,1.0000000000000002,True,True,True,True,True,1.698952632209298,2.9294262756545018,23,2.869655485911039,0.1504724693235112,-0.8349612827884664,-0.8730942624454896,-0.038132979657023225,-1.78129010628785,-1.7955254387410708,-0.01423533245322095,0.5301499781931283,0.5561040404905129,0.025954062297384617,-0.2029778885052156,-0.19910313573732163,0.003874752767893952
kovacs_80_to_90_014,pskovacs.xlsx,80->90,80.0,90.0,499.98,1.0002,499.98,4.998,0.0,0.6987094015787824,1.0,4.997000599880025,False,True,True,True,True,0.9778151250383642,3.4064606801625152,23,1.9655330164173188,0.1533258661603255,-0.9263781596734751,-0.9139882938299437,0.012389865843531411,-1.819308134572531,-1.8092661719473502,0.010041962625180867,0.5881941729193998,0.5901470866791041,0.0019529137597043,-0.20904393656815612,-0.25911577349230674,-0.050071836924150626
kovacs_80_to_90_015,pskovacs.xlsx,80->90,80.0,90.0,499.98,4.998,499.98,0.798,0.0,0.7967933604397018,1.0,6.2631578947368425,False,True,True,True,True,0.9778151250383642,3.4064606801625152,23,2.0055875735305615,0.16186374130000977,-0.907013810482487,-0.8730942624454896,0.03391954803699737,-1.8166083193304983,-1.7955254387410708,0.021082880589427422,0.5758989808991881,0.5561040404905129,-0.019794940408675243,-0.18967958737716795,-0.19910313573732163,-0.009423548360153688
kovacs_80_to_90_016,pskovacs.xlsx,80->90,80.0,90.0,499.98,10.020000000000001,600.0,0.4998,0.07919861817434537,1.3020714697407958,1.2000480019200768,20.048019207683076,False,True,True,True,True,1.071419498733891,2.7580043389732016,23,4.868459647948104,0.08242969378779044,-0.9646127440642922,-0.9611094414319048,0.003503302632387406,-1.8502832400702394,-1.8649784163545795,-0.014695176284340139,0.6124708244227131,0.613983938941319,0.001513114518605918,-0.24727852095897318,-0.26519742871510976,-0.01791890775613658
kovacs_80_to_90_017,pskovacs.xlsx,80->90,80.0,90.0,499.98,49.98,600.0,4.998,0.07919861817434537,0.9999999999999999,1.2000480019200768,9.999999999999998,False,False,True,True,True,0.7781382228518958,2.7478440069951864,24,2.6932670158060663,0.15452389038589173,-1.0356919045869568,-1.0030283078197981,0.03266359676715869,-1.858551158392303,-1.8759647091555858,-0.01741355076328288,0.6576017977718369,0.6506036919790951,-0.006998105792741849,-0.3183576814816378,-0.33990352590300593,-0.021545844421368143
kovacs_80_to_90_018,pskovacs.xlsx,80->90,80.0,90.0,499.98,100.02,600.0,10.02,0.07919861817434537,0.9992191286804222,1.2000480019200768,9.982035928143713,False,False,True,True,True,0.7781425653624785,2.979835716462837,23,3.693613488572899,0.1389810129111253,-1.067731707374831,-1.0284748855798376,0.039256821794993346,-1.8678197800108083,-1.888054169440018,-0.02023438942920963,0.6779451371570798,0.6654898401526846,-0.012455297004395183,-0.3503974842695119,-0.34933756042673414,0.0010599238427777546
kovacs_80_to_90_019,pskovacs.xlsx,80->90,80.0,90.0,499.98,499.98,600.0,300.0,0.07919861817434537,0.22183137748963544,1.2000480019200768,1.6666,True,True,True,True,True,1.199672560457501,1.3724494943978722,23,3.97800576890096,0.08627577273452405,-1.39816464649038,-1.3881965060262527,0.009968140464127417,-2.1123785206478445,-2.134936040842218,-0.022557520194373737,0.8877500934795641,0.8847398675560914,-0.0030102259234727757,-0.3892093594480046,-0.3931700130172475,-0.003960653569242911
kovacs_80_to_90_020,pskovacs.xlsx,80->90,80.0,90.0,499.98,1000.0200000000001,300.0,1800.0,0.22183137748963544,0.25526381930052544,1.6666,1.7999640007199855,True,True,True,True,True,1.0791725610264598,1.4549363797580268,23,6.5135745513436865,0.08428909710288798,-1.5749529701655454,-1.5876356011809578,-0.012682631015412449,-2.347723840368177,-2.3370774306934905,0.010646409674686552,1.0,1.0036050709996553,0.0036050709996553465,-0.5659976831231699,-0.5513447697354618,0.014652913387708133
twostep_90_to_80_001,twosteps.xlsx,90->80,90.0,80.0,49.98,0.1002,10.02,30.0,0.6979285302592042,2.4762535331884354,4.9880239520958085,299.4011976047904,False,False,False,False,False,0.7783250029292311,0.6987962517904311,23,5.953619453288127,0.04586725490873872,-0.6181911738240923,-0.6191112668308956,-0.0009200930068032909,-1.569261002770586,-1.5629390193358428,0.006321983434743217,0.4255567761092365,0.43609765956252866,0.010540883453292182,0.17850233783714464,0.1732412167707183,-0.005261121066426344
twostep_90_to_80_002,twosteps.xlsx,90->80,90.0,80.0,49.98,0.4998,60.0,0.1002,0.07935499859321249,0.6979285302592043,1.2004801920768309,4.9880239520958085,False,True,True,True,True,0.7781512503836436,1.999132278468773,23,3.532593553863636,0.07080292401354987,-0.5775784788301425,-0.5854970845058058,-0.007918605675663382,-1.5466990414024093,-1.5451804011294654,0.0015186402729439052,0.3975993928877624,0.4058035449721523,0.008204152084389904,0.04678454523451503,0.027519716243586408,-0.01926482899092862
twostep_90_to_80_003,twosteps.xlsx,90->80,90.0,80.0,49.98,0.7979999999999999,49.98,0.1002,0.0,0.9011351698195025,1.0,7.964071856287425,False,True,True,True,True,0.9999999999999999,1.999132278468773,23,1.9228870059089866,0.09320590001418666,-0.5659452724693642,-0.5651484525740396,0.0007968198953246519,-1.5406298601978647,-1.5278283559075319,0.012801504290332888,0.38959120706381706,0.39731955612563724,0.007728349061820183,0.06603812181388657,0.04348123012119231,-0.022556891692694266
twostep_90_to_80_004,twosteps.xlsx,90->80,90.0,80.0,49.98,1.0002,60.0,4.998,0.07935499859321249,0.6987094015787824,1.2004801920768309,4.997000599880025,False,True,True,True,True,0.30129059842121797,1.9999132278468772,23,0.2002828962410735,0.4530545270716625,-0.6643395635740381,-0.6564417432186036,0.007897820355434515,-1.55837634193387,-1.582784940435225,-0.024408598501354906,0.457324877622455,0.4480628927322712,-0.009261984890183816,-0.18536446822646313,-0.010916457630185665,0.17444801059627746
twostep_90_to_80_005,twosteps.xlsx,90->80,90.0,80.0,49.98,4.998,60.0,30.0,0.07935499859321249,0.7783250029292311,1.2004801920768309,6.002400960384153,False,False,False,True,True,0.30129059842121797,2.279018873247933,23,1.6710558979461887,0.11235102138059658,-0.7158199465516587,-0.7087280680683863,0.007091878483272418,-1.6306477172909464,-1.6152876949466808,0.01536002234426559,0.4927634712816051,0.4838298796634418,-0.008933591618163261,0.01756178098751815,0.040237868355937255,0.022676087368419105
twostep_90_to_80_006,twosteps.xlsx,90->80,90.0,80.0,49.98,10.020000000000001,30.0,10.02,0.22167499707076876,0.0,1.666,1.0000000000000002,True,True,True,True,True,0.7780644782305208,1.977832500292923,23,1.1522556959249055,0.13937696579001635,-0.6283984548358714,-0.6073284475643247,0.02107000727154673,-1.5767591146383537,-1.5367175908511894,0.0400415237871643,0.4325833688270577,0.43206755501781824,-0.0005158138092394848,0.07600656170047582,0.07758901987045752,0.0015824581699817042
twostep_90_to_80_007,twosteps.xlsx,90->80,90.0,80.0,49.98,49.98,10.0,60.0,0.6987962517904311,0.07935499859321249,4.997999999999999,1.2004801920768309,False,True,True,True,True,1.7081934600141164,1.2234494131071298,23,2.3554511721765072,0.07942887771817442,-0.7031938790674884,-0.6931939182823326,0.00999996078515586,-1.6266899153221221,-1.6240407647298198,0.0026491505923023073,0.48407180954165585,0.4849750191672168,0.0009032096255609523,0.1362559495020571,0.1624802937674446,0.0262243442653875
twostep_90_to_80_008,twosteps.xlsx,90->80,90.0,80.0,49.98,100.02,60.0,60.0,0.07935499859321249,0.22193559982800548,1.2004801920768309,1.667,True,True,True,True,True,1.034174436361777,0.5229655954919867,24,34.79735759969176,0.00922838448904816,-0.747181432056476,-0.7458346983244102,0.0013467337320658412,-1.640884302634818,-1.6402815573983165,0.0006027452365016117,0.5143524120988421,0.5111498204654876,-0.003202591633354457,0.08047838811152397,0.08041151813291902,-6.686997860494426e-05
twostep_90_to_80_009,twosteps.xlsx,90->80,90.0,80.0,49.98,499.98,30.0,499.98,0.22167499707076876,0.0,1.666,1.0,True,True,True,True,True,2.8992972158123798,2.6303609597211928,23,1.190673647532023,0.23902504074720662,-0.9574425980140929,-0.9960494489541761,-0.038606850940083204,-1.8304893774114754,-1.8627650043535056,-0.03227562694203012,0.659094148497935,0.7122315670584852,0.05313741856055021,0.021534513966642188,0.018928662338925893,-0.002605851627716295
twostep_90_to_80_010,twosteps.xlsx,90->80,90.0,80.0,49.98,1000.0200000000001,60.0,900.0,0.07935499859321249,0.04576617636345581,1.2004801920768309,1.1111333333333335,True,True,True,True,True,1.271170223600261,0.6020599913279621,23,7.370427680240863,0.06866859018859789,-1.1029075061177083,-1.089290700524312,0.013616805593396286,-1.9503498543463131,-1.9479304857226922,0.00241936862362091,0.7592307728154082,0.7450543309009093,-0.01417644191449885,0.022599329345297736,0.014776246409431947,-0.00782308293586579
twostep_90_to_80_011,twosteps.xlsx,90->80,90.0,80.0,499.98,0.1002,300.0,100.0,0.22183137748963544,2.999132278468773,1.6666,998.003992015968,False,False,True,True,False,0.3010299956639808,2.929417590633337,23,6.909564617672474,0.07156316064944454,-1.0605046349431555,-1.0745602423389369,-0.014055607395781378,-1.9085716988377432,-1.9020342216899233,0.006537477147819937,0.7300410497671256,0.7272323380244363,-0.0028087117426892627,-0.2638111232819186,-0.25079723405834564,0.013013889223572939
twostep_90_to_80_012,twosteps.xlsx,90->80,90.0,80.0,499.98,0.4998,499.98,0.1002,0.0,0.6979285302592043,1.0,4.9880239520958085,False,True,True,True,True,0.3010299956639808,2.9293394254428526,23,1.7503621151139217,0.2278499965687657,-1.0051608376611003,-1.0236975259600052,-0.01853668829890487,-1.874845098812816,-1.8960368547453048,-0.021191755932488787,0.6919429193727628,0.7068033994335184,0.014860480060755688,-0.3807978135964428,-0.3235776570501503,0.05722015654629253
twostep_90_to_80_013,twosteps.xlsx,90->80,90.0,80.0,499.98,0.7979999999999999,300.0,30.0,0.22183137748963544,1.575118363368933,1.6666,37.59398496240602,False,False,True,True,True,0.2931101338465463,2.9293394254428526,23,1.6443492205431507,0.22188862465235257,-0.9913333037734842,-1.019409600810547,-0.028076297037062936,-1.8611727076085165,-1.865369338297898,-0.004196630689381475,0.6824241798761203,0.6801792776098433,-0.002244902266276938,-0.3593499094902334,-0.2821362859270338,0.07721362356319955
twostep_90_to_80_014,twosteps.xlsx,90->80,90.0,80.0,499.98,1.0002,499.98,1.0002,0.0,0.0,1.0,1.0,True,True,True,True,True,0.3010299956639808,2.999132278468773,23,0.649753172749113,0.5018412298096284,-1.0672621674292992,-1.0610591179236275,0.006203049505671743,-1.9162596514127033,-1.9151657391160783,0.0010939122966249215,0.7346928692382252,0.7280324994998553,-0.00666036973836992,-0.5882870720817243,-0.35900671192428585,0.2292803601574384
twostep_90_to_80_015,twosteps.xlsx,90->80,90.0,80.0,499.98,4.998,499.98,0.798,0.0,0.7967933604397018,1.0,6.2631578947368425,False,True,True,True,True,0.3010299956639808,2.9293394254428526,23,4.00619858871382,0.10473407521231227,-1.084118711759783,-1.0571896605409803,0.026929051218802735,-1.906854475686884,-1.9131213377659182,-0.006266862079034263,0.7462967499880081,0.7258128672762599,-0.02048388271174817,-0.3507369842206062,-0.3555587586832342,-0.004821774462628048
twostep_90_to_80_016,twosteps.xlsx,90->80,90.0,80.0,499.98,10.020000000000001,600.0,1.0002,0.07919861817434537,1.000780871319578,1.2000480019200768,10.017996400719857,False,True,True,True,True,0.07919861817434537,2.9293394254428526,23,4.373998847562571,0.0822264609692481,-1.1195588342516298,-1.1025118110748733,0.01704702317675655,-1.950460943656326,-1.947802448974447,0.0026584946818790645,0.7706933847365306,0.766992726603534,-0.0037006581329965815,-0.4151538177152826,-0.3954734551161009,0.01968036259918171
twostep_90_to_80_017,twosteps.xlsx,90->80,90.0,80.0,499.98,49.98,499.98,49.98,0.0,0.0,1.0,1.0,True,True,True,True,True,0.43732899106513035,3.428550092737634,23,1.3178499919477757,0.2077270299936529,-1.1543538245027392,-1.1606162351998894,-0.006262410697150278,-1.9834801672800872,-1.9765534140466128,0.00692675323347447,0.7946459167411817,0.7947501687893938,0.00010425204821207235,-0.3149039959331936,-0.40120753625368777,-0.08630354032049414
twostep_90_to_80_018,twosteps.xlsx,90->80,90.0,80.0,499.98,100.02,499.98,100.02,0.0,0.0,1.0,1.0,True,True,True,True,False,0.3010560535934821,2.929417590633337,23,2.6717709137871175,0.09874906815804492,-1.2172986158849137,-1.1950596595614464,0.022238956323467285,-2.011872685560302,-2.0008853505572044,0.010987335003097787,0.8379764973571528,0.8233863723607528,-0.0145901249964,-0.38963879571691373,-0.3943902813731641,-0.004751485656250387
twostep_90_to_80_019,twosteps.xlsx,90->80,90.0,80.0,499.98,499.98,499.98,499.98,0.0,0.0,1.0,1.0,True,True,True,True,True,1.1539063840940456,1.5485407534535536,23,2.0861241977479166,0.22124790647261378,-1.2941209119688848,-1.3324827604489742,-0.03836184848008939,-2.1225635527165645,-2.1099858396493687,0.012577713067195795,0.8908602168909853,0.9352187732467823,0.044358556355796996,-0.3151437999881497,-0.3400732155456602,-0.024929415557510548
twostep_90_to_80_020,twosteps.xlsx,90->80,90.0,80.0,499.98,1000.0200000000001,499.98,1000.02,0.0,4.440892098500626e-16,1.0,1.0000000000000002,True,True,True,True,True,2.2102656954174584,0.7781512503836434,24,3.4777132452828763,0.18454161528612548,-1.4526643882305574,-1.4155066371255407,0.037157751105016734,-2.2099385548251513,-2.2095692305741927,0.00036932425095859145,1.0,0.9589431210304408,-0.04105687896955923,-0.32715755276755143,-0.35272263494408057,-0.02556508217652914
