mode,T1_C,t1_s,T2_C,t2_s,total_anneal_time_s,condition_key,rank,loss,target_loss,mean_uncertainty,target_activation_enthalpy_H_star_kj_mol,pred_activation_enthalpy_H_star_kj_mol,error_activation_enthalpy_H_star_kj_mol,target_activation_entropy_S_star_j_mol_K,pred_activation_entropy_S_star_j_mol_K,error_activation_entropy_S_star_j_mol_K
single_step,50,300,,,300,single_step|70|300||,1,0.06576698243650025,0.0004426331339673576,3.016217465126645,427.25184355786695,427.2752117775749,0.023368219707947446,910.2131890320542,910.2758743131205,0.06268528106636495
single_step,50,600,,,600,single_step|70|300||,2,0.06580314575800728,0.0003785414168663692,2.7712302170570453,427.25184355786695,427.27182360648624,0.019980048619288482,910.2131890320542,910.2668113112562,0.05362227920204532
single_step,55,900,,,900,single_step|70|300||,3,0.071364300605412,0.000389967660801176,2.7987166472305414,427.25184355786695,427.2724484023881,0.02060484452113087,910.2131890320542,910.2683647967311,0.05517576467696017
single_step,55,1200,,,1200,single_step|70|300||,4,0.0729592166358232,0.0003450411093672301,2.6307087763227988,427.25184355786695,427.2700714742587,0.018227916391765575,910.2131890320542,910.262017615689,0.0488285836348723
single_step,50,900,,,900,single_step|70|300||,5,0.07390612735484772,0.00042466700363244546,2.9240730175607643,427.25184355786695,427.27425472632063,0.022411168453686514,910.2131890320542,910.2733556277828,0.06016659572867411
single_step,55,600,,,600,single_step|70|300||,6,0.07416514400926076,0.0005036630521224576,3.1830740478569153,427.25184355786695,427.2784595090619,0.02661595119496951,910.2131890320542,910.284440094106,0.07125106205182874
single_step,55,1800,,,1800,single_step|70|300||,7,0.0824961277278777,0.00033990672071581684,2.607811050358095,427.25184355786695,427.2697936290983,0.017950071231325637,910.2131890320542,910.2613108345749,0.04812180252076814
single_step,50,1200,,,1200,single_step|70|300||,8,0.08475017534235324,0.0005145641050008484,3.211780561867619,427.25184355786695,427.27899636617695,0.02715280831000655,910.2131890320542,910.2860998386244,0.07291080657023485
single_step,55,300,,,300,single_step|70|300||,9,0.08914849412067363,0.0008604624369208598,4.1644015841876385,427.25184355786695,427.2973188447569,0.04547528688993907,910.2131890320542,910.3349019024606,0.12171287040644074
single_step,50,100,,,100,single_step|70|300||,10,0.0950154278525238,0.0010279015343659618,4.616042982574559,427.25184355786695,427.3061135001505,0.054269942283553974,910.2131890320542,910.3587496655133,0.14556063345912662
two_step,50,10,55,1800,1810,single_step|90|100||,1,1.0751956506039595,0.8858043485239034,7.961231770669463,540.6682955354911,587.0673726644519,46.39907712896081,1213.5745978534464,1340.118671023735,126.54407317028858
two_step,50,10,55,1200,1210,single_step|90|100||,2,1.079479788714891,0.8851151519499687,8.709898504912777,540.6682955354911,587.0310716017077,46.36277606621661,1213.5745978534464,1340.0208152397872,126.44621738634078
two_step,50,10,60,1800,1810,single_step|90|100||,3,1.1091221332057037,0.8840992454428624,9.742811054808731,540.6682955354911,586.977542946112,46.309247410620856,1213.5745978534464,1339.8766292544426,126.30203140099616
two_step,50,10,55,900,910,single_step|90|100||,4,1.1161795186410264,0.8830641145314595,10.897436872145006,540.6682955354911,586.9230075616316,46.25471202614051,1213.5745978534464,1339.7296961344628,126.15509828101631
two_step,50,10,60,1200,1210,single_step|90|100||,5,1.1331649369210977,0.8821952198754199,11.54015251895055,540.6682955354911,586.8772393438614,46.20894380837035,1213.5745978534464,1339.6063323909614,126.03173453751492
two_step,55,10,55,1200,1210,single_step|90|100||,6,1.1376137724065882,0.8825517740263141,11.744766585680377,540.6682955354911,586.895976597702,46.22768106221088,1213.5745978534464,1339.657086874708,126.08248902126161
two_step,55,10,55,1800,1810,single_step|90|100||,7,1.14492038583662,0.8830857295107178,11.583399482961772,540.6682955354911,586.9240718995591,46.25577636406797,1213.5745978534464,1339.732987614458,126.15838976101145
two_step,55,10,60,1800,1810,single_step|90|100||,8,1.1478990576218564,0.8821844013874052,11.77739947838923,540.6682955354911,586.8766498236258,46.20835428813473,1213.5745978534464,1339.6048554052638,126.03025755181739
two_step,50,10,50,1800,1810,single_step|90|100||,9,1.168974088492694,0.8817230412363597,12.854219029483382,540.6682955354911,586.8522490873504,46.183953551859304,1213.5745978534464,1339.5396495687764,125.96505171532999
two_step,50,10,50,1200,1210,single_step|90|100||,10,1.1691569458991546,0.880857541710949,13.406636876076947,540.6682955354911,586.8066603519045,46.1383648164134,1213.5745978534464,1339.416765917491,125.84216806404447
two_step,95,10,100,600,610,single_step|95|100.02||,1,0.5430502189567972,0.33173449375421304,10.057452926795875,455.4153145851741,473.1534434947198,17.738128909545708,986.8656138214928,1033.1715752191196,46.30596139762679
two_step,90,10,100,600,610,single_step|95|100.02||,2,0.5534819200078029,0.33245778704478257,10.542873314817683,455.4153145851741,473.19155314745257,17.77623856227848,986.8656138214928,1033.2742342480922,46.40862042659933
two_step,90,30,100,1800,1830,single_step|95|100.02||,3,0.5875127068286703,0.3330237194491389,11.199449368976572,455.4153145851741,473.2213398276021,17.806025242428007,986.8656138214928,1033.3546539289505,46.48904010745764
two_step,85,10,100,600,610,single_step|95|100.02||,4,0.5883224938929811,0.3341603232734516,12.199775197643143,455.4153145851741,473.28115670588454,17.865842120710454,986.8656138214928,1033.516184441397,46.6505706199041
two_step,95,30,100,1800,1830,single_step|95|100.02||,5,0.5899568703364083,0.33266404114256354,11.339641459692242,455.4153145851741,473.2023432103087,17.78702862513461,986.8656138214928,1033.303740288858,46.43812646736524
two_step,100,10,100,600,610,single_step|95|100.02||,6,0.5967286467182349,0.3332557316523501,12.665312419960904,455.4153145851741,473.23337429473435,17.81805970956026,986.8656138214928,1033.388154188517,46.52254036702425
single_step,50,300,,,300,single_step|95|100.02||,7,0.6020245090730992,0.5367001597705663,3.016217465126645,455.4153145851741,427.2752117775749,-28.14010280759919,986.8656138214928,910.2758743131205,-76.5897395083723
single_step,50,600,,,600,single_step|95|100.02||,8,0.6021888558288082,0.5367642514876673,2.7712302170570453,455.4153145851741,427.27182360648624,-28.14349097868785,986.8656138214928,910.2668113112562,-76.59880251023662
single_step,55,900,,,900,single_step|95|100.02||,9,0.6077271581883433,0.5367528252437325,2.7987166472305414,455.4153145851741,427.2724484023881,-28.14286618278601,986.8656138214928,910.2683647967311,-76.59724902476171
two_step,100,10,100,900,910,single_step|95|100.02||,10,0.6085507275494015,0.33518049004102823,12.910178542085331,455.4153145851741,473.334950931603,17.919636346428888,986.8656138214928,1033.6608517945147,46.79523797302181
two_step,95,10,100,600,610,two_step|50|10|100|1800,1,0.3820579382678815,0.1707422130652973,10.057452926795875,464.080702165651,473.1534434947198,9.072741329068776,1009.1671352867368,1033.1715752191196,24.004439932382866
two_step,90,10,100,600,610,two_step|50|10|100|1800,2,0.39248963931888714,0.17146550635586683,10.542873314817683,464.080702165651,473.19155314745257,9.110850981801548,1009.1671352867368,1033.2742342480922,24.107098961355405
two_step,90,30,100,1800,1830,two_step|50|10|100|1800,3,0.4265204261397546,0.17203143876022314,11.199449368976572,464.080702165651,473.2213398276021,9.140637661951075,1009.1671352867368,1033.3546539289505,24.187518642213718
two_step,85,10,100,600,610,two_step|50|10|100|1800,4,0.4273302132040654,0.17316804258453583,12.199775197643143,464.080702165651,473.28115670588454,9.200454540233522,1009.1671352867368,1033.516184441397,24.34904915466018
two_step,95,30,100,1800,1830,two_step|50|10|100|1800,5,0.4289645896474926,0.17167176045364785,11.339641459692242,464.080702165651,473.2023432103087,9.121641044657679,1009.1671352867368,1033.303740288858,24.136605002121314
two_step,100,10,100,600,610,two_step|50|10|100|1800,6,0.4357363660293191,0.17226345096343437,12.665312419960904,464.080702165651,473.23337429473435,9.152672129083328,1009.1671352867368,1033.388154188517,24.221018901780326
two_step,100,10,100,900,910,two_step|50|10|100|1800,7,0.44755844686048585,0.17418820935211254,12.910178542085331,464.080702165651,473.334950931603,9.254248765951957,1009.1671352867368,1033.6608517945147,24.49371650777789
two_step,85,30,100,1800,1830,two_step|50|10|100|1800,8,0.4600463763661332,0.17380314613367961,12.787161511622681,464.080702165651,473.3145886013839,9.23388643573287,1009.1671352867368,1033.606419819642,24.439284532905276
two_step,95,10,100,900,910,two_step|50|10|100|1800,9,0.47322982282119336,0.17579961624907148,14.113176995272761,464.080702165651,473.41984927460175,9.339147108950726,1009.1671352867368,1033.889578834606,24.72244354786926
two_step,80,10,100,600,610,two_step|50|10|100|1800,10,0.4757457330817798,0.17571662802052213,14.493121919729552,464.080702165651,473.41521600631245,9.33451384066143,1009.1671352867368,1033.878582170909,24.711446884172346
two_step,50,10,55,1800,1810,two_step|50|10|80|1800,1,0.19211169932105965,0.002720397241003714,7.961231770669463,587.2107401307184,587.0673726644519,-0.14336746626645436,1340.5046877972368,1340.118671023735,-0.38601677350175123
two_step,50,10,55,1200,1210,two_step|50|10|80|1800,2,0.19777423057986063,0.0034095938149384135,8.709898504912777,587.2107401307184,587.0310716017077,-0.17966852901065522,1340.5046877972368,1340.0208152397872,-0.48387255744955837
two_step,50,10,60,1800,1810,two_step|50|10|80|1800,3,0.229448388084886,0.004425500322044702,9.742811054808731,587.2107401307184,586.977542946112,-0.2331971846064107,1340.5046877972368,1339.8766292544426,-0.6280585427941787
two_step,50,10,55,900,910,two_step|50|10|80|1800,4,0.23857603534301441,0.0054606312334476576,10.897436872145006,587.2107401307184,586.9230075616316,-0.2877325690867565,1340.5046877972368,1339.7296961344628,-0.7749916627740276
two_step,50,10,60,1200,1210,two_step|50|10|80|1800,5,0.2572992429351649,0.00632952588948721,11.54015251895055,587.2107401307184,586.8772393438614,-0.3335007868569164,1340.5046877972368,1339.6063323909614,-0.8983554062754138
two_step,55,10,55,1200,1210,two_step|50|10|80|1800,6,0.2610349701188672,0.005972971738592984,11.744766585680377,587.2107401307184,586.895976597702,-0.3147635330163894,1340.5046877972368,1339.657086874708,-0.8476009225287271
two_step,55,10,55,1800,1810,two_step|50|10|80|1800,7,0.2672736725800913,0.005439016254189254,11.583399482961772,587.2107401307184,586.9240718995591,-0.28666823115929674,1340.5046877972368,1339.732987614458,-0.7717001827788863
two_step,55,10,60,1800,1810,two_step|50|10|80|1800,8,0.27205500061195315,0.006340344377501878,11.77739947838923,587.2107401307184,586.8766498236258,-0.33409030709253784,1340.5046877972368,1339.6048554052638,-0.8998323919729501
two_step,50,10,50,1800,1810,two_step|50|10|80|1800,9,0.29405275178488177,0.006801704528547437,12.854219029483382,587.2107401307184,586.8522490873504,-0.35849104336796245,1340.5046877972368,1339.5396495687764,-0.9650382284603438
two_step,50,10,50,1200,1210,two_step|50|10|80|1800,10,0.2959666082421638,0.007667204053958206,13.406636876076947,587.2107401307184,586.8066603519045,-0.40407977881386614,1340.5046877972368,1339.416765917491,-1.0879218797458634
two_step,95,10,100,600,610,two_step|65|10|100|1200,1,0.2155921499391855,0.004276424736601333,10.057452926795875,472.92829617146856,473.1534434947198,0.22514732325123532,1032.564089767893,1033.1715752191196,0.6074854512266938
two_step,90,10,100,600,610,two_step|65|10|100|1200,2,0.22602385099019115,0.004999718027170843,10.542873314817683,472.92829617146856,473.19155314745257,0.26325697598400666,1032.564089767893,1033.2742342480922,0.7101444801992329
two_step,90,30,100,1800,1830,two_step|65|10|100|1200,3,0.2600546378110586,0.0055656504315271605,11.199449368976572,472.92829617146856,473.2213398276021,0.2930436561335341,1032.564089767893,1033.3546539289505,0.7905641610575458
two_step,85,10,100,600,610,two_step|65|10|100|1200,4,0.26086442487536937,0.0067022542558398375,12.199775197643143,472.92829617146856,473.28115670588454,0.3528605344159814,1032.564089767893,1033.516184441397,0.952094673504007
two_step,95,30,100,1800,1830,two_step|65|10|100|1200,5,0.26249880131879666,0.0052059721249518515,11.339641459692242,472.92829617146856,473.2023432103087,0.2740470388401377,1032.564089767893,1033.303740288858,0.7396505209651423
two_step,100,10,100,600,610,two_step|65|10|100|1200,6,0.2692705777006231,0.005797662634738382,12.665312419960904,472.92829617146856,473.23337429473435,0.30507812326578687,1032.564089767893,1033.388154188517,0.8240644206241541
two_step,100,10,100,900,910,two_step|65|10|100|1200,7,0.28109265853178983,0.007722421023416549,12.910178542085331,472.92829617146856,473.334950931603,0.4066547601344155,1032.564089767893,1033.6608517945147,1.0967620266217182
two_step,85,30,100,1800,1830,two_step|65|10|100|1200,8,0.29358058803743725,0.00733735780498364,12.787161511622681,472.92829617146856,473.3145886013839,0.3862924299153292,1032.564089767893,1033.606419819642,1.0423300517491043
two_step,95,10,100,900,910,two_step|65|10|100|1200,9,0.30676403449249734,0.009333827920375484,14.113176995272761,472.92829617146856,473.41984927460175,0.49155310313318523,1032.564089767893,1033.889578834606,1.3254890667130894
two_step,80,10,100,600,610,two_step|65|10|100|1200,10,0.30927994475308385,0.009250839691826135,14.493121919729552,472.92829617146856,473.41521600631245,0.48691983484388857,1032.564089767893,1033.878582170909,1.3144924030161746
