condition_key,actual_t1_s,actual_t2_s,mode,T1_C,T2_C,t1_s,t2_s,total_anneal_time_s,rank,loss,target_loss,mean_uncertainty,loss_components,pred_delta_h_total_J_g,uncertainty_delta_h_total_J_g,target_delta_h_total_J_g,error_delta_h_total_J_g,pred_peak_area_J_g,uncertainty_peak_area_J_g,target_peak_area_J_g,error_peak_area_J_g,pred_activation_enthalpy_H_star_kj_mol,uncertainty_activation_enthalpy_H_star_kj_mol,target_activation_enthalpy_H_star_kj_mol,error_activation_enthalpy_H_star_kj_mol,pred_activation_entropy_S_star_j_mol_K,uncertainty_activation_entropy_S_star_j_mol_K,target_activation_entropy_S_star_j_mol_K,error_activation_entropy_S_star_j_mol_K
two_step|50|10|100|1800,10.0,1800.0,two_step,50,100,10,600,610,1,0.2022928893836052,0.18815302776025866,22.17800416534089,"{'target_loss': 0.18815302776025866, 'time_penalty': 0.005083333333333334, 'uncertainty_penalty': 0.009056528290013209}",-0.8336482503540608,0.09577530509475474,-0.8697079248385762,0.036059674484515414,-1.8243827760178786,0.05491324999328217,-1.8294959836536144,0.005113207635735861,478.1977931100586,23.970799736556852,464.080702165651,14.117090944407607,1046.763068281972,64.59052836971867,1009.1671352867368,37.595932995235216
two_step|50|10|100|1800,10.0,1800.0,two_step,50,100,30,1200,1230,2,0.20329850714987704,0.18199688777402942,16.3207095398024,"{'target_loss': 0.18199688777402942, 'time_penalty': 0.01025, 'uncertainty_penalty': 0.011051619375847633}",-0.8321675680452766,0.16568724011463748,-0.8697079248385762,0.03754035679329959,-1.8144146336311293,0.0927564637057822,-1.8294959836536144,0.015081350022485118,475.3335944101151,17.61603392138729,464.080702165651,11.252892244464078,1039.0497659045354,47.408360534001886,1009.1671352867368,29.882630617798668
two_step|50|10|100|1800,10.0,1800.0,two_step,50,100,30,1800,1830,3,0.21313073797770765,0.18824783054185523,23.589025821819675,"{'target_loss': 0.18824783054185523, 'time_penalty': 0.01525, 'uncertainty_penalty': 0.009632907435852415}",-0.8365652924543625,0.10187176056669697,-0.8697079248385762,0.033142632384213666,-1.8260507238785866,0.05840970672833226,-1.8294959836536144,0.0034452597750278535,478.92993361450874,25.495882687399032,464.080702165651,14.849231448857722,1048.7358652366997,68.69993913258463,1009.1671352867368,39.56872994996297
two_step|50|10|100|1800,10.0,1800.0,two_step,50,100,10,900,910,4,0.24996883980795861,0.22914067505751678,32.50159003455639,"{'target_loss': 0.22914067505751678, 'time_penalty': 0.007583333333333333, 'uncertainty_penalty': 0.013244831417108504}",-0.8606771318457674,0.1397610806085723,-0.8697079248385762,0.009030792992808734,-1.839911532128926,0.08014888585314975,-1.8294959836536144,-0.010415548475311676,485.00186504733324,35.12909910417538,464.080702165651,20.92116288168222,1065.097016383157,94.65735106758846,1009.1671352867368,55.92988109642033
two_step|50|10|100|1800,10.0,1800.0,two_step,50,100,10,1200,1210,5,0.3445380135806765,0.3187506562477297,38.53918919205386,"{'target_loss': 0.3187506562477297, 'time_penalty': 0.010083333333333333, 'uncertainty_penalty': 0.015704023999613455}",-0.8843478323107127,0.1656971353269799,-0.8697079248385762,-0.014639907472136504,-1.853487073785486,0.09502326588909635,-1.8294959836536144,-0.023991090131871617,490.95405146488315,41.654801127067564,464.080702165651,26.87334929923213,1081.1355234583393,112.2412352399318,1009.1671352867368,71.96838817160256
two_step|50|10|100|1800,10.0,1800.0,two_step,50,100,10,1800,1810,6,0.5117297409749002,0.47846305510372644,44.623482306158714,"{'target_loss': 0.47846305510372644, 'time_penalty': 0.015083333333333332, 'uncertainty_penalty': 0.01818335253784046}",-0.9180495165962036,0.19185704967138253,-0.8697079248385762,-0.04834159175762742,-1.8728119476718057,0.11002663891931787,-1.8294959836536144,-0.043315964018191266,499.42762382564865,48.230964603979146,464.080702165651,35.34692165999763,1103.9680510682308,129.96108093206502,1009.1671352867368,94.80091578149404
two_step|50|10|100|1800,10.0,1800.0,two_step,50,100,900,10,910,7,0.8662773518310848,0.8113660764577562,52.84478848826224,"{'target_loss': 0.8113660764577562, 'time_penalty': 0.007583333333333333, 'uncertainty_penalty': 0.0473279420399953}",-1.183007070241847,0.7505435863087133,-0.8697079248385762,-0.31329914540327075,-1.7678207511811637,0.4616651649320859,-1.8294959836536144,0.06167523247245077,495.8653777561917,57.03652567243907,464.080702165651,31.7846755905407,1094.4946655614106,153.13041952936908,1009.1671352867368,85.32753027467379
two_step|50|10|100|1800,10.0,1800.0,two_step,50,100,600,10,610,8,0.8684969650564742,0.8158158668153225,52.67563573860704,"{'target_loss': 0.8158158668153225, 'time_penalty': 0.005083333333333334, 'uncertainty_penalty': 0.04759776490781842}",-1.18622532706294,0.7571366132757871,-0.8697079248385762,-0.31651740222436375,-1.7645000330999556,0.4653071162676091,-1.8294959836536144,0.06499595055365881,495.23707719225064,56.85378079510077,464.080702165651,31.15637502659962,1092.8041510659446,152.62631842978402,1009.1671352867368,83.63701577920779
two_step|50|10|100|1800,10.0,1800.0,two_step,50,100,1200,10,1210,9,0.9143377334199227,0.8556693077691719,53.91772699121195,"{'target_loss': 0.8556693077691719, 'time_penalty': 0.010083333333333333, 'uncertainty_penalty': 0.04858509231741752}",-1.2049468217919894,0.7696443217507787,-0.8697079248385762,-0.33523889695341325,-1.7629954233456842,0.47623452067900013,-1.8294959836536144,0.06650056030793028,496.6645375395002,58.19656453639633,464.080702165651,32.58383537384918,1096.6566253717128,156.2284645860217,1009.1671352867368,87.48949008497607
two_step|50|10|100|1800,10.0,1800.0,two_step,50,100,10,300,310,10,0.9317348058290306,0.8798102855477015,54.30094655318406,"{'target_loss': 0.8798102855477015, 'time_penalty': 0.002583333333333333, 'uncertainty_penalty': 0.04934118694799573}",-1.217827226902161,0.7827623483782428,-0.8697079248385762,-0.3481193020635849,-1.758632348252955,0.48533854242028346,-1.8294959836536144,0.07086363540065954,496.6266719010148,58.611075674654835,464.080702165651,32.54596973536377,1096.5601877069705,157.3246096472829,1009.1671352867368,87.39305242023374
two_step|50|10|80|1800,10.0,1800.0,two_step,50,80,10,10,20,1,1.9955068774833107,1.9505321379390594,34.79332614396147,"{'target_loss': 1.9505321379390594, 'time_penalty': 0.00016666666666666666, 'uncertainty_penalty': 0.044808072877584586}",-1.1395205268546478,0.7947655822180824,-1.2671552427696309,0.1276347159149831,-1.7097668702278015,0.4637702772496843,-2.073021479694054,0.36325460946625254,472.06889040313035,37.566840137442405,587.2107401307184,-115.14184972758801,1030.4769251523246,100.34792857893571,1340.5046877972368,-310.0277626449122
two_step|50|10|80|1800,10.0,1800.0,two_step,50,80,10,30,40,2,1.9956735441499773,1.9505321379390594,34.79332614396147,"{'target_loss': 1.9505321379390594, 'time_penalty': 0.0003333333333333333, 'uncertainty_penalty': 0.044808072877584586}",-1.1395205268546478,0.7947655822180824,-1.2671552427696309,0.1276347159149831,-1.7097668702278015,0.4637702772496843,-2.073021479694054,0.36325460946625254,472.06889040313035,37.566840137442405,587.2107401307184,-115.14184972758801,1030.4769251523246,100.34792857893571,1340.5046877972368,-310.0277626449122
two_step|50|10|80|1800,10.0,1800.0,two_step,50,80,30,10,40,3,1.9956735441499773,1.9505321379390594,34.79332614396147,"{'target_loss': 1.9505321379390594, 'time_penalty': 0.0003333333333333333, 'uncertainty_penalty': 0.044808072877584586}",-1.1395205268546478,0.7947655822180824,-1.2671552427696309,0.1276347159149831,-1.7097668702278015,0.4637702772496843,-2.073021479694054,0.36325460946625254,472.06889040313035,37.566840137442405,587.2107401307184,-115.14184972758801,1030.4769251523246,100.34792857893571,1340.5046877972368,-310.0277626449122
two_step|50|10|80|1800,10.0,1800.0,two_step,50,80,30,30,60,4,1.995840210816644,1.9505321379390594,34.79332614396147,"{'target_loss': 1.9505321379390594, 'time_penalty': 0.0004999999999999999, 'uncertainty_penalty': 0.044808072877584586}",-1.1395205268546478,0.7947655822180824,-1.2671552427696309,0.1276347159149831,-1.7097668702278015,0.4637702772496843,-2.073021479694054,0.36325460946625254,472.06889040313035,37.566840137442405,587.2107401307184,-115.14184972758801,1030.4769251523246,100.34792857893571,1340.5046877972368,-310.0277626449122
two_step|50|10|80|1800,10.0,1800.0,two_step,50,80,10,60,70,5,1.9959235441499774,1.9505321379390594,34.79332614396147,"{'target_loss': 1.9505321379390594, 'time_penalty': 0.0005833333333333334, 'uncertainty_penalty': 0.044808072877584586}",-1.1395205268546478,0.7947655822180824,-1.2671552427696309,0.1276347159149831,-1.7097668702278015,0.4637702772496843,-2.073021479694054,0.36325460946625254,472.06889040313035,37.566840137442405,587.2107401307184,-115.14184972758801,1030.4769251523246,100.34792857893571,1340.5046877972368,-310.0277626449122
two_step|50|10|80|1800,10.0,1800.0,two_step,50,80,60,10,70,6,1.9959235441499774,1.9505321379390594,34.79332614396147,"{'target_loss': 1.9505321379390594, 'time_penalty': 0.0005833333333333334, 'uncertainty_penalty': 0.044808072877584586}",-1.1395205268546478,0.7947655822180824,-1.2671552427696309,0.1276347159149831,-1.7097668702278015,0.4637702772496843,-2.073021479694054,0.36325460946625254,472.06889040313035,37.566840137442405,587.2107401307184,-115.14184972758801,1030.4769251523246,100.34792857893571,1340.5046877972368,-310.0277626449122
two_step|50|10|80|1800,10.0,1800.0,two_step,50,80,60,30,90,7,1.996090210816644,1.9505321379390594,34.79332614396147,"{'target_loss': 1.9505321379390594, 'time_penalty': 0.0007499999999999999, 'uncertainty_penalty': 0.044808072877584586}",-1.1395205268546478,0.7947655822180824,-1.2671552427696309,0.1276347159149831,-1.7097668702278015,0.4637702772496843,-2.073021479694054,0.36325460946625254,472.06889040313035,37.566840137442405,587.2107401307184,-115.14184972758801,1030.4769251523246,100.34792857893571,1340.5046877972368,-310.0277626449122
two_step|50|10|80|1800,10.0,1800.0,two_step,50,80,30,60,90,8,1.996090210816644,1.9505321379390594,34.79332614396147,"{'target_loss': 1.9505321379390594, 'time_penalty': 0.0007499999999999999, 'uncertainty_penalty': 0.044808072877584586}",-1.1395205268546478,0.7947655822180824,-1.2671552427696309,0.1276347159149831,-1.7097668702278015,0.4637702772496843,-2.073021479694054,0.36325460946625254,472.06889040313035,37.566840137442405,587.2107401307184,-115.14184972758801,1030.4769251523246,100.34792857893571,1340.5046877972368,-310.0277626449122
two_step|50|10|80|1800,10.0,1800.0,two_step,50,80,10,100,110,9,1.9962568774833107,1.9505321379390594,34.79332614396147,"{'target_loss': 1.9505321379390594, 'time_penalty': 0.0009166666666666666, 'uncertainty_penalty': 0.044808072877584586}",-1.1395205268546478,0.7947655822180824,-1.2671552427696309,0.1276347159149831,-1.7097668702278015,0.4637702772496843,-2.073021479694054,0.36325460946625254,472.06889040313035,37.566840137442405,587.2107401307184,-115.14184972758801,1030.4769251523246,100.34792857893571,1340.5046877972368,-310.0277626449122
two_step|50|10|80|1800,10.0,1800.0,two_step,50,80,100,10,110,10,1.9962568774833107,1.9505321379390594,34.79332614396147,"{'target_loss': 1.9505321379390594, 'time_penalty': 0.0009166666666666666, 'uncertainty_penalty': 0.044808072877584586}",-1.1395205268546478,0.7947655822180824,-1.2671552427696309,0.1276347159149831,-1.7097668702278015,0.4637702772496843,-2.073021479694054,0.36325460946625254,472.06889040313035,37.566840137442405,587.2107401307184,-115.14184972758801,1030.4769251523246,100.34792857893571,1340.5046877972368,-310.0277626449122
two_step|65|10|100|1200,10.0,1200.0,two_step,65,100,10,1800,1810,1,0.4920988080764856,0.45977043422951136,45.99039949856937,"{'target_loss': 0.45977043422951136, 'time_penalty': 0.015083333333333332, 'uncertainty_penalty': 0.01724504051364091}",-0.9514670008857058,0.16067867025063573,-0.8126538499946546,-0.13881315089105117,-1.8795881715288913,0.0984514313502287,-1.8123776797082574,-0.06721049182063399,489.4088825780186,49.77096971223193,472.92829617146856,16.48058640655006,1077.3241604323143,133.93149818044466,1032.564089767893,44.76007066442139
two_step|65|10|100|1200,10.0,1200.0,two_step,65,100,10,1200,1210,2,0.5206465423449397,0.492854857228872,47.224871437739154,"{'target_loss': 0.492854857228872, 'time_penalty': 0.010083333333333333, 'uncertainty_penalty': 0.01770835178273432}",-0.9576329909666171,0.16500030105985644,-0.8126538499946546,-0.14497914097196252,-1.8833647338853237,0.10109936117223128,-1.8123776797082574,-0.0709870541770663,491.3186827987143,51.10691627676526,472.92829617146856,18.390386627245732,1082.4633490594306,137.52646981195926,1032.564089767893,49.899259291537646
two_step|65|10|100|1200,10.0,1200.0,two_step,65,100,10,900,910,3,0.5430083585292454,0.5173933622289406,48.078335406743314,"{'target_loss': 0.5173933622289406, 'time_penalty': 0.007583333333333333, 'uncertainty_penalty': 0.018031662966971493}",-0.9622142741052221,0.1680500948694646,-0.8126538499946546,-0.14956042411056747,-1.8861613076835853,0.10296777231591943,-1.8123776797082574,-0.07378362797532789,492.73502267497923,52.03051302021416,472.92829617146856,19.806726503510674,1086.2746541556521,140.01181073957372,1032.564089767893,53.71056438775918
two_step|65|10|100|1200,10.0,1200.0,two_step,65,100,10,600,610,4,0.5777417245661909,0.5538025988476487,49.27122274903679,"{'target_loss': 0.5538025988476487, 'time_penalty': 0.005083333333333334, 'uncertainty_penalty': 0.01885579238520885}",-0.970059408418499,0.17998483604916546,-0.8126538499946546,-0.1574055584238444,-1.889725715701054,0.11028618126693136,-1.8123776797082574,-0.07734803599279672,494.8171612016947,53.31861923166592,472.92829617146856,21.888865030226157,1091.877151330078,143.47600074716513,1032.564089767893,59.31306156218511
two_step|65|10|100|1200,10.0,1200.0,two_step,65,100,30,1800,1830,5,0.5848651248419267,0.5507387290128072,49.179021019115346,"{'target_loss': 0.5507387290128072, 'time_penalty': 0.01525, 'uncertainty_penalty': 0.01887639582911951}",-0.9696454526894625,0.18080362197703875,-0.8126538499946546,-0.15699160269480783,-1.8892882729323146,0.11078410463375311,-1.8123776797082574,-0.07691059322405724,494.63739398696106,53.218424501004854,472.92829617146856,21.7090978154925,1091.3933395263894,143.20607184884574,1032.564089767893,58.82924975849642
two_step|65|10|100|1200,10.0,1200.0,two_step,65,100,10,10,20,6,0.8780429075702993,0.8284432320944165,55.11223166572288,"{'target_loss': 0.8284432320944165, 'time_penalty': 0.00016666666666666666, 'uncertainty_penalty': 0.04943300880921621}",-1.230420805409643,0.7779969339850334,-0.8126538499946546,-0.41776695541498843,-1.7618956302249609,0.4864673155070715,-1.8123776797082574,0.05048204948329649,494.92537919498034,59.4998302023069,472.92829617146856,21.997083023511777,1092.0650447581934,159.68463221109252,1032.564089767893,59.50095499030044
two_step|65|10|100|1200,10.0,1200.0,two_step,65,100,30,10,40,7,0.878209574236966,0.8284432320944165,55.11223166572288,"{'target_loss': 0.8284432320944165, 'time_penalty': 0.0003333333333333333, 'uncertainty_penalty': 0.04943300880921621}",-1.230420805409643,0.7779969339850334,-0.8126538499946546,-0.41776695541498843,-1.7618956302249609,0.4864673155070715,-1.8123776797082574,0.05048204948329649,494.92537919498034,59.4998302023069,472.92829617146856,21.997083023511777,1092.0650447581934,159.68463221109252,1032.564089767893,59.50095499030044
two_step|65|10|100|1200,10.0,1200.0,two_step,65,100,10,30,40,8,0.878209574236966,0.8284432320944165,55.11223166572288,"{'target_loss': 0.8284432320944165, 'time_penalty': 0.0003333333333333333, 'uncertainty_penalty': 0.04943300880921621}",-1.230420805409643,0.7779969339850334,-0.8126538499946546,-0.41776695541498843,-1.7618956302249609,0.4864673155070715,-1.8123776797082574,0.05048204948329649,494.92537919498034,59.4998302023069,472.92829617146856,21.997083023511777,1092.0650447581934,159.68463221109252,1032.564089767893,59.50095499030044
two_step|65|10|100|1200,10.0,1200.0,two_step,65,100,30,30,60,9,0.8783762409036328,0.8284432320944165,55.11223166572288,"{'target_loss': 0.8284432320944165, 'time_penalty': 0.0004999999999999999, 'uncertainty_penalty': 0.04943300880921621}",-1.230420805409643,0.7779969339850334,-0.8126538499946546,-0.41776695541498843,-1.7618956302249609,0.4864673155070715,-1.8123776797082574,0.05048204948329649,494.92537919498034,59.4998302023069,472.92829617146856,21.997083023511777,1092.0650447581934,159.68463221109252,1032.564089767893,59.50095499030044
two_step|65|10|100|1200,10.0,1200.0,two_step,65,100,10,60,70,10,0.8784595742369661,0.8284432320944165,55.11223166572288,"{'target_loss': 0.8284432320944165, 'time_penalty': 0.0005833333333333334, 'uncertainty_penalty': 0.04943300880921621}",-1.230420805409643,0.7779969339850334,-0.8126538499946546,-0.41776695541498843,-1.7618956302249609,0.4864673155070715,-1.8123776797082574,0.05048204948329649,494.92537919498034,59.4998302023069,472.92829617146856,21.997083023511777,1092.0650447581934,159.68463221109252,1032.564089767893,59.50095499030044
