mode,T1_C,T2_C,t1_s,t2_s,total_anneal_time_s,requires_multi_rate_arrt,heating_rates_C_min,raw_eig_score,eig_score,uncertainty_component,sensitivity_component,novelty_component,asymmetry_component,time_penalty_component,has_existing_strict_arrt_pair,pred_delta_h_total_J_g,uncertainty_delta_h_total_J_g,pred_peak_area_J_g,uncertainty_peak_area_J_g,pred_activation_enthalpy_H_star_kj_mol,uncertainty_activation_enthalpy_H_star_kj_mol,pred_activation_entropy_S_star_j_mol_K,uncertainty_activation_entropy_S_star_j_mol_K,rank
two_step,90.0,80.0,900.0,10.0,910.0,True,"5,10,20,40",0.8068578898236818,0.8068578898236818,0.9763770536279023,1.0,0.25529135190361985,0.8665216753262408,0.25277777777777777,False,-1.0234801549401225,0.7751710132260295,-1.4794681203989286,0.47724166313742805,468.90496362844414,50.53328050922285,1021.9038679175453,135.19920624001355,1
two_step,80.0,90.0,10.0,300.0,310.0,True,"5,10,20,40",0.6478392233902461,0.6478392233902461,0.983429114364427,0.0002256599057589232,0.7331612111638918,0.6549635360592493,0.08611111111111111,False,-1.1607195488353148,0.7270167440192545,-1.7703182946315852,0.4444336823720693,491.2553648419471,54.92569776583682,1082.1378481526458,147.43467153598587,2
two_step,90.0,80.0,10.0,300.0,310.0,True,"5,10,20,40",0.6478251772932919,0.6478251772932919,0.9835217418213691,2.7460954460112817e-06,0.7331612111638918,0.6549635360592493,0.08611111111111111,False,-1.1607920795937177,0.7270752827487047,-1.7703094180389465,0.44447963831944565,491.2591524958115,54.9307658063723,1082.1480939551548,147.44824848463057,3
two_step,80.0,90.0,900.0,10.0,910.0,True,"5,10,20,40",0.6343816930120839,0.6343816930120839,0.8609570520795323,0.5178512155406745,0.25529135190361985,0.8665216753262408,0.25277777777777777,False,-1.0452378914278941,0.7193026791541092,-1.664905901155285,0.44270151623223825,479.43393977777106,42.72905980015761,1050.1274477283373,114.33497172328545,4
two_step,80.0,90.0,1800.0,10.0,1810.0,True,"5,10,20,40",0.6275275624918355,0.6275275624918355,1.0,0.025942699168886238,0.5563205496091808,1.0,0.5027777777777778,False,-1.0822158332853744,0.8328262972137616,-1.4980175536982767,0.5040203359968173,468.57692266652424,49.52081069014965,1021.0379588555473,132.41908151793027,26
two_step,80.0,90.0,10.0,100.0,110.0,True,"5,10,20,40",0.6242406468462004,0.6242406468462004,0.9835228892753578,0.0,0.6987962571875402,0.4434053967922575,0.030555555555555555,False,-1.160792979507145,0.7270760128358681,-1.7703093051388439,0.4444802101050129,491.2591986910617,54.93082825265511,1082.1482189264768,147.44841575912665,13
two_step,90.0,80.0,10.0,100.0,110.0,True,"5,10,20,40",0.6242406468462004,0.6242406468462004,0.9835228892753578,0.0,0.6987962571875402,0.4434053967922575,0.030555555555555555,False,-1.160792979507145,0.7270760128358681,-1.7703093051388439,0.4444802101050129,491.2591986910617,54.93082825265511,1082.1482189264768,147.44841575912665,14
two_step,80.0,90.0,10.0,30.0,40.0,True,"5,10,20,40",0.6094750073218259,0.6094750073218259,0.9835228892753578,0.0,0.7331139105505234,0.21155813926699166,0.011111111111111112,False,-1.160792979507145,0.7270760128358681,-1.7703093051388439,0.4444802101050129,491.2591986910617,54.93082825265511,1082.1482189264768,147.44841575912665,5
two_step,90.0,80.0,10.0,30.0,40.0,True,"5,10,20,40",0.6094750073218259,0.6094750073218259,0.9835228892753578,0.0,0.7331139105505234,0.21155813926699166,0.011111111111111112,False,-1.160792979507145,0.7270760128358681,-1.7703093051388439,0.4444802101050129,491.2591986910617,54.93082825265511,1082.1482189264768,147.44841575912665,6
two_step,90.0,80.0,1800.0,30.0,1830.0,True,"5,10,20,40",0.6062661032432946,0.6062661032432946,0.9836252542359872,0.022742009404642004,0.5988585853965279,0.7884418607330084,0.5083333333333333,False,-1.154458486699149,0.7257639980638207,-1.7630334827465854,0.44606075607459994,490.48157651277995,54.89443454634011,1080.055142489519,147.34749083885436,18
two_step,80.0,90.0,1800.0,30.0,1830.0,True,"5,10,20,40",0.5841220911728637,0.5841220911728637,0.8989796875671673,0.08652798112679466,0.5988585853965279,0.7884418607330084,0.5083333333333333,False,-1.0955993473070291,0.6718683144165916,-1.7729711729392819,0.4052777604428085,487.7767078858827,50.39519734739261,1072.72917370969,135.29144691527696,23
two_step,80.0,90.0,10.0,10.0,20.0,True,"5,10,20,40",0.5819002138357503,0.5819002138357503,0.9835228892753578,0.0,0.6987967905314186,0.0,0.005555555555555556,False,-1.160792979507145,0.7270760128358681,-1.7703093051388439,0.4444802101050129,491.2591986910617,54.93082825265511,1082.1482189264768,147.44841575912665,24
two_step,90.0,80.0,10.0,10.0,20.0,True,"5,10,20,40",0.5819002138357503,0.5819002138357503,0.9835228892753578,0.0,0.6987967905314186,0.0,0.005555555555555556,False,-1.160792979507145,0.7270760128358681,-1.7703093051388439,0.4444802101050129,491.2591986910617,54.93082825265511,1082.1482189264768,147.44841575912665,25
two_step,90.0,80.0,1800.0,10.0,1810.0,True,"5,10,20,40",0.5694830284905059,0.5694830284905059,0.8747772011342676,0.01916560112188626,0.5563205496091808,1.0,0.5027777777777778,False,-0.9284001258087893,0.6968561300059541,-1.3984818268229882,0.4218894509987867,455.9462601692661,46.068192779484626,987.1501502096188,123.25061737829671,37
two_step,80.0,90.0,1800.0,100.0,1900.0,True,"5,10,20,40",0.5672865142071319,0.5672865142071319,0.9835228892753578,0.0,0.5563198796733444,0.5565946032077425,0.5277777777777778,False,-1.160792979507145,0.7270760128358681,-1.7703093051388439,0.4444802101050129,491.2591986910617,54.93082825265511,1082.1482189264768,147.44841575912665,7
two_step,90.0,80.0,1800.0,100.0,1900.0,True,"5,10,20,40",0.5672865142071319,0.5672865142071319,0.9835228892753578,0.0,0.5563198796733444,0.5565946032077425,0.5277777777777778,False,-1.160792979507145,0.7270760128358681,-1.7703093051388439,0.4444802101050129,491.2591986910617,54.93082825265511,1082.1482189264768,147.44841575912665,8
two_step,80.0,90.0,900.0,30.0,930.0,True,"5,10,20,40",0.555035334819485,0.555035334819485,0.9835227727275161,2.8059987298121077e-07,0.3381016500143817,0.6549635360592492,0.25833333333333336,False,-1.1607928882438514,0.72707593921319,-1.7703093162887567,0.4444801522951318,491.2591939203358,54.93082187341858,1082.148206021467,147.44839866948118,48
two_step,90.0,80.0,900.0,30.0,930.0,True,"5,10,20,40",0.5550353175020396,0.5550353175020396,0.9835228867001548,6.1793417178373285e-09,0.3381016500143817,0.6549635360592492,0.25833333333333336,False,-1.1607929774878136,0.7270760112018585,-1.770309305388397,0.4444802088243496,491.25919858661507,54.93082811217962,1082.1482186439298,147.44841538282083,49
two_step,80.0,90.0,1800.0,300.0,2100.0,True,"5,10,20,40",0.5502055777379969,0.5502055777379969,0.9835228892753578,0.0,0.5989164891833871,0.3450364639407507,0.5833333333333334,False,-1.160792979507145,0.7270760128358681,-1.7703093051388439,0.4444802101050129,491.2591986910617,54.93082825265511,1082.1482189264768,147.44841575912665,29
two_step,90.0,80.0,1800.0,300.0,2100.0,True,"5,10,20,40",0.5502055777379969,0.5502055777379969,0.9835228892753578,0.0,0.5989164891833871,0.3450364639407507,0.5833333333333334,False,-1.160792979507145,0.7270760128358681,-1.7703093051388439,0.4444802101050129,491.2591986910617,54.93082825265511,1082.1482189264768,147.44841575912665,30
two_step,80.0,90.0,300.0,10.0,310.0,True,"5,10,20,40",0.5455595317785982,0.5455595317785982,0.9835218896033785,2.407292581148236e-06,0.2218330745844832,0.6549635360592493,0.08611111111111111,False,-1.1607921967569532,0.7270753815124629,-1.7703094006830546,0.4444797143300431,491.25915774772363,54.93077352454878,1082.1481081733925,147.44826914486646,31
two_step,90.0,80.0,300.0,10.0,310.0,True,"5,10,20,40",0.54555938440518,0.54555938440518,0.9835228586190916,7.357062418033859e-08,0.2218330745844832,0.6549635360592493,0.08611111111111111,False,-1.160792955479271,0.7270759933969789,-1.7703093081119758,0.4444801948632181,491.2591974471176,54.930826579656035,1082.1482155613894,147.4484112774653,32
two_step,80.0,90.0,100.0,10.0,110.0,True,"5,10,20,40",0.544722395027274,0.544722395027274,0.9835228892753578,0.0,0.3012049980929087,0.4434053967922575,0.030555555555555555,False,-1.160792979507145,0.7270760128358681,-1.7703093051388439,0.4444802101050129,491.2591986910617,54.93082825265511,1082.1482189264768,147.44841575912665,9
two_step,90.0,80.0,100.0,10.0,110.0,True,"5,10,20,40",0.544722395027274,0.544722395027274,0.9835228892753578,0.0,0.3012049980929087,0.4434053967922575,0.030555555555555555,False,-1.160792979507145,0.7270760128358681,-1.7703093051388439,0.4444802101050129,491.2591986910617,54.93082825265511,1082.1482189264768,147.44841575912665,10
two_step,80.0,90.0,30.0,300.0,330.0,True,"5,10,20,40",0.5423137834089978,0.5423137834089978,0.9835228892753578,0.0,0.3136063844459715,0.4434053967922576,0.09166666666666666,False,-1.160792979507145,0.7270760128358681,-1.7703093051388439,0.4444802101050129,491.2591986910617,54.93082825265511,1082.1482189264768,147.44841575912665,33
two_step,80.0,90.0,300.0,30.0,330.0,True,"5,10,20,40",0.5423137834089978,0.5423137834089978,0.9835228892753578,0.0,0.3136063844459715,0.4434053967922576,0.09166666666666666,False,-1.160792979507145,0.7270760128358681,-1.7703093051388439,0.4444802101050129,491.2591986910617,54.93082825265511,1082.1482189264768,147.44841575912665,21
two_step,90.0,80.0,30.0,300.0,330.0,True,"5,10,20,40",0.5423137834089978,0.5423137834089978,0.9835228892753578,0.0,0.3136063844459715,0.4434053967922576,0.09166666666666666,False,-1.160792979507145,0.7270760128358681,-1.7703093051388439,0.4444802101050129,491.2591986910617,54.93082825265511,1082.1482189264768,147.44841575912665,34
two_step,90.0,80.0,300.0,30.0,330.0,True,"5,10,20,40",0.5423137834089978,0.5423137834089978,0.9835228892753578,0.0,0.3136063844459715,0.4434053967922576,0.09166666666666666,False,-1.160792979507145,0.7270760128358681,-1.7703093051388439,0.4444802101050129,491.2591986910617,54.93082825265511,1082.1482189264768,147.44841575912665,22
two_step,80.0,90.0,100.0,30.0,130.0,True,"5,10,20,40",0.5376777953434559,0.5376777953434559,0.9835228892753578,8.711344155265258e-11,0.3739832914206445,0.23184725752526583,0.03611111111111111,False,-1.160792979507145,0.7270760128358681,-1.7703093051388439,0.4444802101050129,491.2591986910617,54.93082825265511,1082.1482189264768,147.44841575912665,35
two_step,90.0,80.0,100.0,30.0,130.0,True,"5,10,20,40",0.5376777953222103,0.5376777953222103,0.9835228892753578,2.1309858484094052e-12,0.3739832914206445,0.23184725752526583,0.03611111111111111,False,-1.160792979507145,0.7270760128358681,-1.7703093051388439,0.4444802101050129,491.2591986910617,54.93082825265511,1082.1482189264768,147.44841575912665,36
two_step,80.0,90.0,100.0,1800.0,1900.0,True,"5,10,20,40",0.5349866606013751,0.5349866606013751,0.9835228892753578,0.0,0.3948206116445602,0.5565946032077425,0.5277777777777778,False,-1.160792979507145,0.7270760128358681,-1.7703093051388439,0.4444802101050129,491.2591986910617,54.93082825265511,1082.1482189264768,147.44841575912665,11
two_step,90.0,80.0,100.0,1800.0,1900.0,True,"5,10,20,40",0.5349866606013751,0.5349866606013751,0.9835228892753578,0.0,0.3948206116445602,0.5565946032077425,0.5277777777777778,False,-1.160792979507145,0.7270760128358681,-1.7703093051388439,0.4444802101050129,491.2591986910617,54.93082825265511,1082.1482189264768,147.44841575912665,12
two_step,80.0,90.0,30.0,900.0,930.0,True,"5,10,20,40",0.5326986035592169,0.5326986035592169,0.9834330490209666,0.00021613454825227633,0.2263500546173035,0.6549635360592492,0.25833333333333336,False,-1.1607226247238485,0.727019211840336,-1.7703179287665345,0.44443562504890166,491.25552842398906,54.925914328941936,1082.13829061298,147.4352517504988,27
two_step,90.0,80.0,30.0,900.0,930.0,True,"5,10,20,40",0.5326851424770062,0.5326851424770062,0.9835219125505226,2.3358662082554645e-06,0.2263500546173035,0.6549635360592492,0.25833333333333336,False,-1.1607922133521822,0.7270753908536548,-1.770309401551974,0.44447972313299494,491.25915944614985,54.93077513362726,1082.1481127566701,147.448273471084,28
two_step,80.0,90.0,100.0,300.0,400.0,True,"5,10,20,40",0.5296674263340715,0.5296674263340715,0.9835228892753578,0.0,0.37407600561175064,0.21155813926699177,0.1111111111111111,False,-1.160792979507145,0.7270760128358681,-1.7703093051388439,0.4444802101050129,491.2591986910617,54.93082825265511,1082.1482189264768,147.44841575912665,15
two_step,90.0,80.0,100.0,300.0,400.0,True,"5,10,20,40",0.5296674263340715,0.5296674263340715,0.9835228892753578,0.0,0.37407600561175064,0.21155813926699177,0.1111111111111111,False,-1.160792979507145,0.7270760128358681,-1.7703093051388439,0.4444802101050129,491.2591986910617,54.93082825265511,1082.1482189264768,147.44841575912665,16
two_step,90.0,80.0,10.0,1800.0,1810.0,True,"5,10,20,40",0.5279339885552182,0.5279339885552182,0.6279090584440136,0.1472208941877306,0.7439595546535086,1.0,0.5027777777777778,False,-0.9974771112721686,0.27564229408961194,-1.9002396509548853,0.17898751737097057,517.2098296960249,56.00009043214071,1151.8756398925111,150.8570874295785,17
two_step,80.0,90.0,100.0,900.0,1000.0,True,"5,10,20,40",0.523606878205035,0.523606878205035,0.9835228892753578,0.0,0.30466086199973946,0.4231162785339833,0.2777777777777778,False,-1.160792979507145,0.7270760128358681,-1.7703093051388439,0.4444802101050129,491.2591986910617,54.93082825265511,1082.1482189264768,147.44841575912665,54
two_step,90.0,80.0,100.0,900.0,1000.0,True,"5,10,20,40",0.523606878205035,0.523606878205035,0.9835228892753578,0.0,0.30466086199973946,0.4231162785339833,0.2777777777777778,False,-1.160792979507145,0.7270760128358681,-1.7703093051388439,0.4444802101050129,491.2591986910617,54.93082825265511,1082.1482189264768,147.44841575912665,55
two_step,80.0,90.0,900.0,100.0,1000.0,True,"5,10,20,40",0.5137326842057568,0.5137326842057568,0.9835228892753578,0.0,0.25528989200334856,0.4231162785339833,0.2777777777777778,False,-1.160792979507145,0.7270760128358681,-1.7703093051388439,0.4444802101050129,491.2591986910617,54.93082825265511,1082.1482189264768,147.44841575912665,56
two_step,90.0,80.0,900.0,100.0,1000.0,True,"5,10,20,40",0.5137326842057568,0.5137326842057568,0.9835228892753578,0.0,0.25528989200334856,0.4231162785339833,0.2777777777777778,False,-1.160792979507145,0.7270760128358681,-1.7703093051388439,0.4444802101050129,491.2591986910617,54.93082825265511,1082.1482189264768,147.44841575912665,57
two_step,90.0,80.0,10.0,900.0,910.0,True,"5,10,20,40",0.5081217107286236,0.5081217107286236,0.42747677071311335,0.4370742124611016,0.7002933274102264,0.8665216753262408,0.25277777777777777,False,-0.9005464668010964,0.19905001678025824,-1.8583085074592331,0.11801933308769134,494.2665327401816,44.64205130679947,1090.060399347369,120.27734414034572,58
two_step,80.0,90.0,1800.0,900.0,2700.0,True,"5,10,20,40",0.5075729721029658,0.5075729721029658,0.9835228892753578,0.0,0.5581991973083947,0.13347832467375917,0.75,False,-1.160792979507145,0.7270760128358681,-1.7703093051388439,0.4444802101050129,491.2591986910617,54.93082825265511,1082.1482189264768,147.44841575912665,19
two_step,90.0,80.0,1800.0,900.0,2700.0,True,"5,10,20,40",0.5075729721029658,0.5075729721029658,0.9835228892753578,0.0,0.5581991973083947,0.13347832467375917,0.75,False,-1.160792979507145,0.7270760128358681,-1.7703093051388439,0.4444802101050129,491.2591986910617,54.93082825265511,1082.1482189264768,147.44841575912665,20
two_step,80.0,90.0,30.0,100.0,130.0,True,"5,10,20,40",0.5072161400788874,0.5072161400788874,0.9835228892753578,8.978967147686103e-10,0.22167501408432255,0.23184725752526583,0.03611111111111111,False,-1.160792979507145,0.7270760128358681,-1.7703093051388439,0.4444802101050129,491.2591986910617,54.93082825265511,1082.1482189264768,147.44841575912665,42
two_step,90.0,80.0,30.0,100.0,130.0,True,"5,10,20,40",0.5072161398580345,0.5072161398580345,0.9835228892753578,1.448521870145221e-11,0.22167501408432255,0.23184725752526583,0.03611111111111111,False,-1.160792979507145,0.7270760128358681,-1.7703093051388439,0.4444802101050129,491.2591986910617,54.93082825265511,1082.1482189264768,147.44841575912665,43
two_step,80.0,90.0,30.0,10.0,40.0,True,"5,10,20,40",0.5071875642842855,0.5071875642842855,0.9835228892753578,0.0,0.22167669536282134,0.21155813926699166,0.011111111111111112,False,-1.160792979507145,0.7270760128358681,-1.7703093051388439,0.4444802101050129,491.2591986910617,54.93082825265511,1082.1482189264768,147.44841575912665,44
two_step,90.0,80.0,30.0,10.0,40.0,True,"5,10,20,40",0.5071875642842855,0.5071875642842855,0.9835228892753578,0.0,0.22167669536282134,0.21155813926699166,0.011111111111111112,False,-1.160792979507145,0.7270760128358681,-1.7703093051388439,0.4444802101050129,491.2591986910617,54.93082825265511,1082.1482189264768,147.44841575912665,45
two_step,80.0,90.0,900.0,300.0,1200.0,True,"5,10,20,40",0.5047152875987645,0.5047152875987645,0.9835228892753578,0.0,0.3382042008241046,0.21155813926699157,0.3333333333333333,False,-1.160792979507145,0.7270760128358681,-1.7703093051388439,0.4444802101050129,491.2591986910617,54.93082825265511,1082.1482189264768,147.44841575912665,61
two_step,90.0,80.0,900.0,300.0,1200.0,True,"5,10,20,40",0.5047152875987645,0.5047152875987645,0.9835228892753578,0.0,0.3382042008241046,0.21155813926699157,0.3333333333333333,False,-1.160792979507145,0.7270760128358681,-1.7703093051388439,0.4444802101050129,491.2591986910617,54.93082825265511,1082.1482189264768,147.44841575912665,62
two_step,80.0,90.0,30.0,30.0,60.0,True,"5,10,20,40",0.5039511242998772,0.5039511242998772,0.9835228892753578,0.0,0.3134957872964973,0.0,0.016666666666666666,False,-1.160792979507145,0.7270760128358681,-1.7703093051388439,0.4444802101050129,491.2591986910617,54.93082825265511,1082.1482189264768,147.44841575912665,46
two_step,90.0,80.0,30.0,30.0,60.0,True,"5,10,20,40",0.5039511242998772,0.5039511242998772,0.9835228892753578,0.0,0.3134957872964973,0.0,0.016666666666666666,False,-1.160792979507145,0.7270760128358681,-1.7703093051388439,0.4444802101050129,491.2591986910617,54.93082825265511,1082.1482189264768,147.44841575912665,47
two_step,80.0,90.0,300.0,100.0,400.0,True,"5,10,20,40",0.49921850410996044,0.49921850410996044,0.9835228892753578,0.0,0.2218313944911955,0.21155813926699177,0.1111111111111111,False,-1.160792979507145,0.7270760128358681,-1.7703093051388439,0.4444802101050129,491.2591986910617,54.93082825265511,1082.1482189264768,147.44841575912665,38
two_step,90.0,80.0,300.0,100.0,400.0,True,"5,10,20,40",0.49921850410996044,0.49921850410996044,0.9835228892753578,0.0,0.2218313944911955,0.21155813926699177,0.1111111111111111,False,-1.160792979507145,0.7270760128358681,-1.7703093051388439,0.4444802101050129,491.2591986910617,54.93082825265511,1082.1482189264768,147.44841575912665,39
two_step,80.0,90.0,100.0,100.0,200.0,True,"5,10,20,40",0.4983816078756517,0.4983816078756517,0.9835228892753578,0.0,0.3012037607309255,0.0,0.05555555555555555,False,-1.160792979507145,0.7270760128358681,-1.7703093051388439,0.4444802101050129,491.2591986910617,54.93082825265511,1082.1482189264768,147.44841575912665,50
two_step,90.0,80.0,100.0,100.0,200.0,True,"5,10,20,40",0.4983816078756517,0.4983816078756517,0.9835228892753578,0.0,0.3012037607309255,0.0,0.05555555555555555,False,-1.160792979507145,0.7270760128358681,-1.7703093051388439,0.4444802101050129,491.2591986910617,54.93082825265511,1082.1482189264768,147.44841575912665,51
two_step,80.0,90.0,300.0,1800.0,2100.0,True,"5,10,20,40",0.49805918624181983,0.49805918624181983,0.9835228892753578,0.0,0.3381845317025018,0.3450364639407507,0.5833333333333334,False,-1.160792979507145,0.7270760128358681,-1.7703093051388439,0.4444802101050129,491.2591986910617,54.93082825265511,1082.1482189264768,147.44841575912665,63
two_step,90.0,80.0,300.0,1800.0,2100.0,True,"5,10,20,40",0.49805918624181983,0.49805918624181983,0.9835228892753578,0.0,0.3381845317025018,0.3450364639407507,0.5833333333333334,False,-1.160792979507145,0.7270760128358681,-1.7703093051388439,0.4444802101050129,491.2591986910617,54.93082825265511,1082.1482189264768,147.44841575912665,64
two_step,80.0,90.0,300.0,300.0,600.0,True,"5,10,20,40",0.49199535536172734,0.49199535536172734,0.9835228892753578,0.0,0.3137169426057481,0.0,0.16666666666666666,False,-1.160792979507145,0.7270760128358681,-1.7703093051388439,0.4444802101050129,491.2591986910617,54.93082825265511,1082.1482189264768,147.44841575912665,52
two_step,90.0,80.0,300.0,300.0,600.0,True,"5,10,20,40",0.49199535536172734,0.49199535536172734,0.9835228892753578,0.0,0.3137169426057481,0.0,0.16666666666666666,False,-1.160792979507145,0.7270760128358681,-1.7703093051388439,0.4444802101050129,491.2591986910617,54.93082825265511,1082.1482189264768,147.44841575912665,53
two_step,80.0,90.0,1800.0,1800.0,3600.0,True,"5,10,20,40",0.4850028509451459,0.4850028509451459,0.9835228892753578,0.0,0.6120877538561742,0.0,1.0,False,-1.160792979507145,0.7270760128358681,-1.7703093051388439,0.4444802101050129,491.2591986910617,54.93082825265511,1082.1482189264768,147.44841575912665,65
two_step,90.0,80.0,1800.0,1800.0,3600.0,True,"5,10,20,40",0.4850028509451459,0.4850028509451459,0.9835228892753578,0.0,0.6120877538561742,0.0,1.0,False,-1.160792979507145,0.7270760128358681,-1.7703093051388439,0.4444802101050129,491.2591986910617,54.93082825265511,1082.1482189264768,147.44841575912665,66
two_step,80.0,90.0,300.0,900.0,1200.0,True,"5,10,20,40",0.4823750889030795,0.4823750889030795,0.9835228892753578,0.0,0.22650320734567994,0.21155813926699157,0.3333333333333333,False,-1.160792979507145,0.7270760128358681,-1.7703093051388439,0.4444802101050129,491.2591986910617,54.93082825265511,1082.1482189264768,147.44841575912665,40
two_step,90.0,80.0,300.0,900.0,1200.0,True,"5,10,20,40",0.4823750889030795,0.4823750889030795,0.9835228892753578,0.0,0.22650320734567994,0.21155813926699157,0.3333333333333333,False,-1.160792979507145,0.7270760128358681,-1.7703093051388439,0.4444802101050129,491.2591986910617,54.93082825265511,1082.1482189264768,147.44841575912665,41
two_step,80.0,90.0,900.0,1800.0,2700.0,True,"5,10,20,40",0.46813632893065166,0.46813632893065166,0.9835228892753578,0.0,0.3610159814468238,0.13347832467375917,0.75,False,-1.160792979507145,0.7270760128358681,-1.7703093051388439,0.4444802101050129,491.2591986910617,54.93082825265511,1082.1482189264768,147.44841575912665,59
two_step,90.0,80.0,900.0,1800.0,2700.0,True,"5,10,20,40",0.46813632893065166,0.46813632893065166,0.9835228892753578,0.0,0.3610159814468238,0.13347832467375917,0.75,False,-1.160792979507145,0.7270760128358681,-1.7703093051388439,0.4444802101050129,491.2591986910617,54.93082825265511,1082.1482189264768,147.44841575912665,60
two_step,80.0,90.0,900.0,900.0,1800.0,True,"5,10,20,40",0.45445724415716776,0.45445724415716776,0.9835228892753578,0.0,0.2593597199162836,0.0,0.5,False,-1.160792979507145,0.7270760128358681,-1.7703093051388439,0.4444802101050129,491.2591986910617,54.93082825265511,1082.1482189264768,147.44841575912665,68
two_step,90.0,80.0,900.0,900.0,1800.0,True,"5,10,20,40",0.45445724415716776,0.45445724415716776,0.9835228892753578,0.0,0.2593597199162836,0.0,0.5,False,-1.160792979507145,0.7270760128358681,-1.7703093051388439,0.4444802101050129,491.2591986910617,54.93082825265511,1082.1482189264768,147.44841575912665,69
two_step,80.0,90.0,10.0,1800.0,1810.0,True,"5,10,20,40",0.40223114544356037,0.40223114544356037,0.38587525809760687,0.08007036236463093,0.7439595546535086,1.0,0.5027777777777778,False,-0.8937310996153621,0.17351435846373686,-1.8583634254214163,0.0997147675838497,492.7896104236947,43.573426211331146,1086.0909073630223,117.40433826704988,67
two_step,80.0,90.0,10.0,900.0,910.0,True,"5,10,20,40",0.39869827939430286,0.39869827939430286,0.16564633965658515,0.47067526302556945,0.7002933274102264,0.8665216753262408,0.25277777777777777,False,-0.8453778045235234,0.11705548366362721,-1.830971084598606,0.06713236706478291,480.9572500875063,29.361275593368468,1054.2021881500134,79.11335372468218,70
two_step,90.0,80.0,30.0,1800.0,1830.0,True,"5,10,20,40",0.29734238375388655,0.29734238375388655,0.33941481356732656,0.15524721302660519,0.3380819749265208,0.7884418607330084,0.5083333333333333,False,-0.869812820658975,0.2297573779843199,-1.8301419305294329,0.13195399902258226,483.10308728248424,33.71443054006579,1059.9920134903198,90.7909940064809,71
two_step,80.0,90.0,30.0,1800.0,1830.0,True,"5,10,20,40",0.11352285716938884,0.11352285716938884,0.0,0.030915771109801878,0.3380819749265208,0.7884418607330084,0.5083333333333333,False,-0.8268921976342477,0.08067140285965431,-1.8203326340262094,0.046178056195655404,476.38455959990733,19.68706661811991,1041.8788297465642,53.04605012805831,72
