sample_id,source_file,cycle_id,mode,T1_C,t1_s,T2_C,t2_s,total_anneal_time_s,heating_rate_C_min,arrt_peak_temperature_Tp_C,n_points,temp_min_C,temp_max_C,covers_arrt_peak_window,is_truncated,feature_integration_low_C,feature_integration_high_C,feature_peak_low_C,feature_peak_high_C,delta_h_total_rel,delta_h_total_J_g,peak_area_rel,peak_area_J_g,peak_temperature_Tp_C,peak_height_uW,onset_temperature_C,kovacs_peak_label,delta_h_total_40_160_rel,delta_h_total_40_160_J_g,peak_area_40_160_rel,peak_area_40_160_J_g,peak_temperature_Tp_40_160_C,peak_height_40_160_uW,onset_temperature_40_160_C,legacy_feature_integration_low_C,legacy_feature_integration_high_C,legacy_feature_peak_low_C,legacy_feature_peak_high_C,recovery_index
onestep_50_001,PS-onestep-01.xlsx,1,single_step,50.0,0.1002,nan,nan,0.1002,10.0,105.248497009277,9945,30.0012397766113,196.866165161133,True,False,40.0,100.0,70.0,100.0,3022.6559630047213,3.8587097400060273,2179.4964456720945,2.7823358880920352,89.574577331543,88.30762579026884,70.0083923339844,0,-526.6168297666891,-0.6722768039574754,-1194.2495924153316,-1.5245739477642528,105.248497009277,-142.57177130103116,70.0083923339844,40.0,160.0,70.0,140.0,0.9685808883099042
onestep_50_002,PS-onestep-01.xlsx,2,single_step,50.0,0.4998,nan,nan,0.4998,10.0,105.21704864502,9947,30.0061817169189,196.868957519531,True,False,40.0,100.0,70.0,100.0,3041.1032644623774,3.8822594865477154,2179.2645666999565,2.782039872382923,90.2350006103516,87.35488208771744,70.0149688720703,0,-407.88716517590365,-0.520707019373494,-1128.6611185754793,-1.4408439811601865,105.21704864502,-141.68035250465596,70.0149688720703,40.0,160.0,70.0,140.0,0.9744921477623412
onestep_50_003,PS-onestep-01.xlsx,3,single_step,50.0,0.7979999999999999,nan,nan,0.7979999999999999,10.0,105.302024841309,9949,30.0055713653564,196.888534545898,True,False,40.0,100.0,70.0,100.0,3030.1397416668506,3.868263500000234,2177.9851965515463,2.780406633895591,88.5074005126953,88.54719409606281,70.0039138793945,0,-397.45758477924073,-0.5073926614203073,-1123.9924315118292,-1.434883955121484,105.302024841309,-140.97547008141407,70.0039138793945,40.0,160.0,70.0,140.0,0.9709789928488254
onestep_50_004,PS-onestep-01.xlsx,4,single_step,50.0,1.0002,nan,nan,1.0002,10.0,105.280601501465,9949,30.0085754394531,196.89372253418,True,False,40.0,100.0,70.0,100.0,3061.515652290849,3.9083178539883177,2200.7354160378345,2.8094494672823416,88.731559753418,89.02695782783326,70.0050964355469,0,-429.91141366452393,-0.5488230812738603,-1140.4458800904304,-1.4558883575622514,105.280601501465,-141.62509788574891,70.0050964355469,40.0,160.0,70.0,140.0,0.981033100149054
onestep_50_005,PS-onestep-01.xlsx,5,single_step,50.0,4.998,nan,nan,4.998,10.0,105.237922668457,9952,30.0055713653564,196.923080444336,True,False,40.0,100.0,70.0,100.0,3079.0874984292136,3.9307499979947402,2214.7596517271295,2.8273527468856967,89.3824462890625,89.82463737097129,70.0049057006836,0,-460.2848937974195,-0.5875977367626631,-1167.028504150699,-1.4898236223200412,105.237922668457,-142.2445572342694,70.0049057006836,40.0,160.0,70.0,140.0,0.9866638284060082
onestep_50_006,PS-onestep-01.xlsx,6,single_step,50.0,10.020000000000001,nan,nan,10.020000000000001,10.0,105.268859863281,9955,30.0031318664551,196.949447631836,True,False,40.0,100.0,70.0,100.0,3073.9012484199575,3.9241292533020733,2208.0972447586555,2.818847546500411,89.3627471923828,89.14421973559035,70.0046615600586,0,-473.63622307365677,-0.6046419869025406,-1188.7169802533158,-1.517511038621254,105.268859863281,-142.49530696698884,70.0046615600586,40.0,160.0,70.0,140.0,0.9850019447174759
onestep_50_007,PS-onestep-01.xlsx,7,single_step,50.0,49.98,nan,nan,49.98,10.0,105.321327209473,9956,30.00075340271,196.946746826172,True,False,40.0,100.0,70.0,100.0,3094.414350043126,3.9503161915444163,2226.768164563564,2.8426827632726344,89.3784027099609,90.47884096051882,70.0056991577148,0,-439.38763632837436,-0.5609203868021799,-1170.2057014017419,-1.4938796188107342,105.321327209473,-142.30621572642815,70.0056991577148,40.0,160.0,70.0,140.0,0.9915751698662651
onestep_50_008,PS-onestep-01.xlsx,8,single_step,50.0,100.02,nan,nan,100.02,10.0,105.193519592285,9957,30.0084075927734,196.974899291992,True,False,40.0,100.0,70.0,100.0,3085.7379187970655,3.9392398963366793,2222.545244678944,2.8372918017178006,88.7990493774414,90.19086692044556,70.0067596435547,0,-443.66014077989803,-0.5663746478041252,-1147.1868016133621,-1.4644937892936536,105.193519592285,-141.71767118986492,70.0067596435547,40.0,160.0,70.0,140.0,0.9887948913342303
onestep_50_009,PS-onestep-01.xlsx,9,single_step,50.0,499.98,nan,nan,499.98,10.0,105.187797546387,9957,30.0068969726563,196.972686767578,True,False,40.0,100.0,70.0,100.0,3040.3632317984634,3.881314763998038,2198.5141629161462,2.8066138249993355,89.4284286499023,89.40829931505385,70.0024185180664,0,-649.7728900594229,-0.8294973064588378,-1257.6969535581156,-1.6055705790103603,105.187797546387,-143.68070939928486,70.0024185180664,40.0,160.0,70.0,140.0,0.9742550114478663
onestep_50_010,PS-onestep-01.xlsx,10,single_step,50.0,1000.0200000000001,nan,nan,1000.0200000000001,10.0,105.345184326172,9958,30.0070495605469,196.997665405273,True,False,40.0,100.0,70.0,100.0,3025.3364759182514,3.862131671385001,2185.326419955946,2.7897784084543993,89.3357009887695,89.43601559260202,70.0068511962891,0,-790.3969031174329,-1.0090173231286377,-1367.5184838260989,-1.7457682772248067,105.345184326172,-145.88755739349335,70.0068511962891,40.0,160.0,70.0,140.0,0.9694398327649428
onestep_50_011,PS-onestep-01.xlsx,11,single_step,50.0,0.1002,nan,nan,0.1002,10.0,105.300361633301,9958,30.0008754730225,197.009002685547,True,False,40.0,100.0,70.0,100.0,3068.7047149338796,3.917495380766655,2202.616158839682,2.8118504155400195,89.0562896728516,89.43743214725725,70.0147247314453,0,-645.4853122962754,-0.8240238029314154,-1298.8510352561339,-1.6581077045822985,105.300361633301,-144.43039109364497,70.0147247314453,40.0,160.0,70.0,140.0,0.9833367657881895
onestep_50_012,PS-onestep-01.xlsx,12,single_step,50.0,0.4998,nan,nan,0.4998,10.0,105.287620544434,9959,30.0037860870361,197.027114868164,True,False,40.0,100.0,70.0,100.0,3067.423461809378,3.915859738480056,2206.150549239903,2.816362403284982,88.9266052246094,89.23788750116569,70.0035247802734,0,-649.6536088088956,-0.8293450325219943,-1304.016810607348,-1.6647023114136354,105.287620544434,-144.83501336918232,70.0035247802734,40.0,160.0,70.0,140.0,0.9829262006082057
onestep_50_013,PS-onestep-01.xlsx,13,single_step,50.0,0.7979999999999999,nan,nan,0.7979999999999999,10.0,105.188613891602,9960,30.0070953369141,197.046157836914,True,False,40.0,100.0,70.0,100.0,3062.49034150408,3.909562138090315,2202.175127583324,2.8112873969148815,89.1494369506836,89.15726004823392,70.008918762207,0,-689.0671688081652,-0.8796602154997852,-1307.6309102776836,-1.6693160556736384,105.188613891602,-145.23438014152362,70.008918762207,40.0,160.0,70.0,140.0,0.9813454298867192
onestep_50_014,PS-onestep-01.xlsx,14,single_step,50.0,1.0002,nan,nan,1.0002,10.0,105.114303588867,9961,30.0054950714111,197.057495117188,True,False,40.0,100.0,70.0,100.0,3050.776734612968,3.894608597378257,2195.370861836591,2.802601100216924,89.1910629272461,88.27771909715568,70.0156860351563,0,-637.9049250642588,-0.8143467128479899,-1268.3591576139536,-1.6191819033369619,105.114303588867,-143.8421835429541,70.0156860351563,40.0,160.0,70.0,140.0,0.9775919177746004
onestep_50_015,PS-onestep-01.xlsx,15,single_step,50.0,4.998,nan,nan,4.998,10.0,105.266899108887,9962,30.0106792449951,197.069900512695,True,False,40.0,100.0,70.0,100.0,3098.4989099857494,3.9555305233860634,2226.39618777071,2.8422078992817577,89.4764785766602,89.86245102061577,70.0151138305664,0,-616.042451292727,-0.7864371718630557,-1284.4559241536797,-1.6397309670046971,105.266899108887,-143.79012109286873,70.0151138305664,40.0,160.0,70.0,140.0,0.9928840276211677
onestep_50_016,PS-onestep-01.xlsx,16,single_step,50.0,10.020000000000001,nan,nan,10.020000000000001,10.0,105.068572998047,9963,30.0105113983154,197.069641113281,True,False,40.0,100.0,70.0,100.0,3068.047277836423,3.9166560993656456,2207.6720160876835,2.818304701388532,89.5308685302734,88.77758112015198,70.0156860351563,0,-605.7826330375892,-0.7733395315373478,-1238.0312290767745,-1.5804653988214141,105.068572998047,-143.06273620560057,70.0156860351563,40.0,160.0,70.0,140.0,0.9831260964246706
onestep_50_017,PS-onestep-01.xlsx,17,single_step,50.0,49.98,nan,nan,49.98,10.0,105.217018127441,9964,30.00075340271,197.085830688477,True,False,40.0,100.0,70.0,100.0,3088.8454641285052,3.943206975483197,2218.8177675525912,2.8325333202799037,88.9099807739258,89.52498588160432,70.0108337402344,0,-532.7785021074951,-0.680142768647866,-1224.5197547157925,-1.56321670814782,105.217018127441,-142.7589699479064,70.0108337402344,40.0,160.0,70.0,140.0,0.9897906742001692
onestep_50_018,PS-onestep-01.xlsx,18,single_step,50.0,100.02,nan,nan,100.02,10.0,105.03002166748,9964,30.0031929016113,197.093780517578,True,False,40.0,100.0,70.0,100.0,3120.705766019205,3.9838797013011127,2239.874534690839,2.8594142996053264,89.5426940917969,89.90147134444305,70.0146102905273,0,-497.50269165939017,-0.6351098191396469,-1182.615544538258,-1.5097219717509676,105.03002166748,-142.7949185811923,70.0146102905273,40.0,160.0,70.0,140.0,1.0
onestep_50_019,PS-onestep-01.xlsx,19,single_step,50.0,499.98,nan,nan,499.98,10.0,105.130264282227,9965,30.0098247528076,197.107757568359,True,False,40.0,100.0,70.0,100.0,3059.932144420929,3.906296354579909,2207.246605040851,2.8177616234564056,89.2841339111328,90.01774098979388,70.0038681030273,0,-622.8424560728731,-0.7951180290291997,-1201.2970886738367,-1.5335707514985149,105.130264282227,-141.66374713800514,70.0038681030273,40.0,160.0,70.0,140.0,0.9805256803572996
onestep_50_020,PS-onestep-01.xlsx,20,single_step,50.0,1000.0200000000001,nan,nan,1000.0200000000001,10.0,105.208976745605,9964,30.0029029846191,197.118789672852,True,False,40.0,100.0,70.0,100.0,2980.3949669436633,3.804759532268507,2159.367227864266,2.7566390142948074,89.0252456665039,88.8150057003811,70.0145797729492,0,-723.4194687303407,-0.9235142154004348,-1280.3636746548032,-1.6345068187082592,105.208976745605,-144.1549669521869,70.0145797729492,40.0,160.0,70.0,140.0,0.9550387605895564
onestep_70_001,PS-onestep-02.xlsx,1,single_step,70.0,0.1002,nan,nan,0.1002,10.0,105.005500793457,9950,30.003116607666,196.888031005859,True,False,40.0,100.0,70.0,100.0,3225.9049037591385,4.118176472884006,2317.787528226539,2.9588776956083476,89.515739440918,93.18096943229199,70.0069885253906,0,-624.0765841346356,-0.7966935116612369,-1209.368821111914,-1.5438750907811665,105.005500793457,-141.28851385637194,70.0069885253906,40.0,160.0,70.0,140.0,0.6314600458998655
onestep_70_002,PS-onestep-02.xlsx,2,single_step,70.0,0.4998,nan,nan,0.4998,10.0,104.958114624023,9952,30.0030250549316,196.925720214844,True,False,40.0,100.0,70.0,100.0,3223.9221379334595,4.115645282468246,2309.929852709026,2.9488466204796073,89.064811706543,94.27026569816405,70.0165100097656,0,-489.0843688506484,-0.6243630240646575,-1113.5885713271546,-1.421602431481474,104.958114624023,-139.6691356890006,70.0165100097656,40.0,160.0,70.0,140.0,0.631071926151564
onestep_70_003,PS-onestep-02.xlsx,3,single_step,70.0,0.7979999999999999,nan,nan,0.7979999999999999,10.0,104.936248779297,9955,30.0000057220459,196.932830810547,True,False,40.0,100.0,70.0,100.0,3202.5581182545484,4.08837206585687,2299.7994270864483,2.935914162238019,89.3781509399414,93.28557732039906,70.0049362182617,0,-495.05365885521314,-0.6319833942832508,-1118.627699613839,-1.428035361209156,104.936248779297,-139.21355270121524,70.0049362182617,40.0,160.0,70.0,140.0,0.6268899910823279
onestep_70_004,PS-onestep-02.xlsx,4,single_step,70.0,1.0002,nan,nan,1.0002,10.0,104.980888366699,9955,30.0075225830078,196.954391479492,True,False,40.0,100.0,70.0,100.0,3173.818683190038,4.051683425348984,2284.6813747051056,2.9166145209001346,88.9567108154297,92.44076521221507,70.0138320922852,0,-375.1971580222671,-0.478975095347575,-1045.8311584627575,-1.335103606548201,104.980888366699,-139.14035994783865,70.0138320922852,40.0,160.0,70.0,140.0,0.6212643432326891
onestep_70_005,PS-onestep-02.xlsx,5,single_step,70.0,4.998,nan,nan,4.998,10.0,104.875129699707,9957,30.0069122314453,196.990524291992,True,False,40.0,100.0,70.0,100.0,3216.078564209195,4.10563220962876,2313.9679601886355,2.9540016513046408,89.1899566650391,94.24447965252017,70.0012817382813,0,-574.4823532390219,-0.7333817275391769,-1205.8640598140146,-1.539400927422146,104.875129699707,-142.44990978945907,70.0012817382813,40.0,160.0,70.0,140.0,0.6295365729493753
onestep_70_006,PS-onestep-02.xlsx,6,single_step,70.0,10.020000000000001,nan,nan,10.020000000000001,10.0,105.075386047363,9960,30.0080718994141,197.035903930664,True,False,40.0,100.0,70.0,100.0,3180.417386835573,4.060107302343285,2291.6816646457,2.9255510612498297,89.3919067382813,92.82627933747136,70.0140686035156,0,-551.7839296201387,-0.7044050165363472,-1205.8963930072102,-1.5394422038389917,105.075386047363,-141.47336072813198,70.0140686035156,40.0,160.0,70.0,140.0,0.6225560172997188
onestep_70_007,PS-onestep-02.xlsx,7,single_step,70.0,49.98,nan,nan,49.98,10.0,104.91365814209,9960,30.0082092285156,197.035202026367,True,False,40.0,100.0,70.0,100.0,3112.0191102097915,3.9727903534593074,2236.63239065715,2.8552753923282763,89.2302322387695,90.96588774444922,70.0030288696289,0,-657.5690323794774,-0.8394498285695455,-1233.1781507928795,-1.5742699797355908,104.91365814209,-141.92504673425105,70.0030288696289,40.0,160.0,70.0,140.0,0.609167284467806
onestep_70_008,PS-onestep-02.xlsx,8,single_step,70.0,100.02,nan,nan,100.02,10.0,104.981338500977,9963,30.004487991333,197.069458007813,True,False,40.0,100.0,70.0,100.0,3129.416941641341,3.9950003510314995,2239.5716426249583,2.8590276288829255,89.7784423828125,90.94244622693066,70.0068206787109,0,-648.3335257982667,-0.827659820168,-1240.9982297824085,-1.5842530592966917,104.981338500977,-140.875688575423,70.0068206787109,40.0,160.0,70.0,140.0,0.6125728515139774
onestep_70_009,PS-onestep-02.xlsx,9,single_step,70.0,499.98,nan,nan,499.98,10.0,104.899139404297,9963,30.0094432830811,197.079650878906,True,False,40.0,100.0,70.0,100.0,3071.482952393556,3.921042066885391,2162.0844386442323,2.7601077940139134,89.3629455566406,85.35120330742933,70.006233215332,0,-766.8654043849092,-0.9789771119807351,-1350.5904255469386,-1.7241579900599213,104.899139404297,-140.5518579212337,70.006233215332,40.0,160.0,70.0,140.0,0.6012324677763978
onestep_70_010,PS-onestep-02.xlsx,10,single_step,70.0,1000.0200000000001,nan,nan,1000.0200000000001,10.0,104.949295043945,9965,30.0019874572754,197.113021850586,True,False,40.0,100.0,70.0,100.0,3102.261798028927,3.9603342102496937,2165.1371126207055,2.764004824622177,88.0988464355469,84.86249763200499,70.0133209228516,0,-881.647021112688,-1.125506835463006,-1460.0794388228812,-1.863931198497295,104.949295043945,-141.4953379262751,70.0133209228516,40.0,160.0,70.0,140.0,0.6072573233928816
onestep_70_011,PS-onestep-02.xlsx,11,single_step,70.0,0.1002,nan,nan,0.1002,10.0,105.098426818848,9965,30.0101757049561,197.137283325195,True,False,40.0,100.0,70.0,100.0,3118.0318780428597,3.980466227288756,2241.320515797682,2.8612602329332106,89.278434753418,90.70241483317454,70.0048904418945,0,-614.9741832187069,-0.7850734253855832,-1237.700233222964,-1.5800428509229327,105.098426818848,-140.51669862485863,70.0048904418945,40.0,160.0,70.0,140.0,0.6103442635682842
onestep_70_012,PS-onestep-02.xlsx,12,single_step,70.0,0.4998,nan,nan,0.4998,10.0,105.007759094238,9968,30.0035591125488,197.158905029297,True,False,40.0,100.0,70.0,100.0,3149.322647278953,4.020411890143343,2267.712836411085,2.8949525571205337,89.1990127563477,92.00238414271206,70.0130615234375,0,-592.8979724691026,-0.7568910286839607,-1215.538125448481,-1.5517507984448693,105.007759094238,-140.75039207734756,70.0130615234375,40.0,160.0,70.0,140.0,0.6164693265095509
onestep_70_013,PS-onestep-02.xlsx,13,single_step,70.0,0.7979999999999999,nan,nan,0.7979999999999999,10.0,105.102912902832,9969,30.0079956054688,197.187728881836,True,False,40.0,100.0,70.0,100.0,3130.5020314820886,3.996385572104794,2246.991126982241,2.8684993110411585,89.2821273803711,91.10265092857622,70.0072250366211,0,-731.2258868822742,-0.9334798555943924,-1309.762212862834,-1.672036867484469,105.102912902832,-142.56095473069502,70.0072250366211,40.0,160.0,70.0,140.0,0.6127852542044118
onestep_70_014,PS-onestep-02.xlsx,14,single_step,70.0,1.0002,nan,nan,1.0002,10.0,105.069145202637,9970,30.0104808807373,197.210815429688,True,False,40.0,100.0,70.0,100.0,3100.8357971548967,3.958513783601995,2225.1705290334676,2.8406432285533625,89.368782043457,89.65007222675263,70.0114059448242,0,-722.8036485764496,-0.9227280620124889,-1302.7658576961126,-1.6631053502503566,105.069145202637,-141.9386580938417,70.0114059448242,40.0,160.0,70.0,140.0,0.60697818851314
onestep_70_015,PS-onestep-02.xlsx,15,single_step,70.0,4.998,nan,nan,4.998,10.0,104.995948791504,9972,30.0111808776855,197.233184814453,True,False,40.0,100.0,70.0,100.0,3096.046545139902,3.952399844859449,2232.4243176105974,2.849903384183741,88.9911346435547,90.65948353540273,70.0028381347656,0,-728.6410267913293,-0.9301800342016968,-1286.2767166085798,-1.64205538290457,104.995948791504,-142.52092680544376,70.0028381347656,40.0,160.0,70.0,140.0,0.6060407085230478
onestep_70_016,PS-onestep-02.xlsx,16,single_step,70.0,10.020000000000001,nan,nan,10.020000000000001,10.0,105.095748901367,9975,30.0011196136475,197.249389648438,True,False,40.0,100.0,70.0,100.0,3064.7381600297035,3.9124316936549404,2212.8359823798273,2.824896998782758,88.9232864379883,90.14874195503069,70.003059387207,0,-738.726982477308,-0.9430557223114568,-1292.8246582974498,-1.6504144574009996,105.095748901367,-141.7566773310807,70.003059387207,40.0,160.0,70.0,140.0,0.5999121973336142
onestep_70_017,PS-onestep-02.xlsx,17,single_step,70.0,49.98,nan,nan,49.98,10.0,104.998840332031,9975,30.0009517669678,197.268157958984,True,False,40.0,100.0,70.0,100.0,3058.6228792282377,3.9046249522062606,2195.9954161204423,2.8033984035580115,89.2310256958008,89.2396263521178,70.0051422119141,0,-674.7770920844778,-0.8614175643631631,-1251.0353974935647,-1.5970664648854016,104.998840332031,-140.73319556821627,70.0051422119141,40.0,160.0,70.0,140.0,0.5987151516640149
onestep_70_018,PS-onestep-02.xlsx,18,single_step,70.0,100.02,nan,nan,100.02,10.0,105.043395996094,9975,30.0111808776855,197.287048339844,True,False,40.0,100.0,70.0,100.0,3074.619952671791,3.925046748091648,2194.0456107899554,2.8009092903701553,89.7926025390625,88.78670452579007,70.0099487304688,0,-737.3620899396833,-0.9413133063059785,-1309.693225473779,-1.6719487984771646,105.043395996094,-141.722259952022,70.0099487304688,40.0,160.0,70.0,140.0,0.60184652504057
onestep_70_019,PS-onestep-02.xlsx,19,single_step,70.0,499.98,nan,nan,499.98,10.0,105.087219238281,9977,30.0091381072998,197.312026977539,True,False,40.0,100.0,70.0,100.0,3029.575951189684,3.8675437674761923,2132.989940649084,2.7229658816796816,88.9256210327148,84.10230457813765,70.0007400512695,0,-829.0239947969208,-1.0583285039960688,-1409.965129658871,-1.7999554846708992,105.087219238281,-141.25930085284944,70.0007400512695,40.0,160.0,70.0,140.0,0.5930293130978808
onestep_70_020,PS-onestep-02.xlsx,20,single_step,70.0,1000.0200000000001,nan,nan,1000.0200000000001,10.0,105.024505615234,9978,30.0084838867188,197.344863891602,True,False,40.0,100.0,70.0,100.0,3051.1254925707626,3.895053820303101,2132.4295749474127,2.7222505212094625,88.0405578613281,83.71530502741797,70.0076446533203,0,-995.074424640864,-1.270307776137273,-1534.5834828305808,-1.9590427440390392,105.024505615234,-142.0753781132325,70.0076446533203,40.0,160.0,70.0,140.0,0.5972475634169648
single_eig_01_001,ps-single-01.xlsx,1,single_step,100.0,300.0,nan,nan,300.0,10.0,104.541801452637,9950,30.0081024169922,196.915161132813,True,False,40.0,100.0,70.0,100.0,3893.894469209034,4.970929109628554,2763.226898829518,3.5275237006334277,89.5351333618164,111.38817235805948,70.0162811279297,0,-908.9761406059538,-1.1603950731139836,-1551.5199105416987,-1.980663715585147,104.541801452637,-183.47521895418788,70.0162811279297,40.0,160.0,70.0,140.0,1.0
single_eig_01_002,ps-single-01.xlsx,2,single_step,90.0,300.0,nan,nan,300.0,10.0,103.813415527344,9950,30.0066528320313,196.899307250977,True,False,40.0,100.0,70.0,100.0,4657.687134379252,5.945983575803299,3301.7740361376727,4.215030684431071,89.6443252563477,133.2935592840605,70.015266418457,0,-790.3483081831941,-1.0089552870423755,-1440.2116986576934,-1.8385681259459918,103.813415527344,-177.79794235541,70.015266418457,40.0,160.0,70.0,140.0,0.6073893905783528
single_eig_01_003,ps-single-01.xlsx,3,single_step,100.0,30.0,nan,nan,30.0,10.0,104.427909851074,9952,30.0099620819092,196.943862915039,True,False,40.0,100.0,70.0,100.0,3819.083968921562,4.875426343304121,2708.2119636392104,3.4572918684755867,89.6821212768555,108.89489426274451,70.0158233642578,0,-552.3301638839216,-0.7051023368730913,-1243.9434634458785,-1.588012932058568,104.427909851074,-155.61469377846333,70.0158233642578,40.0,160.0,70.0,140.0,0.9807877432531784
single_eig_01_004,ps-single-01.xlsx,4,single_step,95.0,100.02,nan,nan,100.02,60.0,109.026626586914,1557,30.0163040161133,184.928268432617,True,False,40.0,100.0,70.0,100.0,-17997.10186878677,-3.8291706103801637,-1036.8598903938232,-0.2206084873178347,70.0727691650391,-389.5398005605671,70.0727691650391,0,-58101.33499085207,-12.361986168266396,-28944.85684227538,-6.158480179207527,109.026626586914,-1293.3578944976543,70.0727691650391,40.0,160.0,70.0,140.0,0.5031628655318614
single_eig_01_005,ps-single-01.xlsx,5,single_step,100.0,100.02,nan,nan,100.02,10.0,104.414710998535,9955,30.0074920654297,196.975204467773,True,False,40.0,100.0,70.0,100.0,3863.9079808427364,4.932648486182216,2732.6496067221146,3.488488859645253,89.1521759033203,109.80922719106911,70.0106353759766,0,-685.1655593481328,-0.8746794374657014,-1401.0331602622186,-1.788552970547513,104.414710998535,-178.355613532189,70.0106353759766,40.0,160.0,70.0,140.0,0.9922991009121032
kovacs_eig_01_001,ps-kovacs-01.xlsx,1,single_step,95.0,100.02,nan,nan,100.02,10.0,104.117919921875,9950,30.0004177093506,196.905181884766,True,False,40.0,100.0,70.0,100.0,4219.129762797762,5.386123101443951,2986.9498653825867,3.8131274877224506,89.3947830200195,120.03340663873303,70.0143661499023,0,-856.1365587196719,-1.0929402877272407,-1474.5386527813744,-1.882389769508137,104.117919921875,-173.82585483435184,70.0143661499023,40.0,160.0,70.0,140.0,0.7077504268113125
kovacs_eig_01_002,ps-kovacs-01.xlsx,2,two_step,65.0,10.000020000000001,100.0,1200.0,1210.00002,10.0,104.567100524902,9951,30.0073699951172,196.928726196289,True,False,40.0,100.0,70.0,100.0,3870.8305227451488,4.94148577371721,2745.0073217678555,3.504264666086624,89.5032806396484,110.39445049311439,70.0057907104492,0,-810.6517008931337,-1.0348745117784686,-1483.4428914288665,-1.8937568826751487,104.567100524902,-187.37293834714086,70.0057907104492,40.0,160.0,70.0,140.0,0.6621347397907222
kovacs_eig_01_003,ps-kovacs-01.xlsx,3,two_step,50.0,10.000020000000001,80.0,1800.0,1810.00002,10.0,103.833358764648,9951,30.0113487243652,196.938552856445,True,False,40.0,100.0,70.0,100.0,5053.496568946195,6.451272215675994,3547.647010145185,4.528911076781087,88.9385223388672,143.77060258400388,70.015998840332,0,-1057.0801444070257,-1.3494640141366285,-1642.2867370110832,-2.0965362600141484,103.833358764648,-162.65104777450404,70.015998840332,40.0,160.0,70.0,140.0,0.8502160649281147
kovacs_eig_01_004,ps-kovacs-01.xlsx,4,two_step,50.0,10.000020000000001,100.0,10.000020000000001,20.000040000000002,10.0,104.324256896973,9953,30.0090618133545,196.957809448242,True,False,40.0,100.0,70.0,100.0,3808.5759086647295,4.8620117982953985,2706.8327215544555,3.455531133899304,89.4329147338867,109.72790516041243,70.0164642333984,0,-740.1703613158597,-0.9448983335947144,-1357.670033080155,-1.733195786910836,104.324256896973,-159.87261341542165,70.0164642333984,40.0,160.0,70.0,140.0,0.6407667202038266
kovacs_eig_01_005,ps-kovacs-01.xlsx,5,two_step,50.0,1800.0,100.0,10.000020000000001,1810.00002,10.0,104.389984130859,9954,30.0012855529785,196.960693359375,True,False,40.0,100.0,70.0,100.0,3754.732112577063,4.793275037332421,2663.5477107129386,3.4002736732505596,89.6304931640625,107.33333018345257,70.0077819824219,0,-860.0436033058472,-1.0979280042202304,-1424.0125907750412,-1.817888413755372,104.389984130859,-160.50649683580536,70.0077819824219,40.0,160.0,70.0,140.0,0.6317078715817145
kovacs_eig_01_006,ps-kovacs-01.xlsx,6,two_step,55.0,600.0,90.0,300.0,900.0,10.0,103.660636901855,9955,30.0105571746826,196.986053466797,True,False,40.0,100.0,70.0,100.0,4643.262598802083,5.927569275066488,3292.9506107747266,4.203766737159225,89.4735412597656,132.93624671565124,70.000602722168,0,-938.2465050145652,-1.1977614957632745,-1494.8318425473103,-1.9082959692093322,103.660636901855,-177.97945249697864,70.000602722168,40.0,160.0,70.0,140.0,1.0
kovacs_eig_01_007,ps-kovacs-01.xlsx,7,two_step,50.0,10.000020000000001,70.0,1800.0,1810.00002,10.0,104.592735290527,9957,30.0040760040283,197.010681152344,True,False,40.0,100.0,70.0,100.0,3507.76931117322,4.478003375965812,2410.049217159961,3.0766585750978224,86.1455230712891,95.18710708233391,70.0098342895508,0,-934.7502019729695,-1.193298130178259,-1546.5278926953429,-1.9742909268451183,104.592735290527,-138.47572137098837,70.0098342895508,40.0,160.0,70.0,140.0,0.5901580776264799
kovacs_eig_01_008,ps-kovacs-01.xlsx,8,two_step,50.0,10.000020000000001,100.0,1800.0,1810.00002,10.0,104.452514648438,9958,30.0016212463379,197.031845092773,True,False,40.0,100.0,70.0,100.0,3867.551915492571,4.93730031765009,2744.960481080284,3.5042048694641914,89.6235961914063,110.58298221599159,70.0106964111328,0,-721.3992490990145,-0.9209352116157631,-1422.6645994684222,-1.8161675737894751,104.452514648438,-185.43299982253075,70.0106964111328,40.0,160.0,70.0,140.0,0.650689028009172
kovacs_eig_01_009,ps-kovacs-01.xlsx,9,two_step,50.0,10.000020000000001,85.0,60.0,70.00002,10.0,104.512939453125,9960,30.0083770751953,197.051132202148,True,False,40.0,100.0,70.0,100.0,3660.006891913048,4.6723492237187845,2560.510970825782,3.2687374095648276,88.5735244750977,102.61017921798907,70.0044708251953,0,-585.8217078768153,-0.7478574994172109,-1278.0551251353234,-1.6315597342153063,104.512939453125,-139.32454685351058,70.0044708251953,40.0,160.0,70.0,140.0,0.6157710042535942
kovacs_eig_01_010,ps-kovacs-01.xlsx,10,two_step,75.0,10.000020000000001,100.0,1800.0,1810.00002,10.0,104.467399597168,9961,30.0076141357422,197.078903198242,True,False,40.0,100.0,70.0,100.0,3932.752178848443,5.020534696402267,2783.021261124162,3.5527930993074404,89.7903289794922,112.24595672866963,70.0128402709961,0,-823.1899554299139,-1.0508807941658473,-1502.2100749768356,-1.9177149893321301,104.467399597168,-186.78651518165123,70.0128402709961,40.0,160.0,70.0,140.0,0.9657193435857467
kovacs_eig_03_001,ps-kovacs-03.xlsx,1,two_step,50.0,10.000020000000001,65.0,1200.0,1210.00002,10.0,104.657440185547,9949,30.0061817169189,196.898971557617,True,False,40.0,100.0,70.0,100.0,3395.060193787208,4.334119396324095,2351.5454161902762,3.001972871732267,89.6224594116211,93.17285996842509,70.012092590332,0,-765.0449380956502,-0.9766531124625322,-1376.109638364546,-1.756735708550484,104.657440185547,-137.149423942804,70.012092590332,40.0,160.0,70.0,140.0,0.5711955432786157
kovacs_eig_03_002,ps-kovacs-03.xlsx,2,two_step,50.0,10.000020000000001,75.0,10.000020000000001,20.000040000000002,10.0,104.592010498047,9951,30.0092296600342,196.919448852539,True,False,40.0,100.0,70.0,100.0,3530.013950647971,4.506400788061239,2490.9652856600715,3.1799556838213676,89.2220153808594,100.97196122042914,70.0115203857422,0,-552.5946718345203,-0.7054400065972599,-1203.5625043368495,-1.5364627714938504,104.592010498047,-136.8293364501933,70.0115203857422,40.0,160.0,70.0,140.0,0.5939005853301926
kovacs_eig_03_003,ps-kovacs-03.xlsx,3,two_step,65.0,10.000020000000001,65.0,1800.0,1810.00002,10.0,104.463150024414,9952,30.0006008148193,196.922775268555,True,False,40.0,100.0,70.0,100.0,3394.798543569309,4.333785374769331,2344.839984746567,2.993412746484979,88.9386901855469,91.99112194297106,70.0125122070313,0,-962.1504784623003,-1.2282772065476173,-1493.9935328515085,-1.9072257866189468,104.463150024414,-139.30803215791076,70.0125122070313,40.0,160.0,70.0,140.0,0.5807058813554212
kovacs_eig_03_004,ps-kovacs-03.xlsx,4,two_step,85.0,10.000020000000001,100.0,1200.0,1210.00002,10.0,104.43278503418,9953,30.0093364715576,196.953994750977,True,False,40.0,100.0,70.0,100.0,3983.1890580043478,5.084922201707678,2813.299432424179,3.59144608394576,89.199592590332,113.28328801545103,70.0078964233398,0,-888.7104494147402,-1.134523977976264,-1555.6438029394023,-1.9859282590715772,104.43278503418,-187.29899262741043,70.0078964233398,40.0,160.0,70.0,140.0,1.0
kovacs_eig_04_001,ps-kovacs-04.xlsx,1,two_step,75.0,10.000020000000001,100.0,10.000020000000001,20.000040000000002,10.0,104.151809692383,9954,30.0118675231934,196.933578491211,True,False,40.0,100.0,70.0,100.0,4072.3551878395724,5.198751303624986,2883.804811458474,3.681452950798051,89.5256042480469,116.44614574542913,70.0020599365234,0,-709.5167905058115,-0.9057661155393337,-1356.0898213612525,-1.7311784953547902,104.151809692383,-160.55448142110708,70.0020599365234,40.0,160.0,70.0,140.0,1.0
kovacs_eig_04_002,ps-kovacs-04.xlsx,2,two_step,50.0,100.0002,70.0,60.0,160.0002,10.0,104.553367614746,9955,30.0118980407715,196.959365844727,True,False,40.0,100.0,70.0,100.0,3620.683889712508,4.622149646441499,2546.901051396586,3.251363044336067,89.4388580322266,102.80052748987367,70.0135269165039,0,-600.774498169214,-0.7669461678755922,-1262.0676605279996,-1.6111502049293611,104.553367614746,-138.33679465137885,70.0135269165039,40.0,160.0,70.0,140.0,0.6091551794012435
kovacs_eig_04_003,ps-kovacs-04.xlsx,3,two_step,65.0,10.000020000000001,85.0,600.0,610.00002,10.0,103.56192779541,9956,30.0042743682861,196.978927612305,True,False,40.0,100.0,70.0,100.0,4975.895098043201,6.352206508140255,3515.043394512872,4.487289439803666,89.2576141357422,142.45981511972315,70.0147857666016,0,-990.662895933368,-1.2646760373617463,-1554.3287734615035,-1.984249498035962,103.56192779541,-168.33253091008987,70.0147857666016,40.0,160.0,70.0,140.0,0.8511643655305766
kovacs_eig_04_004,ps-kovacs-04.xlsx,4,two_step,50.0,10.000020000000001,70.0,300.0,310.00002,10.0,104.445831298828,9957,30.0075988769531,196.992233276367,True,False,40.0,100.0,70.0,100.0,3605.2957313223224,4.6025051889221125,2517.0681843354387,3.2132785331941767,89.4100494384766,100.06193904490061,70.0021057128906,0,-577.5611123521207,-0.7373120583218562,-1261.4031220813258,-1.6103018579761605,104.445831298828,-136.464562547534,70.0021057128906,40.0,160.0,70.0,140.0,0.606566227515258
hs_01_001,ps-hs-01.xlsx,1,single_step,70.0,300.0,nan,nan,300.0,5.0,102.932731628418,20080,30.003360748291,198.135330200195,True,False,40.0,100.0,70.0,100.0,2554.322260533558,6.521673856681425,1771.5401507304805,4.523081235907609,89.305793762207,71.46591993847983,70.0045318603516,0,1034.667690091009,2.6417047406578953,827.7308741471414,2.1133554233544034,88.3247833251953,56.43044160212446,70.0045318603516,40.0,160.0,70.0,140.0,1.0
hs_01_002,ps-hs-01.xlsx,2,single_step,70.0,300.0,nan,nan,300.0,10.0,104.457336425781,9956,30.0023078918457,197.019409179688,True,False,40.0,100.0,70.0,100.0,3685.8477951666628,4.705337610851058,2577.7914879747404,3.2907976442230726,89.1439743041992,103.18819513125112,70.0021896362305,0,-577.4183765611565,-0.7371298424184975,-1240.780749156744,-1.5839754244554178,104.457336425781,-135.47401270906244,70.0021896362305,40.0,160.0,70.0,140.0,0.721492321488978
hs_01_003,ps-hs-01.xlsx,3,single_step,70.0,300.0,nan,nan,300.0,20.0,106.104507446289,4911,30.0029029846191,194.696990966797,True,False,40.0,100.0,70.0,100.0,7036.522079394771,4.4913970719541085,4165.323756191419,2.6587172911860124,85.6641616821289,160.54490059698276,70.0302124023438,0,163.67246095328755,0.10447178358720483,-2722.3880372260783,-1.7376944918464325,106.104507446289,-266.21515286397175,70.0302124023438,40.0,160.0,70.0,140.0,0.6886877771958333
hs_01_004,ps-hs-01.xlsx,4,single_step,70.0,300.0,nan,nan,300.0,40.0,108.60945892334,2391,30.0147953033447,189.868240356445,True,False,40.0,100.0,70.0,100.0,3855.1859361903007,1.2303784902735002,4997.6849426072295,1.595005832746988,88.9290313720703,193.32859725745902,70.0653533935547,0,-14550.23162047906,-4.643690942706082,-11678.918759706936,-3.727314497778809,108.60945892334,-588.5740599308283,70.0653533935547,40.0,160.0,70.0,140.0,0.18865992340493737
hs_01_005,ps-hs-01.xlsx,5,single_step,90.0,100.0002,nan,nan,100.0002,5.0,102.919906616211,20079,30.0050067901611,198.154388427734,True,False,40.0,100.0,70.0,100.0,2736.8173175670054,6.9876186831498,1888.3367225303546,4.821285249013671,88.3339920043945,76.61916371947655,70.0070190429688,0,1081.3797606994012,2.760969601785705,852.6421756092798,2.1769587462364592,87.6965637207031,57.597444413932976,70.0070190429688,40.0,160.0,70.0,140.0,0.7137936725596958
hs_01_006,ps-hs-01.xlsx,6,single_step,90.0,100.0002,nan,nan,100.0002,10.0,104.196235656738,9955,30.0095500946045,196.999847412109,True,False,40.0,100.0,70.0,100.0,4324.715768887238,5.520913747515622,3045.3765837043343,3.8877147877076608,88.9820175170898,123.05696931142211,70.0041275024414,0,-561.9118080991666,-0.717334223105319,-1271.9634362294298,-1.623783110080123,104.196235656738,-146.9449118087279,70.0041275024414,40.0,160.0,70.0,140.0,0.563967995166574
hs_01_007,ps-hs-01.xlsx,7,single_step,90.0,100.0002,nan,nan,100.0002,20.0,105.5732421875,4907,30.0001430511475,194.699447631836,True,False,40.0,100.0,70.0,100.0,8083.446563589256,5.1596467427165456,4990.862754993857,3.1856570776556534,88.1405029296875,194.65773049523978,70.0099029541016,0,25.505993237984512,0.016280421215734794,-2788.3785236529275,-1.7798160789274002,105.5732421875,-305.3209381550559,70.0099029541016,40.0,160.0,70.0,140.0,0.5270641350930397
hs_01_008,ps-hs-01.xlsx,8,single_step,90.0,100.0002,nan,nan,100.0002,40.0,107.42162322998,2393,30.0139102935791,190.046722412109,True,False,40.0,100.0,70.0,100.0,3882.4276995419627,1.2390726700665837,5151.6645507303965,1.6441482608714029,90.8892211914063,203.94727982606605,70.0422821044922,0,-14443.309825622193,-4.609566965624103,-11287.425986827035,-3.602369995795862,107.42162322998,-676.2330668527984,70.0422821044922,40.0,160.0,70.0,140.0,0.12657276703835477
hs_01_009,ps-hs-01.xlsx,9,single_step,95.0,100.02,nan,nan,100.02,5.0,102.616424560547,20079,30.0008144378662,198.159484863281,True,False,40.0,100.0,70.0,100.0,2980.662111223699,7.610201135039231,2081.8614934657494,5.315391047146594,88.5591278076172,84.48155634445243,70.008186340332,0,1050.9568987660243,2.683294209615381,209.22286304851502,0.5341860333153574,102.616424560547,-61.190095457563984,70.008186340332,40.0,160.0,70.0,140.0,1.0
hs_01_010,ps-hs-01.xlsx,10,single_step,95.0,100.02,nan,nan,100.02,10.0,103.933876037598,9957,30.0025825500488,197.026123046875,True,False,40.0,100.0,70.0,100.0,4509.891200632975,5.757307915701669,3200.050890903817,4.085171350089978,89.412109375,129.12192883625244,70.0166320800781,0,-587.4213694283062,-0.7498996205467738,-1283.8692750495763,-1.638982053254778,103.933876037598,-167.3934530362328,70.0166320800781,40.0,160.0,70.0,140.0,0.7565250659662085
hs_01_011,ps-hs-01.xlsx,11,single_step,95.0,100.02,nan,nan,100.02,20.0,105.633995056152,4908,30.0118217468262,194.761672973633,True,False,40.0,100.0,70.0,100.0,7709.821979226014,4.921162965463413,4762.4975725276145,3.0398920675708174,88.4781494140625,184.58362138227574,70.0082855224609,0,-64.08979998294126,-0.04090838296783485,-2939.5905196357444,-1.8763343742355814,105.633995056152,-349.5337430914778,70.0082855224609,40.0,160.0,70.0,140.0,0.6466534692237204
hs_01_012,ps-hs-01.xlsx,12,single_step,95.0,100.02,nan,nan,100.02,40.0,107.416748046875,2394,30.0217018127441,190.179656982422,True,False,40.0,100.0,70.0,100.0,3288.522843840512,1.049528567183142,4672.129691188713,1.4911052205921422,91.0911254882813,184.7743966580399,70.0381927490234,0,-14891.36020275276,-4.752561766835987,-11821.45453814144,-3.7728046398323745,107.416748046875,-749.7904951038549,70.0381927490234,40.0,160.0,70.0,140.0,0.1379107527593266
hs_02_001,ps-hs-02.xlsx,1,two_step,50.0,10.000020000000001,80.0,1800.0,1810.00002,5.0,102.541961669922,20067,30.0051288604736,198.092163085938,True,False,40.0,100.0,70.0,100.0,2896.4517419550057,7.395195936906395,1982.576962045663,5.061898626499565,87.5891647338867,82.61545752852123,70.0011138916016,0,728.5715845077304,1.8601827689559074,-7.276835115814151,-0.018579153487185064,102.541961669922,-54.84411827810345,70.0011138916016,40.0,160.0,70.0,140.0,0.9746161964101996
hs_02_002,ps-hs-02.xlsx,2,two_step,50.0,10.000020000000001,80.0,1800.0,1810.00002,10.0,103.236877441406,9948,30.000020980835,196.913223266602,True,False,40.0,100.0,70.0,100.0,5607.271276695506,7.158218651100646,3942.4121591490175,5.032866586147681,89.2476425170898,161.88487778759736,70.0009918212891,0,-977.992345498029,-1.2485008665932285,-1555.6877061306516,-1.985984305698704,103.236877441406,-161.2151211542767,70.0009918212891,40.0,160.0,70.0,140.0,0.94338485340075
hs_02_003,ps-hs-02.xlsx,3,two_step,50.0,10.000020000000001,80.0,1800.0,1810.00002,20.0,104.473602294922,4900,30.0165176391602,194.56477355957,True,False,40.0,100.0,70.0,100.0,9801.09684957396,6.256019265685506,6273.517197572008,4.004372679301281,88.7692184448242,245.80886930510508,70.0282516479492,0,-1095.9769189823546,-0.6995597355206519,-3483.177230001177,-2.2233046148943685,104.473602294922,-388.21754362897866,70.0282516479492,40.0,160.0,70.0,140.0,0.824483590889407
hs_02_004,ps-hs-02.xlsx,4,two_step,50.0,10.000020000000001,80.0,1800.0,1810.00002,40.0,106.536849975586,2388,30.0060443878174,189.810562133789,True,False,40.0,100.0,70.0,100.0,4815.536104739913,1.5368732249169934,5539.021215966884,1.7677727285000688,91.2478713989258,220.7253630175835,70.0581817626953,0,-15348.4276818678,-4.898434366553553,-12660.869601711045,-4.040703064375864,106.536849975586,-889.0683524950136,70.0581817626953,40.0,160.0,70.0,140.0,0.20254521308327528
hs_02_005,ps-hs-02.xlsx,5,two_step,50.0,10.000020000000001,100.0,1800.0,1810.00002,5.0,102.744354248047,20072,30.002140045166,198.137802124023,True,False,40.0,100.0,70.0,100.0,2971.8896039523,7.587803244133531,2074.451412047168,5.2964716903331945,89.2674942016602,84.22865439495536,70.0070877075195,0,996.2502090618264,2.5436175550514712,162.78700246223138,0.41562638926527157,102.744354248047,-67.64774835676235,70.0070877075195,40.0,160.0,70.0,140.0,1.0
hs_02_006,ps-hs-02.xlsx,6,two_step,50.0,10.000020000000001,100.0,1800.0,1810.00002,10.0,104.108459472656,9955,30.0008907318115,197.022766113281,True,False,40.0,100.0,70.0,100.0,4334.870332524624,5.5338770202442005,3062.8682112240836,3.9100445249669145,89.4604263305664,123.65067411783514,70.0127334594727,0,-791.6811976353174,-1.010656848045086,-1457.8059413624806,-1.8610288613138048,104.108459472656,-175.6467866472695,70.0127334594727,40.0,160.0,70.0,140.0,0.729312139784685
hs_02_007,ps-hs-02.xlsx,7,two_step,50.0,10.000020000000001,100.0,1800.0,1810.00002,20.0,105.964530944824,4907,30.0120048522949,194.725143432617,True,False,40.0,100.0,70.0,100.0,7525.175060902082,4.8033032303630305,4614.928647644995,2.945699136794677,86.7805862426758,180.47924528800831,70.0323944091797,0,-532.1398707219741,-0.3396637472693452,-3297.8635201279494,-2.105019268166776,105.964530944824,-352.67088353937794,70.0323944091797,40.0,160.0,70.0,140.0,0.633029491648545
hs_02_008,ps-hs-02.xlsx,8,two_step,50.0,10.000020000000001,100.0,1800.0,1810.00002,40.0,107.933883666992,2393,30.0043506622314,190.099899291992,True,False,40.0,100.0,70.0,100.0,3657.132382673586,1.1671699093639103,4806.010278104242,1.5338330674800773,90.6501083374023,190.4492434764295,70.0083618164063,0,-14478.824299917698,-4.620901372314158,-11846.790560024969,-3.7808906042632877,107.933883666992,-727.1701712712643,70.0083618164063,40.0,160.0,70.0,140.0,0.15382184695765555
hs_02_009,ps-hs-02.xlsx,9,two_step,65.0,10.000020000000001,100.0,1200.0,1210.00002,5.0,102.784111022949,20078,30.0022010803223,198.184219360352,True,False,40.0,100.0,70.0,100.0,2922.9930783941227,7.462961051219035,2042.3772717686074,5.2145802683453795,89.0155792236328,82.98133520381396,70.0012817382813,0,993.368082080041,2.536258932970317,158.55966822197786,0.40483319546036894,102.784111022949,-67.23357862560215,70.0012817382813,40.0,160.0,70.0,140.0,1.0
hs_02_010,ps-hs-02.xlsx,10,two_step,65.0,10.000020000000001,100.0,1200.0,1210.00002,10.0,104.186386108398,9956,30.0075073242188,197.057495117188,True,False,40.0,100.0,70.0,100.0,4284.503942502988,5.469579501067644,3038.801810896985,3.8793214607195554,89.105354309082,122.87246339768762,70.0092468261719,0,-612.4701462221501,-0.7818767824112554,-1337.3012043689305,-1.7071930268539535,104.186386108398,-172.5795337191043,70.0092468261719,40.0,160.0,70.0,140.0,0.7328966965698176
hs_02_011,ps-hs-02.xlsx,11,two_step,65.0,10.000020000000001,100.0,1200.0,1210.00002,20.0,105.990852355957,4908,30.014627456665,194.833190917969,True,False,40.0,100.0,70.0,100.0,7670.74548748173,4.896220523924509,4726.883436812186,3.0171596405184165,87.0727844238281,184.4463366679508,70.0184707641602,0,-376.10353060236775,-0.24006608336321347,-3231.4595702894785,-2.0626337682698797,105.990852355957,-354.7453272142971,70.0184707641602,40.0,160.0,70.0,140.0,0.6560694194062204
hs_02_012,ps-hs-02.xlsx,12,two_step,65.0,10.000020000000001,100.0,1200.0,1210.00002,40.0,107.905296325684,2396,30.0024452209473,190.343734741211,True,False,40.0,100.0,70.0,100.0,4345.867264889799,1.3869789143265316,5206.358579591187,1.6616038019971873,89.256217956543,203.556123278124,70.0468597412109,0,-14233.827190224047,-4.542710805390653,-11916.49880410171,-3.8031379162026737,107.905296325684,-734.0507030104886,70.0468597412109,40.0,160.0,70.0,140.0,0.18584833885739976
single_hs_80_90_01_001,ps-single-hs-01.xlsx,1,single_step,80.0,49.999999999999986,nan,nan,49.999999999999986,5.0,102.906616210938,20066,30.0009517669678,198.112762451172,True,False,40.0,100.0,70.0,100.0,2581.958668487994,6.592234898267218,1797.1931158595055,4.588578168151929,89.2039337158203,73.47184668869659,70.00537109375,0,1096.583682245036,2.799788124880943,811.8171632007972,2.0727246720020354,88.6245651245117,56.254715655659766,70.00537109375,40.0,160.0,70.0,140.0,0.9482480736524594
single_hs_80_90_01_002,ps-single-hs-01.xlsx,2,single_step,80.0,49.999999999999986,nan,nan,49.999999999999986,10.0,104.299736022949,9949,30.0027351379395,196.940139770508,True,False,40.0,100.0,70.0,100.0,3952.6285753949614,5.045908819653142,2792.5597138874136,3.5649698475158464,88.7087326049805,113.48084117424298,70.0150451660156,0,-684.1383810726188,-0.8733681460501517,-1303.8240907714521,-1.6644562860912153,104.299736022949,-133.06235331340173,70.0150451660156,40.0,160.0,70.0,140.0,0.7258196032000822
single_hs_80_90_01_003,ps-single-hs-01.xlsx,3,single_step,80.0,49.999999999999986,nan,nan,49.999999999999986,20.0,105.874794006348,4901,30.013650894165,194.613464355469,True,False,40.0,100.0,70.0,100.0,7560.389654814049,4.825780630732372,4631.537129119152,2.9563002951824373,85.5308609008789,181.93502930712123,70.0206985473633,0,-47.93735131469202,-0.030598309349803416,-2785.2720601380865,-1.7778332298753745,105.874794006348,-260.105105910506,70.0206985473633,40.0,160.0,70.0,140.0,0.6941556630762873
single_hs_80_90_01_004,ps-single-hs-01.xlsx,4,single_step,80.0,49.999999999999986,nan,nan,49.999999999999986,40.0,108.095184326172,2388,30.0183334350586,189.869400024414,True,False,40.0,100.0,70.0,100.0,4703.093889631702,1.5009874115845856,5611.062263838281,1.7907645522888131,89.0190200805664,220.71140608235964,70.0170745849609,0,-14193.148096582368,-4.529728115930543,-11301.159332797466,-3.606752978552382,108.095184326172,-577.9724700884317,70.0170745849609,40.0,160.0,70.0,140.0,0.21590681211705517
single_hs_80_90_01_005,ps-single-hs-01.xlsx,5,single_step,80.0,499.99999999999983,nan,nan,499.99999999999983,5.0,102.794715881348,20071,30.0067749023438,198.147705078125,True,False,40.0,100.0,70.0,100.0,2607.603328771627,6.657710626650962,1784.4279982828984,4.555986378594634,87.6123504638672,72.87702613044291,70.0037689208984,0,881.3753634813786,2.2503200769737326,740.8694837493742,1.8915816606367002,86.5400543212891,52.17100162981944,70.0037689208984,40.0,160.0,70.0,140.0,0.957666311058896
single_hs_80_90_01_006,ps-single-hs-01.xlsx,6,single_step,80.0,499.99999999999983,nan,nan,499.99999999999983,10.0,104.104187011719,9952,30.001895904541,197.00959777832,True,False,40.0,100.0,70.0,100.0,4396.284515184353,5.612278104490663,3048.6114725694806,3.8918444330674213,87.5029754638672,125.88278045682057,70.0162963867188,0,-919.8347544846442,-1.174257133384652,-1540.1221885238638,-1.9661134321581237,104.104187011719,-137.7053916735868,70.0162963867188,40.0,160.0,70.0,140.0,0.8072879658435718
single_hs_80_90_01_007,ps-single-hs-01.xlsx,7,single_step,80.0,499.99999999999983,nan,nan,499.99999999999983,20.0,105.365249633789,4905,30.0110912322998,194.749496459961,True,False,40.0,100.0,70.0,100.0,9184.125845417633,5.862207986436786,5743.7848852801335,3.666245671455404,87.757926940918,228.77550477711492,70.0270080566406,0,-519.1880499916997,-0.33139662765427635,-3222.1885491307594,-2.0567160951898464,105.365249633789,-287.02652800433157,70.0270080566406,40.0,160.0,70.0,140.0,0.8432386764540041
single_hs_80_90_01_008,ps-single-hs-01.xlsx,8,single_step,80.0,499.99999999999983,nan,nan,499.99999999999983,40.0,106.85400390625,2393,30.0069122314453,190.190277099609,True,False,40.0,100.0,70.0,100.0,6838.753464329937,2.1825808928712562,7123.368977739214,2.273415631193366,90.2433471679688,284.9982328710314,70.0098724365234,0,-15418.166755232784,-4.920691517627484,-12210.150612948273,-3.896856578600513,106.85400390625,-677.7428651795512,70.0098724365234,40.0,160.0,70.0,140.0,0.313949390334959
single_hs_80_90_01_009,ps-single-hs-01.xlsx,9,single_step,80.0,1000.000000000002,nan,nan,1000.000000000002,5.0,102.713600158691,20073,30.0022010803223,198.171936035156,True,False,40.0,100.0,70.0,100.0,2722.8725691398586,6.952015070144319,1852.9090870536452,4.730831711626328,86.935432434082,76.65631554467382,70.0025863647461,0,827.5600442308732,2.1129192618660593,713.8396430417557,1.8225693013832058,85.9207458496094,52.260300679008765,70.0025863647461,40.0,160.0,70.0,140.0,1.0
single_hs_80_90_01_010,ps-single-hs-01.xlsx,10,single_step,80.0,1000.000000000002,nan,nan,1000.000000000002,10.0,103.627471923828,9956,30.0020790100098,197.070297241211,True,False,40.0,100.0,70.0,100.0,4993.78609098481,6.375046073597629,3467.6530279173508,4.426791099468958,88.2402877807617,144.45426853346635,70.0133972167969,0,-1076.843833488405,-1.3746942555171124,-1638.788185065498,-2.09207002348787,103.627471923828,-144.745038954277,70.0133972167969,40.0,160.0,70.0,140.0,0.9170069410487177
single_hs_80_90_01_011,ps-single-hs-01.xlsx,11,single_step,80.0,1000.000000000002,nan,nan,1000.000000000002,20.0,104.749038696289,4909,30.0083160400391,194.877578735352,True,False,40.0,100.0,70.0,100.0,10331.00877964892,6.594260923180161,6597.443784457151,4.2111343305045645,88.8012390136719,261.6733710681596,70.0263290405273,0,-878.250148121062,-0.5605852009283374,-3417.0964071482094,-2.1811253662648147,104.749038696289,-324.49965823488355,70.0263290405273,40.0,160.0,70.0,140.0,0.9485395035317823
single_hs_80_90_01_012,ps-single-hs-01.xlsx,12,single_step,80.0,1000.000000000002,nan,nan,1000.000000000002,40.0,106.504768371582,2397,30.0059986114502,190.452163696289,True,False,40.0,100.0,70.0,100.0,6937.5675007211785,2.214117287464205,7243.6147622595245,2.3117919454019757,90.931640625,291.97039026334346,70.0130615234375,0,-16368.696914149765,-5.224052206643541,-12926.070567248276,-4.125341670398386,106.504768371582,-771.5992662958133,70.0130615234375,40.0,160.0,70.0,140.0,0.3184856858226347
single_hs_80_90_01_013,ps-single-hs-01.xlsx,13,single_step,90.0,49.999999999999986,nan,nan,49.999999999999986,5.0,102.715194702148,20081,30.0035438537598,198.211181640625,True,False,40.0,100.0,70.0,100.0,2773.4402451725628,7.08112403022782,1901.9125100022184,4.855946834048217,87.7537384033203,77.90506091170789,70.0021667480469,0,924.3975201195439,2.3601638811562817,753.9543239680698,1.9249897633227313,87.2423400878906,54.97110701845611,70.0021667480469,40.0,160.0,70.0,140.0,0.723345356491124
single_hs_80_90_01_014,ps-single-hs-01.xlsx,14,single_step,90.0,49.999999999999986,nan,nan,49.999999999999986,10.0,104.0224609375,9961,30.0120048522949,197.139053344727,True,False,40.0,100.0,70.0,100.0,4435.33621221788,5.6621313347462285,3099.494052249565,3.9568009177654018,87.8125915527344,126.70360124095396,70.008659362793,0,-847.5598053242793,-1.0819912408395054,-1464.5518541883057,-1.8696406649212414,104.0224609375,-139.90401925860618,70.008659362793,40.0,160.0,70.0,140.0,0.5783935419501195
single_hs_80_90_01_015,ps-single-hs-01.xlsx,15,single_step,90.0,49.999999999999986,nan,nan,49.999999999999986,20.0,105.541130065918,4913,30.0129814147949,194.983047485352,True,False,40.0,100.0,70.0,100.0,8535.750428127301,5.448351337102532,5320.900182709409,3.396319265559197,87.5317764282227,210.84506801828633,70.0043487548828,0,-489.14080110767645,-0.31221753262192115,-3110.5219255159864,-1.9854395269250973,105.541130065918,-282.07331224347854,70.0043487548828,40.0,160.0,70.0,140.0,0.5565556574636821
single_hs_80_90_01_016,ps-single-hs-01.xlsx,16,single_step,90.0,49.999999999999986,nan,nan,49.999999999999986,40.0,107.287887573242,2401,30.0065765380859,190.664031982422,True,False,40.0,100.0,70.0,100.0,6073.226286665513,1.9382637085102696,6498.046156363455,2.0738445179883365,90.200553894043,260.43668924325607,70.03662109375,0,-14645.078430883908,-4.673961201345928,-11650.081787564573,-3.718111208797204,107.287887573242,-628.1628590891194,70.03662109375,40.0,160.0,70.0,140.0,0.19799597454036708
single_hs_80_90_01_017,ps-single-hs-01.xlsx,17,single_step,90.0,499.99999999999983,nan,nan,499.99999999999983,5.0,101.793090820313,20085,30.0036964416504,198.245071411133,True,False,40.0,100.0,70.0,100.0,3459.6599853383123,8.833174430651008,2395.8599445488217,6.117089220124651,88.3976058959961,99.22194943864235,70.0043487548828,0,781.1124675811682,1.9943297044625572,13.613947914623623,0.03475901595223052,101.793090820313,-70.02010898672847,70.0043487548828,40.0,160.0,70.0,140.0,0.9023194171168849
single_hs_80_90_01_018,ps-single-hs-01.xlsx,18,single_step,90.0,499.99999999999983,nan,nan,499.99999999999983,10.0,103.162353515625,9964,30.0116386413574,197.197082519531,True,False,40.0,100.0,70.0,100.0,5671.863500546052,7.240676809207725,4028.2744174897025,5.142477979774088,89.3954849243164,165.05479731685875,70.0162124633789,0,-1342.967036057713,-1.7144260034779313,-1707.8733766750152,-2.1802638851170406,103.162353515625,-198.88118736716638,70.0162124633789,40.0,160.0,70.0,140.0,0.7396438652162501
single_hs_80_90_01_019,ps-single-hs-01.xlsx,19,single_step,90.0,499.99999999999983,nan,nan,499.99999999999983,20.0,104.96435546875,4917,30.014123916626,195.125045776367,True,False,40.0,100.0,70.0,100.0,9220.597448189543,5.885487732886942,5864.808941560894,3.7434950690814217,89.0595092773438,229.80077420157886,70.0109710693359,0,-1006.4854283478326,-0.6424375074560633,-3623.3090717720115,-2.3127504713438367,104.96435546875,-432.78066682236846,70.0109710693359,40.0,160.0,70.0,140.0,0.6012096672923655
single_hs_80_90_01_020,ps-single-hs-01.xlsx,20,single_step,90.0,499.99999999999983,nan,nan,499.99999999999983,40.0,106.870361328125,2405,30.0054187774658,190.938903808594,True,False,40.0,100.0,70.0,100.0,4784.6672110907075,1.527021450348098,5603.065693348355,1.7882124553239431,90.8916625976563,225.25310208220253,70.0429077148438,0,-16329.335406588736,-5.211490023379383,-14749.614687879235,-4.707323836557202,106.870361328125,-920.2596186520227,70.0429077148438,40.0,160.0,70.0,140.0,0.15598708208703713
single_hs_80_90_01_021,ps-single-hs-01.xlsx,21,single_step,90.0,1000.000000000002,nan,nan,1000.000000000002,5.0,nan,8867,30.0069122314453,104.236869812012,False,True,40.0,100.0,70.0,100.0,3834.1854555149766,9.789409673655259,2677.9521877983507,6.837324734804299,89.2828598022461,110.22771865347465,70.0058898925781,0,3200.303402751244,8.170987411279771,2195.9296501609447,5.606628894027944,89.0147705078125,95.90721105994191,70.0058898925781,40.0,160.0,70.0,140.0,1.0
single_hs_80_90_01_022,ps-single-hs-01.xlsx,22,single_step,90.0,1000.000000000002,nan,nan,1000.000000000002,10.0,nan,0,nan,nan,False,True,,,,,nan,nan,nan,nan,nan,nan,nan,0,,,,,,,,,,,,nan
single_hs_80_90_01_023,ps-single-hs-01.xlsx,23,single_step,90.0,1000.000000000002,nan,nan,1000.000000000002,20.0,nan,0,nan,nan,False,True,,,,,nan,nan,nan,nan,nan,nan,nan,0,,,,,,,,,,,,nan
single_hs_80_90_01_024,ps-single-hs-01.xlsx,24,single_step,90.0,1000.000000000002,nan,nan,1000.000000000002,40.0,nan,0,nan,nan,False,True,,,,,nan,nan,nan,nan,nan,nan,nan,0,,,,,,,,,,,,nan
kovacs_80_to_90_001,pskovacs.xlsx,1,two_step,80.0,49.98,90.0,0.1002,50.0802,10.0,105.60977935791,9937,30.0033912658691,196.829574584961,True,False,40.0,100.0,70.0,100.0,2862.6364638204163,3.654429528281382,2020.0062646080328,2.5787314016272758,87.9974212646484,80.8291039056428,70.005744934082,0,-337.6777140744225,-0.43107793286096485,-1149.1295071679456,-1.4669738389378029,105.60977935791,-142.6328634885483,70.005744934082,40.0,160.0,70.0,140.0,0.7311682257232343
kovacs_80_to_90_002,pskovacs.xlsx,2,two_step,80.0,49.98,90.0,0.4998,50.4798,10.0,105.352447509766,9942,30.0101909637451,196.868988037109,True,False,40.0,100.0,70.0,100.0,2872.6801649880576,3.6672512744528394,2039.9811823262098,2.6042312965866508,88.5009765625,81.18555473522838,70.0099029541016,0,-392.02654891837574,-0.5004594241511179,-1143.0141399975064,-1.459166987230859,105.352447509766,-143.43042128734055,70.0099029541016,40.0,160.0,70.0,140.0,0.7337335654913997
kovacs_80_to_90_003,pskovacs.xlsx,3,two_step,80.0,49.98,90.0,0.7979999999999999,50.778,10.0,105.510284423828,9945,30.0037250518799,196.895156860352,True,False,40.0,100.0,70.0,100.0,2911.2887323464365,3.7165388072507692,2065.5991239614004,2.6369350518656174,88.6924438476563,81.7746420602466,70.0056686401367,0,-370.1624153713947,-0.47254776430390805,-1168.410274551898,-1.4915875845343378,105.510284423828,-143.25513335801878,70.0056686401367,40.0,160.0,70.0,140.0,0.7435948797204049
kovacs_80_to_90_004,pskovacs.xlsx,4,two_step,80.0,49.98,90.0,1.0002,50.980199999999996,10.0,105.474052429199,9946,30.0099773406982,196.911056518555,True,False,40.0,100.0,70.0,100.0,2938.1927320587474,3.7508843387984006,2079.7573529668707,2.6550093867662174,88.7902908325195,83.04434114161421,70.0162582397461,0,-395.8119455007395,-0.505291845320093,-1180.939484786002,-1.5075823210034065,105.474052429199,-144.00120241438077,70.0162582397461,40.0,160.0,70.0,140.0,0.750466639366845
kovacs_80_to_90_005,pskovacs.xlsx,5,two_step,80.0,49.98,90.0,4.998,54.977999999999994,10.0,105.282920837402,9947,30.0008296966553,196.920867919922,True,False,40.0,100.0,70.0,100.0,2994.032062486698,3.8221685904085505,2121.9465871586394,2.7088679836067735,88.871467590332,85.21368085117797,70.0147094726563,0,-434.8266611211684,-0.555097865261066,-1178.4928440503334,-1.5044589498514893,105.282920837402,-145.10234366013913,70.0147094726563,40.0,160.0,70.0,140.0,0.7647289966974331
kovacs_80_to_90_006,pskovacs.xlsx,6,two_step,80.0,49.98,90.0,10.020000000000001,60.0,10.0,105.451065063477,9950,30.0000972747803,196.938949584961,True,False,40.0,100.0,70.0,100.0,3028.383505642036,3.866021496564301,2145.703388269235,2.7391958148117888,88.3134078979492,85.4346973842338,70.0004577636719,0,-451.12626429601823,-0.5759058693140657,-1222.5252582523995,-1.5606705424498715,105.451065063477,-144.45346379723162,70.0004577636719,40.0,160.0,70.0,140.0,0.7735029657502135
kovacs_80_to_90_007,pskovacs.xlsx,7,two_step,80.0,49.98,90.0,49.98,99.96,10.0,105.297142028809,9953,30.0015296936035,196.96647644043,True,False,40.0,100.0,70.0,100.0,3214.5571139136423,4.103689932655714,2286.7925097313414,2.9193095868910737,89.0168075561523,91.84390374524202,70.0097885131836,0,-535.0069767360669,-0.6829876298758301,-1268.174452865826,-1.61894611004148,105.297142028809,-148.9555729387506,70.0097885131836,40.0,160.0,70.0,140.0,0.821055013855817
kovacs_80_to_90_008,pskovacs.xlsx,8,two_step,80.0,49.98,90.0,100.02,150.0,10.0,105.12393951416,9954,30.010648727417,196.983749389648,True,False,40.0,100.0,70.0,100.0,3411.124974867868,4.354627627490895,2429.7183263036686,3.1017680761323425,89.0164947509766,97.97394657254165,70.00927734375,0,-579.295297802299,-0.7395259120880413,-1305.3348070756674,-1.6663848600965965,105.12393951416,-155.3264231091598,70.00927734375,40.0,160.0,70.0,140.0,0.8712619388162783
kovacs_80_to_90_009,pskovacs.xlsx,9,two_step,80.0,49.98,90.0,499.98,549.96,10.0,104.568908691406,9956,30.000524520874,197.004440307617,True,False,40.0,100.0,70.0,100.0,3770.3143620305345,4.813167270677278,2708.8055150254922,3.458049593649564,90.4941253662109,108.42436108925625,70.0093536376953,0,-893.7184782427025,-1.1409172062672797,-1543.6768192868662,-1.9706512586640845,104.568908691406,-209.05924763906387,70.0093536376953,40.0,160.0,70.0,140.0,0.9630052915715371
kovacs_80_to_90_010,pskovacs.xlsx,10,two_step,80.0,49.98,90.0,1000.0200000000001,1050.0,10.0,104.511016845703,9956,30.0105113983154,197.022216796875,True,False,40.0,100.0,70.0,100.0,3538.026005583599,4.516628943298211,2548.4213400041203,3.253303838303132,90.2820129394531,101.92038525661826,70.0138549804688,0,-1137.461054013634,-1.4520779412940008,-1770.9161742526157,-2.260744052237382,104.511016845703,-265.57202059880285,70.0138549804688,40.0,160.0,70.0,140.0,0.9036747172614465
kovacs_80_to_90_011,pskovacs.xlsx,11,two_step,80.0,499.98,90.0,0.1002,500.0802,10.0,105.250694274902,9954,30.0024909973145,197.027465820313,True,False,40.0,100.0,70.0,100.0,3400.9016306068206,4.341576549710834,2388.974134308302,3.0497542140105978,87.2107238769531,96.06242989816997,70.0157775878906,0,-679.3712425377707,-0.8672824372822605,-1408.7042746345096,-1.7983458825121397,105.250694274902,-147.8225133573892,70.0157775878906,40.0,160.0,70.0,140.0,0.86865071500956
kovacs_80_to_90_012,pskovacs.xlsx,12,two_step,80.0,499.98,90.0,0.4998,500.4798,10.0,105.260787963867,9956,30.0012111663818,197.054214477539,True,False,40.0,100.0,70.0,100.0,3420.3507401770657,4.366405200226041,2405.890891389422,3.0713500741141555,87.7234573364258,97.11151590356059,70.0102233886719,0,-685.0479074638915,-0.8745292435709252,-1416.5626956536748,-1.8083779093451169,105.260787963867,-147.5483661937028,70.0102233886719,40.0,160.0,70.0,140.0,0.8736183632303876
kovacs_80_to_90_013,pskovacs.xlsx,13,two_step,80.0,499.98,90.0,0.7979999999999999,500.778,10.0,105.236175537109,9957,30.0126762390137,197.075729370117,True,False,40.0,100.0,70.0,100.0,3410.5924596971017,4.353947820889917,2398.285218140017,3.061640704008532,88.3377456665039,96.83658106403897,70.0138549804688,0,-654.0530048509654,-0.8349612827884664,-1395.343916592149,-1.78129010628785,105.236175537109,-146.8326664430968,70.0138549804688,40.0,160.0,70.0,140.0,0.8711259249781608
kovacs_80_to_90_014,pskovacs.xlsx,14,two_step,80.0,499.98,90.0,1.0002,500.9802,10.0,105.188430786133,9958,30.0125389099121,197.094528198242,True,False,40.0,100.0,70.0,100.0,3420.294242916948,4.366333076064189,2407.3267995878623,3.073183148410037,87.1939163208008,97.26396071117495,70.0156707763672,0,-725.6628917442222,-0.9263781596734751,-1425.1247054151497,-1.819308134572531,105.188430786133,-147.84103444542097,70.0156707763672,40.0,160.0,70.0,140.0,0.8736039328261218
kovacs_80_to_90_015,pskovacs.xlsx,15,two_step,80.0,499.98,90.0,4.998,504.978,10.0,105.176322937012,9960,30.0045490264893,197.12190246582,True,False,40.0,100.0,70.0,100.0,3496.504734863482,4.463623065783169,2455.24687525401,3.134357713090225,87.7094955444336,99.42782525897667,70.0101318359375,0,-710.4941515446149,-0.907013810482487,-1423.0098501422237,-1.8166083193304983,105.176322937012,-148.16657732607655,70.0101318359375,40.0,160.0,70.0,140.0,0.8930694468312346
kovacs_80_to_90_016,pskovacs.xlsx,16,two_step,80.0,499.98,90.0,10.020000000000001,510.0,10.0,105.20093536377,9963,30.0045948028564,197.138732910156,True,False,40.0,100.0,70.0,100.0,3506.106762966989,4.475880974000411,2466.148842804898,3.1482751184743374,88.2337493896484,99.94364662277349,70.0151596069336,0,-755.6133161836956,-0.9646127440642922,-1449.388538055021,-1.8502832400702394,105.20093536377,-148.97226579153784,70.0151596069336,40.0,160.0,70.0,140.0,0.895521975449701
kovacs_80_to_90_017,pskovacs.xlsx,17,two_step,80.0,499.98,90.0,49.98,549.96,10.0,105.03101348877,9965,30.0058002471924,197.153091430664,True,False,40.0,100.0,70.0,100.0,3585.658150606644,4.577435936944652,2548.8117962590077,3.2538022930966055,88.8348846435547,103.18708235779388,70.0096206665039,0,-811.2919919264496,-1.0356919045869568,-1455.8650740739706,-1.858551158392303,105.03101348877,-153.64392083842074,70.0096206665039,40.0,160.0,70.0,140.0,0.9158408135870039
kovacs_80_to_90_018,pskovacs.xlsx,18,two_step,80.0,499.98,90.0,100.02,600.0,10.0,104.830490112305,9966,30.0064086914063,197.174621582031,True,False,40.0,100.0,70.0,100.0,3707.012668330067,4.73235659786817,2638.697045084853,3.3685494192572594,89.3096542358398,106.94159897196027,70.0133056640625,0,-836.3898374436176,-1.067731707374831,-1463.1254943417998,-1.8678197800108083,104.830490112305,-159.59068379124534,70.0133056640625,40.0,160.0,70.0,140.0,0.9468369140450116
kovacs_80_to_90_019,pskovacs.xlsx,19,two_step,80.0,499.98,90.0,499.98,999.96,10.0,104.410949707031,9968,30.002124786377,197.198379516602,True,False,40.0,100.0,70.0,100.0,3915.1543558786934,4.998069390483438,2812.527300483681,3.590460383596188,90.0887451171875,112.97413381717968,70.0043792724609,0,-1095.2289730841312,-1.39816464649038,-1654.6965078408118,-2.1123785206478445,104.410949707031,-211.91492289713403,70.0043792724609,40.0,160.0,70.0,140.0,1.0
kovacs_80_to_90_020,pskovacs.xlsx,20,two_step,80.0,499.98,90.0,1000.0200000000001,1500.0,10.0,104.509086608887,9969,30.0025672912598,197.218170166016,True,False,40.0,100.0,70.0,100.0,3731.3244441070065,4.763392907370646,2687.524658080939,3.4308825422309854,91.1170349121094,108.25836697587863,70.0081253051758,0,-1233.7131599630106,-1.5749529701655454,-1839.0503416217389,-2.347723840368177,104.509086608887,-266.2084217525409,70.0081253051758,40.0,160.0,70.0,140.0,0.953046573631085
twostep_90_to_80_001,twosteps.xlsx,1,two_step,90.0,49.98,80.0,0.1002,50.0802,10.0,105.377388000488,9948,30.0102825164795,196.88005065918,True,False,40.0,100.0,70.0,100.0,2951.7358137986093,3.7681733793173735,2093.6018400097573,2.672683200012456,88.9017639160156,84.1844154594898,70.0109405517578,0,-484.24975282887226,-0.6181911738240923,-1229.2544521702926,-1.569261002770586,105.377388000488,-147.77504706777984,70.0109405517578,40.0,160.0,70.0,140.0,0.768843605476866
twostep_90_to_80_002,twosteps.xlsx,2,two_step,90.0,49.98,80.0,0.4998,50.4798,10.0,105.39151763916,9951,30.0107707977295,196.92578125,True,False,40.0,100.0,70.0,100.0,2921.5550872650483,3.7296447922532527,2075.114256856462,2.6490820300295255,89.0001754760742,83.4424312032179,70.0119552612305,0,-452.43647508361164,-0.5775784788301425,-1211.5809157652207,-1.5466990414024093,105.39151763916,-147.7830702931425,70.0119552612305,40.0,160.0,70.0,140.0,0.7609823807373414
twostep_90_to_80_003,twosteps.xlsx,3,two_step,90.0,49.98,80.0,0.7979999999999999,50.778,10.0,105.437423706055,9955,30.0008754730225,196.958862304688,True,False,40.0,100.0,70.0,100.0,2963.8068182203956,3.7835831721962494,2103.730519946511,2.68561342971895,88.5623931884766,84.39901074744785,70.007209777832,0,-443.3237967676687,-0.5659452724693642,-1206.8267238216608,-1.5406298601978647,105.437423706055,-148.1423388284279,70.007209777832,40.0,160.0,70.0,140.0,0.7719877603561707
twostep_90_to_80_004,twosteps.xlsx,4,two_step,90.0,49.98,80.0,1.0002,50.980199999999996,10.0,105.257919311523,9957,30.0041980743408,197.011795043945,True,False,40.0,100.0,70.0,100.0,2955.161650435122,3.7725467877895165,2104.0419846314403,2.6860110442103493,88.827995300293,85.01467141718047,70.0150604248047,0,-520.3993247996632,-0.6643395635740381,-1220.728134514865,-1.55837634193387,105.257919311523,-148.69518270747244,70.0150604248047,40.0,160.0,70.0,140.0,0.7697359389231988
twostep_90_to_80_005,twosteps.xlsx,5,two_step,90.0,49.98,80.0,4.998,54.977999999999994,10.0,105.443626403809,9960,30.0099468231201,197.037094116211,True,False,40.0,100.0,70.0,100.0,2921.321186982769,3.729346196148216,2085.049035254652,2.6617647258570027,89.1494064331055,84.09099552899289,70.0149536132813,0,-560.7256247987993,-0.7158199465516587,-1277.3407118779082,-1.6306477172909464,105.443626403809,-148.9300098143642,70.0149536132813,40.0,160.0,70.0,140.0,0.760921456336347
twostep_90_to_80_006,twosteps.xlsx,6,two_step,90.0,49.98,80.0,10.020000000000001,60.0,10.0,105.391120910645,9963,30.0036811828613,197.066848754883,True,False,40.0,100.0,70.0,100.0,2931.4940463982057,3.7423328251891985,2085.8423090592332,2.6627774158202975,89.1184234619141,84.06492965207588,70.0056686401367,0,-492.2454562880994,-0.6283984548358714,-1235.127973133377,-1.5767591146383537,105.391120910645,-148.96602814471657,70.0056686401367,40.0,160.0,70.0,140.0,0.7635711981846556
twostep_90_to_80_007,twosteps.xlsx,7,two_step,90.0,49.98,80.0,49.98,99.96,10.0,105.331726074219,9964,30.0042591094971,197.107177734375,True,False,40.0,100.0,70.0,100.0,2979.3974252298913,3.803486074761563,2114.8719492010814,2.699836530894997,88.6335906982422,84.37024911414557,70.0156707763672,0,-550.8352052695327,-0.7031938790674884,-1274.2404336689958,-1.6266899153221221,105.331726074219,-149.9055794883294,70.0156707763672,40.0,160.0,70.0,140.0,0.7760486720572514
twostep_90_to_80_008,twosteps.xlsx,8,two_step,90.0,49.98,80.0,100.02,150.0,10.0,105.267623901367,9966,30.0108165740967,197.139297485352,True,False,40.0,100.0,70.0,100.0,2985.388905150243,3.8111347725322244,2114.111605141819,2.6988658789044493,89.2256240844727,84.62665111318955,70.003662109375,0,-585.2921217775729,-0.747181432056476,-1285.3593703972742,-1.640884302634818,105.267623901367,-149.80445540983965,70.003662109375,40.0,160.0,70.0,140.0,0.7776092829366434
twostep_90_to_80_009,twosteps.xlsx,9,two_step,90.0,49.98,80.0,499.98,549.96,10.0,105.21361541748,9968,30.0109081268311,197.180770874023,True,False,40.0,100.0,70.0,100.0,3299.287517283211,4.211856405042397,2323.39712596199,2.966038884206795,88.5359725952148,93.86686697567393,70.0140686035156,0,-749.9967017777062,-0.9574425980140929,-1433.8833456389893,-1.8304893774114754,105.21361541748,-153.67065095556342,70.0140686035156,40.0,160.0,70.0,140.0,0.8593709838240663
twostep_90_to_80_010,twosteps.xlsx,10,two_step,90.0,49.98,80.0,1000.0200000000001,1050.0,10.0,104.994537353516,9970,30.0047016143799,197.214233398438,True,False,40.0,100.0,70.0,100.0,3690.0950321791015,4.710759615547788,2610.4740161958916,3.3325200206756063,88.6669387817383,106.00831434071426,70.0114440917969,0,-863.9442131255382,-1.1029075061177083,-1527.7740525712786,-1.9503498543463131,104.994537353516,-161.76762648623412,70.0114440917969,40.0,160.0,70.0,140.0,0.961165276319821
twostep_90_to_80_011,twosteps.xlsx,11,two_step,90.0,499.98,80.0,0.1002,500.0802,10.0,104.640869140625,9971,30.0079040527344,197.234817504883,True,False,40.0,100.0,70.0,100.0,3561.1584193516564,4.5461596842787095,2553.339108470179,3.259581840600228,89.5475769042969,102.91809235626135,70.0013580322266,0,-830.7286307054719,-1.0605046349431555,-1495.0478307562323,-1.9085716988377432,104.640869140625,-206.35651030446513,70.0013580322266,40.0,160.0,70.0,140.0,0.9275809393270554
twostep_90_to_80_012,twosteps.xlsx,12,two_step,90.0,499.98,80.0,0.4998,500.4798,10.0,104.599571228027,9974,30.0048847198486,197.276229858398,True,False,40.0,100.0,70.0,100.0,3585.7847874866025,4.577597601046726,2572.2891514153243,3.2837733847855204,90.309928894043,103.57219082879197,70.0103225708008,0,-787.3759895011954,-1.0051608376611003,-1468.628660736706,-1.874845098812816,104.599571228027,-206.34170518031914,70.0103225708008,40.0,160.0,70.0,140.0,0.9339954109671534
twostep_90_to_80_013,twosteps.xlsx,13,two_step,90.0,499.98,80.0,0.7979999999999999,500.778,10.0,104.61026763916,9976,30.0076446533203,197.313674926758,True,False,40.0,100.0,70.0,100.0,3571.9104103648406,4.559885630252988,2560.4137376465696,3.2686132821020033,90.2915954589844,102.82408988871532,70.0027008056641,0,-776.5444212892294,-0.9913333037734842,-1457.9186209600048,-1.8611727076085165,104.61026763916,-206.28356159398902,70.0027008056641,40.0,160.0,70.0,140.0,0.930381528559326
twostep_90_to_80_014,twosteps.xlsx,14,two_step,90.0,499.98,80.0,1.0002,500.9802,10.0,104.676567077637,9978,30.0119438171387,197.351531982422,True,False,40.0,100.0,70.0,100.0,3593.9551435798858,4.588027842867939,2577.924781105894,3.290967805667098,90.2716522216797,103.86247244797357,70.0025253295898,0,-836.0220311529511,-1.0672621674292992,-1501.0700602732845,-1.9162596514127033,104.676567077637,-206.55772136902533,70.0025253295898,40.0,160.0,70.0,140.0,0.9361235573979501
twostep_90_to_80_015,twosteps.xlsx,15,two_step,90.0,499.98,80.0,4.998,504.978,10.0,104.521347045898,9981,30.0115165710449,197.393966674805,True,False,40.0,100.0,70.0,100.0,3602.1331926623097,4.598467905526353,2582.1112451322933,3.2963122278284596,89.8798828125,103.9020187800362,70.0134506225586,0,-849.2263242118302,-1.084118711759783,-1493.7026726213926,-1.906854475686884,104.521347045898,-206.9528310353602,70.0134506225586,40.0,160.0,70.0,140.0,0.9382537076346021
twostep_90_to_80_016,twosteps.xlsx,16,two_step,90.0,499.98,80.0,10.020000000000001,510.0,10.0,104.648193359375,9985,30.0029487609863,197.424942016602,True,False,40.0,100.0,70.0,100.0,3618.3902538030134,4.619221600599592,2592.534658803404,3.3096187133660475,90.2643356323242,104.04473505781618,70.0134811401367,0,-876.9877534971101,-1.1195588342516298,-1527.861072530789,-1.950460943656326,104.648193359375,-207.06179529703826,70.0134811401367,40.0,160.0,70.0,140.0,0.9424882117672032
twostep_90_to_80_017,twosteps.xlsx,17,two_step,90.0,499.98,80.0,49.98,549.96,10.0,104.625297546387,9985,30.0033302307129,197.451354980469,True,False,40.0,100.0,70.0,100.0,3648.1679311264925,4.657235656757224,2611.250248727607,3.3335109558224767,90.3052444458008,104.611489008229,70.0048446655273,0,-904.2438291938124,-1.1543538245027392,-1553.7261310360684,-1.9834801672800872,104.625297546387,-208.48568652885945,70.0048446655273,40.0,160.0,70.0,140.0,0.9502444535992413
twostep_90_to_80_018,twosteps.xlsx,18,two_step,90.0,499.98,80.0,100.02,600.0,10.0,104.560684204102,9987,30.0034217834473,197.484222412109,True,False,40.0,100.0,70.0,100.0,3654.533858627282,4.665362372715679,2620.5855023747063,3.3454283009038797,89.8182144165039,105.08292106745466,70.0022354125977,0,-953.5505824431825,-1.2172986158849137,-1575.9669370222368,-2.011872685560302,104.560684204102,-210.49928483383792,70.0022354125977,40.0,160.0,70.0,140.0,0.9519025974714102
twostep_90_to_80_019,twosteps.xlsx,19,two_step,90.0,499.98,80.0,499.98,999.96,10.0,104.51619720459,9989,30.0053272247314,197.524078369141,True,False,40.0,100.0,70.0,100.0,3771.422160236689,4.814581481153219,2689.0022607825326,3.4327688435521693,90.1781463623047,107.85908463071064,70.0103378295898,0,-1013.7280477089598,-1.2941209119688848,-1662.674782961309,-2.1225635527165645,104.51619720459,-222.62987658395696,70.0103378295898,40.0,160.0,70.0,140.0,0.9823486905219229
twostep_90_to_80_020,twosteps.xlsx,20,two_step,90.0,499.98,80.0,1000.0200000000001,1500.0,10.0,104.342544555664,9991,30.0041065216064,197.559768676758,True,False,40.0,100.0,70.0,100.0,3839.188871146078,4.901092175931162,2746.467631439321,3.5061288911991326,89.5727920532227,110.35909113282776,70.0109252929688,0,-1137.9204374472702,-1.4526643882305574,-1731.1185346130353,-2.2099385548251513,104.342544555664,-236.01992978101754,70.0109252929688,40.0,160.0,70.0,140.0,1.0
