condition_key,mode,T1_C,t1_s,T2_C,t2_s,n_scans,n_distinct_heating_rates,heating_rates_C_min,n_valid_peak_rates,valid_heating_rates_C_min,n_truncated_scans,can_calculate_arrt_kissinger,reason
single_step|100|100.02||,single_step,100,100.02,,,1,1,10,1,10,0,False,need at least three valid Tp values covering the ARRT peak window
single_step|100|30||,single_step,100,30,,,1,1,10,1,10,0,False,need at least three valid Tp values covering the ARRT peak window
single_step|100|300||,single_step,100,300,,,1,1,10,1,10,0,False,need at least three valid Tp values covering the ARRT peak window
single_step|50|0.1002||,single_step,50,0.1002,,,2,1,10,1,10,0,False,need at least three valid Tp values covering the ARRT peak window
single_step|50|0.4998||,single_step,50,0.4998,,,2,1,10,1,10,0,False,need at least three valid Tp values covering the ARRT peak window
single_step|50|0.798||,single_step,50,0.798,,,2,1,10,1,10,0,False,need at least three valid Tp values covering the ARRT peak window
single_step|50|1.0002||,single_step,50,1.0002,,,2,1,10,1,10,0,False,need at least three valid Tp values covering the ARRT peak window
single_step|50|10.02||,single_step,50,10.02,,,2,1,10,1,10,0,False,need at least three valid Tp values covering the ARRT peak window
single_step|50|100.02||,single_step,50,100.02,,,2,1,10,1,10,0,False,need at least three valid Tp values covering the ARRT peak window
single_step|50|1000.02||,single_step,50,1000.02,,,2,1,10,1,10,0,False,need at least three valid Tp values covering the ARRT peak window
single_step|50|4.998||,single_step,50,4.998,,,2,1,10,1,10,0,False,need at least three valid Tp values covering the ARRT peak window
single_step|50|49.98||,single_step,50,49.98,,,2,1,10,1,10,0,False,need at least three valid Tp values covering the ARRT peak window
single_step|50|499.98||,single_step,50,499.98,,,2,1,10,1,10,0,False,need at least three valid Tp values covering the ARRT peak window
single_step|70|0.1002||,single_step,70,0.1002,,,2,1,10,1,10,0,False,need at least three valid Tp values covering the ARRT peak window
single_step|70|0.4998||,single_step,70,0.4998,,,2,1,10,1,10,0,False,need at least three valid Tp values covering the ARRT peak window
single_step|70|0.798||,single_step,70,0.798,,,2,1,10,1,10,0,False,need at least three valid Tp values covering the ARRT peak window
single_step|70|1.0002||,single_step,70,1.0002,,,2,1,10,1,10,0,False,need at least three valid Tp values covering the ARRT peak window
single_step|70|10.02||,single_step,70,10.02,,,2,1,10,1,10,0,False,need at least three valid Tp values covering the ARRT peak window
single_step|70|100.02||,single_step,70,100.02,,,2,1,10,1,10,0,False,need at least three valid Tp values covering the ARRT peak window
single_step|70|1000.02||,single_step,70,1000.02,,,2,1,10,1,10,0,False,need at least three valid Tp values covering the ARRT peak window
single_step|70|300||,single_step,70,300,,,4,4,5;10;20;40,4,5;10;20;40,0,True,ok
single_step|70|4.998||,single_step,70,4.998,,,2,1,10,1,10,0,False,need at least three valid Tp values covering the ARRT peak window
single_step|70|49.98||,single_step,70,49.98,,,2,1,10,1,10,0,False,need at least three valid Tp values covering the ARRT peak window
single_step|70|499.98||,single_step,70,499.98,,,2,1,10,1,10,0,False,need at least three valid Tp values covering the ARRT peak window
single_step|80|1000||,single_step,80,1000,,,4,4,5;10;20;40,4,5;10;20;40,0,True,ok
single_step|80|50||,single_step,80,50,,,4,4,5;10;20;40,4,5;10;20;40,0,True,ok
single_step|80|500||,single_step,80,500,,,4,4,5;10;20;40,4,5;10;20;40,0,True,ok
single_step|90|100||,single_step,90,100,,,4,4,5;10;20;40,4,5;10;20;40,0,True,ok
single_step|90|1000||,single_step,90,1000,,,4,4,5;10;20;40,0,,4,False,need at least three valid Tp values covering the ARRT peak window
single_step|90|300||,single_step,90,300,,,1,1,10,1,10,0,False,need at least three valid Tp values covering the ARRT peak window
single_step|90|50||,single_step,90,50,,,4,4,5;10;20;40,4,5;10;20;40,0,True,ok
single_step|90|500||,single_step,90,500,,,4,4,5;10;20;40,4,5;10;20;40,0,True,ok
single_step|95|100.02||,single_step,95,100.02,,,6,5,5;10;20;40;60,5,5;10;20;40;60,0,True,ok
two_step|50|10|100|10,two_step,50,10,100,10,1,1,10,1,10,0,False,need at least three valid Tp values covering the ARRT peak window
two_step|50|10|100|1800,two_step,50,10,100,1800,5,4,5;10;20;40,4,5;10;20;40,0,True,ok
two_step|50|10|65|1200,two_step,50,10,65,1200,1,1,10,1,10,0,False,need at least three valid Tp values covering the ARRT peak window
two_step|50|10|70|1800,two_step,50,10,70,1800,1,1,10,1,10,0,False,need at least three valid Tp values covering the ARRT peak window
two_step|50|10|70|300,two_step,50,10,70,300,1,1,10,1,10,0,False,need at least three valid Tp values covering the ARRT peak window
two_step|50|10|75|10,two_step,50,10,75,10,1,1,10,1,10,0,False,need at least three valid Tp values covering the ARRT peak window
two_step|50|10|80|1800,two_step,50,10,80,1800,5,4,5;10;20;40,4,5;10;20;40,0,True,ok
two_step|50|10|85|60,two_step,50,10,85,60,1,1,10,1,10,0,False,need at least three valid Tp values covering the ARRT peak window
two_step|50|100|70|60,two_step,50,100,70,60,1,1,10,1,10,0,False,need at least three valid Tp values covering the ARRT peak window
two_step|50|1800|100|10,two_step,50,1800,100,10,1,1,10,1,10,0,False,need at least three valid Tp values covering the ARRT peak window
two_step|55|600|90|300,two_step,55,600,90,300,1,1,10,1,10,0,False,need at least three valid Tp values covering the ARRT peak window
two_step|65|10|100|1200,two_step,65,10,100,1200,5,4,5;10;20;40,4,5;10;20;40,0,True,ok
two_step|65|10|65|1800,two_step,65,10,65,1800,1,1,10,1,10,0,False,need at least three valid Tp values covering the ARRT peak window
two_step|65|10|85|600,two_step,65,10,85,600,1,1,10,1,10,0,False,need at least three valid Tp values covering the ARRT peak window
two_step|75|10|100|10,two_step,75,10,100,10,1,1,10,1,10,0,False,need at least three valid Tp values covering the ARRT peak window
two_step|75|10|100|1800,two_step,75,10,100,1800,1,1,10,1,10,0,False,need at least three valid Tp values covering the ARRT peak window
two_step|80|49.98|90|0.1002,two_step,80,49.98,90,0.1002,1,1,10,1,10,0,False,need at least three valid Tp values covering the ARRT peak window
two_step|80|49.98|90|0.4998,two_step,80,49.98,90,0.4998,1,1,10,1,10,0,False,need at least three valid Tp values covering the ARRT peak window
two_step|80|49.98|90|0.798,two_step,80,49.98,90,0.798,1,1,10,1,10,0,False,need at least three valid Tp values covering the ARRT peak window
two_step|80|49.98|90|1.0002,two_step,80,49.98,90,1.0002,1,1,10,1,10,0,False,need at least three valid Tp values covering the ARRT peak window
two_step|80|49.98|90|10.02,two_step,80,49.98,90,10.02,1,1,10,1,10,0,False,need at least three valid Tp values covering the ARRT peak window
two_step|80|49.98|90|100.02,two_step,80,49.98,90,100.02,1,1,10,1,10,0,False,need at least three valid Tp values covering the ARRT peak window
two_step|80|49.98|90|1000.02,two_step,80,49.98,90,1000.02,1,1,10,1,10,0,False,need at least three valid Tp values covering the ARRT peak window
two_step|80|49.98|90|4.998,two_step,80,49.98,90,4.998,1,1,10,1,10,0,False,need at least three valid Tp values covering the ARRT peak window
two_step|80|49.98|90|49.98,two_step,80,49.98,90,49.98,1,1,10,1,10,0,False,need at least three valid Tp values covering the ARRT peak window
two_step|80|49.98|90|499.98,two_step,80,49.98,90,499.98,1,1,10,1,10,0,False,need at least three valid Tp values covering the ARRT peak window
two_step|80|499.98|90|0.1002,two_step,80,499.98,90,0.1002,1,1,10,1,10,0,False,need at least three valid Tp values covering the ARRT peak window
two_step|80|499.98|90|0.4998,two_step,80,499.98,90,0.4998,1,1,10,1,10,0,False,need at least three valid Tp values covering the ARRT peak window
two_step|80|499.98|90|0.798,two_step,80,499.98,90,0.798,1,1,10,1,10,0,False,need at least three valid Tp values covering the ARRT peak window
two_step|80|499.98|90|1.0002,two_step,80,499.98,90,1.0002,1,1,10,1,10,0,False,need at least three valid Tp values covering the ARRT peak window
two_step|80|499.98|90|10.02,two_step,80,499.98,90,10.02,1,1,10,1,10,0,False,need at least three valid Tp values covering the ARRT peak window
two_step|80|499.98|90|100.02,two_step,80,499.98,90,100.02,1,1,10,1,10,0,False,need at least three valid Tp values covering the ARRT peak window
two_step|80|499.98|90|1000.02,two_step,80,499.98,90,1000.02,1,1,10,1,10,0,False,need at least three valid Tp values covering the ARRT peak window
two_step|80|499.98|90|4.998,two_step,80,499.98,90,4.998,1,1,10,1,10,0,False,need at least three valid Tp values covering the ARRT peak window
two_step|80|499.98|90|49.98,two_step,80,499.98,90,49.98,1,1,10,1,10,0,False,need at least three valid Tp values covering the ARRT peak window
two_step|80|499.98|90|499.98,two_step,80,499.98,90,499.98,1,1,10,1,10,0,False,need at least three valid Tp values covering the ARRT peak window
two_step|85|10|100|1200,two_step,85,10,100,1200,1,1,10,1,10,0,False,need at least three valid Tp values covering the ARRT peak window
two_step|90|49.98|80|0.1002,two_step,90,49.98,80,0.1002,1,1,10,1,10,0,False,need at least three valid Tp values covering the ARRT peak window
two_step|90|49.98|80|0.4998,two_step,90,49.98,80,0.4998,1,1,10,1,10,0,False,need at least three valid Tp values covering the ARRT peak window
two_step|90|49.98|80|0.798,two_step,90,49.98,80,0.798,1,1,10,1,10,0,False,need at least three valid Tp values covering the ARRT peak window
two_step|90|49.98|80|1.0002,two_step,90,49.98,80,1.0002,1,1,10,1,10,0,False,need at least three valid Tp values covering the ARRT peak window
two_step|90|49.98|80|10.02,two_step,90,49.98,80,10.02,1,1,10,1,10,0,False,need at least three valid Tp values covering the ARRT peak window
two_step|90|49.98|80|100.02,two_step,90,49.98,80,100.02,1,1,10,1,10,0,False,need at least three valid Tp values covering the ARRT peak window
two_step|90|49.98|80|1000.02,two_step,90,49.98,80,1000.02,1,1,10,1,10,0,False,need at least three valid Tp values covering the ARRT peak window
two_step|90|49.98|80|4.998,two_step,90,49.98,80,4.998,1,1,10,1,10,0,False,need at least three valid Tp values covering the ARRT peak window
two_step|90|49.98|80|49.98,two_step,90,49.98,80,49.98,1,1,10,1,10,0,False,need at least three valid Tp values covering the ARRT peak window
two_step|90|49.98|80|499.98,two_step,90,49.98,80,499.98,1,1,10,1,10,0,False,need at least three valid Tp values covering the ARRT peak window
two_step|90|499.98|80|0.1002,two_step,90,499.98,80,0.1002,1,1,10,1,10,0,False,need at least three valid Tp values covering the ARRT peak window
two_step|90|499.98|80|0.4998,two_step,90,499.98,80,0.4998,1,1,10,1,10,0,False,need at least three valid Tp values covering the ARRT peak window
two_step|90|499.98|80|0.798,two_step,90,499.98,80,0.798,1,1,10,1,10,0,False,need at least three valid Tp values covering the ARRT peak window
two_step|90|499.98|80|1.0002,two_step,90,499.98,80,1.0002,1,1,10,1,10,0,False,need at least three valid Tp values covering the ARRT peak window
two_step|90|499.98|80|10.02,two_step,90,499.98,80,10.02,1,1,10,1,10,0,False,need at least three valid Tp values covering the ARRT peak window
two_step|90|499.98|80|100.02,two_step,90,499.98,80,100.02,1,1,10,1,10,0,False,need at least three valid Tp values covering the ARRT peak window
two_step|90|499.98|80|1000.02,two_step,90,499.98,80,1000.02,1,1,10,1,10,0,False,need at least three valid Tp values covering the ARRT peak window
two_step|90|499.98|80|4.998,two_step,90,499.98,80,4.998,1,1,10,1,10,0,False,need at least three valid Tp values covering the ARRT peak window
two_step|90|499.98|80|49.98,two_step,90,499.98,80,49.98,1,1,10,1,10,0,False,need at least three valid Tp values covering the ARRT peak window
two_step|90|499.98|80|499.98,two_step,90,499.98,80,499.98,1,1,10,1,10,0,False,need at least three valid Tp values covering the ARRT peak window
