mode,T1_C,t1_s,T2_C,t2_s,total_anneal_time_s,rank,eig_total,eig_score,nearest_existing_distance,eig_paper_delta_h_J_g,pred_paper_delta_h_J_g,uncertainty_paper_delta_h_J_g,eig_paper_delta_h_peak_J_g,pred_paper_delta_h_peak_J_g,uncertainty_paper_delta_h_peak_J_g,eig_paper_s_star_eff_J_mol_K,pred_paper_s_star_eff_J_mol_K,uncertainty_paper_s_star_eff_J_mol_K,eig_paper_h_star_eff_kJ_mol,pred_paper_h_star_eff_kJ_mol,uncertainty_paper_h_star_eff_kJ_mol
two_step,100,10,100,10,20,1,1.8905889535246334,2.102390048329198,1.7650091233713743,0.5136404556724874,0.7819545037759064,0.26784023848164634,0.5823087948986937,1.6965124892286063,0.20640130332598755,0.496280719691921,-787.5790239290463,336.7894605606787,0.4970189089998943,-180.23396450278312,127.24392598963642
two_step,100,30,100,10,40,2,1.9065190971313655,2.1004987236529944,1.6164968876802415,0.538384207224532,0.8214645597377149,0.27822141732690214,0.6090597921148166,1.7275045424328443,0.21448733250195795,0.47402245943768045,-755.2559673377478,324.93111574763935,0.47482141280234064,-167.9947469622601,122.7797998525206
two_step,100,60,100,10,70,3,1.8983987821694708,2.0904917221736348,1.6007745000346985,0.5493000227241382,0.8522166231342883,0.28284011529946346,0.620850168615179,1.7515060529827702,0.21809081318067963,0.45474137150190397,-730.6145287312088,314.7373456759399,0.4555693670357879,-158.66409765574454,118.93766682758029
two_step,100,10,100,30,40,4,1.8791444264280452,2.0870926194751847,1.7329016087261635,0.5324404486721769,0.8038667706883087,0.27571677547853746,0.6041903977614709,1.713856544265366,0.21300631295398004,0.46366767802614495,-767.0580437116993,319.4481553520555,0.46447429696685183,-172.46881830841696,120.71162396069523
two_step,100,10,100,60,70,5,1.8717167334249634,2.0792094937228454,1.7291063358156817,0.5450040229688717,0.8219875912049195,0.28101943018114306,0.6189105942691502,1.7281265512907265,0.2174963035927641,0.4419513098010489,-751.6428438820202,308.0110670115486,0.44280133543262795,-166.63415815689953,116.40306806280084
two_step,100,30,100,30,60,6,1.8822244962692585,2.0758744747854063,1.6137498209679007,0.5474927181294336,0.8358880737063497,0.2820736889557457,0.6197586037640493,1.7388659319242301,0.21775614757694553,0.44643476269447496,-740.8915926939799,310.36587915285264,0.4472817052752442,-162.56075284990968,117.29132440340551
two_step,100,100,100,10,110,7,1.8791609278961912,2.07452813065834,1.628060023017906,0.5531979882114616,0.876668221285619,0.28449549579612243,0.6250129135638688,1.7705536159695194,0.21936907614887668,0.4376739306329209,-711.1951154920683,305.7674013845077,0.43851360201815487,-151.3108898898305,115.5541131328986
two_step,100,10,100,100,110,8,1.8643491705084527,2.0713895507392897,1.7253365019236417,0.5535776288155589,0.8369398578751424,0.28465689471901867,0.6290592278389175,1.7398757616091687,0.22061464210399312,0.425630499044367,-739.5212285446424,299.46448391925486,0.4265098932731032,-162.04554923348934,113.18286188435783
two_step,100,60,100,30,90,9,1.870649214994307,2.0627438526382984,1.600788647033261,0.5544131036106548,0.8622604001554739,0.28501219454614474,0.6269283719487091,1.7594037430976777,0.2199583291602135,0.4303844478253957,-719.9200952273573,301.95001460855246,0.43125022646828326,-154.6195583285272,114.11835878034302
two_step,100,30,100,60,90,10,1.8666704694992384,2.0600781104209327,1.6117303410141206,0.5544521387647036,0.8497089963975899,0.2850287985892667,0.6280375623672891,1.7497078285313996,0.2202998596364501,0.42717405232246586,-728.8166702964503,300.27116999552493,0.4280519081365914,-157.991091637826,113.48704805892419
two_step,100,30,100,100,130,11,1.8538409743432072,2.0472882141307216,1.6120603315626205,0.5595542600170001,0.8621436028623839,0.2872018916849978,0.634209719418424,1.7594466982106978,0.2222045093666377,0.4120986326030752,-718.5749360724956,292.405534397945,0.4129976110316535,-154.11452890147254,110.52230516754902
two_step,100,100,100,30,130,12,1.851144649882193,2.04622463883089,1.6256665745724745,0.5566020034711855,0.8842283101263337,0.2859437770815046,0.6291005103053451,1.77649054850675,0.2206273656025161,0.41546539380150255,-702.6589241822555,294.1597283341268,0.41633727633057555,-148.08336379692184,111.17909137534993
two_step,100,60,100,60,120,13,1.8519757437446056,2.044126552348526,1.601256738366002,0.558330255351999,0.872570133862665,0.2866800464905503,0.6316927423980413,1.767477262678988,0.2214269424719003,0.4132759283585724,-710.6092879723689,293.0187946969095,0.4141650041346342,-151.0965839012046,110.75183115444597
two_step,100,10,100,300,310,14,1.8395146646318814,2.0294543224846735,1.5828304821066,0.5679186045533223,0.8720350586017743,0.29077684477085897,0.6465263565818951,1.7674042658924884,0.22602679800080425,0.39020436094028216,-712.5437299257761,281.02682285304115,0.39113276843054784,-151.83199663018522,106.233334503352
two_step,100,60,100,100,160,15,1.8367106227608774,2.0287031645501092,1.5999378482435973,0.5612863354385788,0.8825104276333079,0.2879409116971265,0.635387213593379,1.7752498352502293,0.222568680180747,0.3995708160270335,-702.2707747603658,285.88901744474924,0.4004755261341159,-147.94078520029643,108.06383236203665
two_step,100,100,100,60,160,16,1.8318441474296676,2.026596809969591,1.6229388544993624,0.5589778393006581,0.8920867059239431,0.28695609812619877,0.632066339104566,1.7826369887340205,0.22154228222505729,0.4000546127316327,-695.3064918869496,286.14037492314026,0.4009453485489217,-145.3019060082136,108.15596300388542
two_step,100,30,100,300,330,17,1.8187656796473846,2.013497843894489,1.6227680353925371,0.5681693976791247,0.8935698857559656,0.2908842764426783,0.6451545550784727,1.784030213686894,0.2255996406616066,0.37793475721235814,-694.1671942830379,274.6679813703209,0.3788674013998759,-144.87465715809054,103.83421193523364
two_step,95,10,100,10,20,18,1.842641639638524,2.0116487401948278,1.408392504635865,0.5362371832350269,0.7764193013180565,0.2773158595763932,0.6049716763519207,1.6943772183254868,0.21324365787871752,0.4380351725607573,-759.6422588704957,305.9567806659938,0.43875580250371315,-169.67050532942008,115.60203965935267
two_step,100,100,100,100,200,19,1.8159387729774494,2.0110219819020205,1.6256934077047578,0.5607026775157552,0.8999883108932418,0.28769181007217853,0.6343213859122486,1.7888083312705345,0.22223903393570418,0.3876202272630666,-688.5401875908691,279.6866719641767,0.38852315967374035,-142.74146616999238,105.72254280034979
two_step,95,30,100,10,40,20,1.8593254587356958,2.005379530173321,1.2171172619802106,0.5588201235313834,0.8153299456738892,0.28688885869587283,0.6289059828126194,1.724845864530584,0.2205674138569275,0.419362128832534,-729.5944944691016,296.1917420422573,0.42013706165708226,-158.29348548061162,111.92698191470845
two_step,95,10,100,30,40,21,1.8365256352945807,2.000678452113564,1.3679401401581952,0.5555565917018823,0.7995934336835366,0.2854987266236577,0.6272701726942499,1.7126619946789061,0.22006354864691466,0.40817184451354316,-741.6235112728393,290.36117564868056,0.4089517441095173,-162.8505301530414,109.72728365929532
two_step,100,10,100,600,610,22,1.8163022064192558,1.9985347263704856,1.5186043329269145,0.5732823847339388,0.8952883924672183,0.2930776280971081,0.6536085002550464,1.7856249077811788,0.22823788946004467,0.36790894656717704,-695.5639928059051,269.4787760542852,0.36885520522066145,-145.40283499587923,101.87842939609769
two_step,95,60,100,10,70,23,1.8531003644740265,1.996639188063603,1.1961568632464712,0.5687436518597975,0.8457811635590737,0.291130321906332,0.639339470416614,1.748533992013481,0.22379293589462435,0.4027360426749547,-706.629651508887,287.53392779917584,0.40353551007206406,-149.5980744181563,108.66403205088271
two_step,95,10,100,60,70,24,1.8326018019353159,1.9961772947637666,1.3631291069037559,0.5683306772628388,0.8187020153620291,0.2909533709103766,0.6421201951964971,1.7276570883526252,0.22465607796001041,0.38843615509835977,-728.0270257564692,280.1097621931249,0.389252506746615,-157.7029888679709,105.86528106991226
two_step,100,300,100,10,310,25,1.7960165119032494,1.9906188590375127,1.6216862261188605,0.5476845397842052,0.9304902500752638,0.28215500231368756,0.6187683164502643,1.8124120471967502,0.21745272011431496,0.3930636351340173,-668.8219934664526,282.5102873794434,0.39389093445195755,-135.26672643073988,106.77343198684768
two_step,95,10,100,100,110,26,1.8277989072421104,1.9898233721249898,1.3502038740239948,0.5769591961031411,0.8344411728955905,0.2946585973630198,0.6522640057497797,1.7399781832999262,0.22781737509119263,0.3736897371749707,-717.3251436600511,272.47019882947495,0.3745298945615164,-153.65081050634376,102.98667905773264
two_step,100,60,100,300,360,27,1.7965904849962873,1.9895464899170658,1.6079667076731556,0.5661626391056401,0.9097917643125892,0.29002504293292825,0.6420248675662703,1.7965591135465053,0.2246264636037249,0.36728787147218855,-680.9099824697917,269.157473034154,0.36821585143328245,-139.854997588636,101.75360076445509
two_step,95,30,100,30,60,28,1.8396973794438924,1.9853133485452958,1.2134664091783625,0.5682856415387209,0.8304948956821551,0.29093407637415625,0.6399292970093365,1.7367372588851457,0.22397589575012444,0.3942686903464846,-717.0621266801209,283.1357059049125,0.395084360773309,-153.55144244161195,107.00720162728304
two_step,95,100,100,10,110,29,1.8360640215909565,1.983956009856524,1.2324332355463976,0.5721455428276331,0.8700097923709036,0.29258943415846117,0.6427767174555563,1.7673325190053806,0.2248600796410552,0.38780965885674173,-688.4834993185582,279.78489506435903,0.3886175427779671,-142.7272968532858,105.7410133483869
two_step,100,10,100,900,910,30,1.7999130440381097,1.979929983711231,1.500141163942678,0.5749887019640562,0.9090318151333786,0.2938109288465627,0.6562220255991503,1.7963908112475973,0.2290563346327953,0.3549632557490112,-685.8156585947559,262.7841726271255,0.355914639844618,-141.71154136867608,99.35293516496165
two_step,100,30,100,600,630,31,1.7900329269965594,1.9795916214626925,1.5796557872177759,0.5708349308473413,0.9152636363833347,0.2920269848993314,0.6491801566974992,1.8009895900090107,0.22685418511007244,0.3557901774328157,-678.1760244261123,263.21166929521723,0.35673212188183295,-138.8203048515073,99.51242419626111
two_step,95,60,100,30,90,32,1.8295972673689187,1.9731383628420014,1.1961757956090218,0.5741418060436285,0.8563348014399548,0.2934468861577119,0.6456972212839158,1.7567859085893076,0.2257685748522393,0.38068335705987394,-697.3832501443887,276.09158144024155,0.3815144429918439,-146.10037348563424,104.3516433935034
two_step,95,30,100,60,90,33,1.8275668115677068,1.9728603483989486,1.2107794735936812,0.575487444707144,0.8449629778767603,0.294025393447681,0.6484243433333653,1.74803764243324,0.22661840239152797,0.37686387970929747,-706.4109693679341,274.1134582380164,0.37770489969969956,-149.5197097169939,103.60702313551705
two_step,100,10,50,600,610,34,1.5176379271520641,1.969537047971687,3.76582600683019,0.47276577647943646,0.9012147609683314,0.2509327661895987,0.5513622154983255,1.7816483821976308,0.19719277612779001,0.30764104787904606,-724.0474415820884,238.3017380939133,0.30924637108883146,-156.20976623746805,90.24247318088
two_step,100,100,100,300,400,35,1.7741289034159955,1.9693719227805677,1.6270251613714348,0.5632029036872358,0.923292409116808,0.28875942136066257,0.6381764377878101,1.806991558936439,0.22343236582956758,0.3575088103079547,-670.1417278468592,264.1001989323461,0.3584281421182322,-135.7775786456538,99.84333104283581
two_step,100,10,50,900,910,36,1.5162319981098662,1.9681499077287237,3.7659825801571456,0.47394114346457683,0.9128655410611526,0.251415167574227,0.5529653725604565,1.7908137830950932,0.19766619280912978,0.3050346894879831,-712.6135939721131,236.949767837675,0.3066221631180579,-151.87942885315599,89.72893033000497
two_step,100,30,95,10,40,37,1.8207465950753172,1.9678503833269685,1.225864902097094,0.5175915333548166,0.8272202925351129,0.26949000983596294,0.5887734189620814,1.7295414271305518,0.20834426848318707,0.4460128912780844,-765.9675426365761,310.14416638175027,0.44696416216993967,-172.05590720612273,117.22832990362956
two_step,100,10,100,1200,1210,38,1.7870593825761745,1.9666093108794882,1.496249402527615,0.575558548460965,0.9187878238117755,0.29405597348567647,0.6573923986041599,1.804032613977778,0.2294232836971918,0.3458414902797972,-679.0168772197806,258.0689784291883,0.3467940541090148,-139.1370379332817,97.5737554706903
two_step,100,300,100,30,330,39,1.7708923765748197,1.9655049390804484,1.6217713542135728,0.5496907631800125,0.9349374502396678,0.2830059081286692,0.6212033683907615,1.8158854014483032,0.21819914801730705,0.3745733593615412,-663.2721903638684,272.92759670742,0.37542444689351584,-133.16939159898206,103.16143848206497
two_step,100,10,50,1200,1210,40,1.5132983315938997,1.9652178711535997,3.7659961629975007,0.47419549940639166,0.9211354963986872,0.2515195892698649,0.5534629307835823,1.79731728435125,0.1978132010567251,0.3027386410821039,-704.535090648256,235.75820921095732,0.3043112356728031,-148.8199047895448,89.27649277275884
two_step,100,10,50,300,310,41,1.512571804487158,1.9651873572690968,3.7717962731828245,0.46854073247692674,0.8814938593730387,0.2492003944626263,0.5461762457233894,1.7661245946451165,0.19566394836180065,0.31034566022024546,-743.5460862449704,239.70401882489185,0.3119728726383067,-163.5946342307007,90.77579470073756
two_step,100,60,95,10,70,42,1.8196926693673139,1.9642994693870892,1.2050566668314608,0.5297394948366384,0.8584950187333384,0.274580957232144,0.6022559230702235,1.7540739888773853,0.21241909570266643,0.4293214980951354,-740.6576606686046,301.39399812059725,0.43030006623042966,-162.47010838519952,113.93075213895254
two_step,95,30,100,100,130,43,1.817467667703257,1.9628139124412771,1.2112187061501665,0.5807508961017529,0.857955211286893,0.2962922538371185,0.6547401264396435,1.758168884100988,0.22859210123144713,0.36330659503552887,-697.3406926605873,267.0981756509773,0.364164211416797,-146.08581429132067,100.96269427987168
two_step,100,10,95,10,20,44,1.7916089255841707,1.9615240007627088,1.4159589598211517,0.4899710297246141,0.7868408506647796,0.2580156480789178,0.5582727465698617,1.6976849818373145,0.19923622478956124,0.4641594861871859,-799.2525681769822,319.70811936405124,0.4650469504249329,-184.66211527986786,120.82588716779856
two_step,100,30,50,300,330,45,1.5146335331445533,1.96107371459169,3.7203348453928076,0.47735693752325475,0.9094820287041125,0.2528182861094521,0.5568724925175734,1.7884212862027997,0.19882158766931474,0.29945193005973314,-725.3005829301939,234.0515664716362,0.3010531988199232,-156.67584795866992,88.63828172728847
two_step,95,100,100,30,130,46,1.8120389190519142,1.9595512858767332,1.2292697235401597,0.5757984147380095,0.8779648169442612,0.2941591429036172,0.6471197373169433,1.7735380353079666,0.2262116802620863,0.3677831779473675,-681.1708572370405,269.41371044228515,0.3686177807988342,-139.96177015243546,101.83207343846443
two_step,100,10,50,1800,1810,47,1.5065091645077404,1.9590641171360295,3.771291271902408,0.47375390181959665,0.9327503568932939,0.25133830479437425,0.5532803704488582,1.8064481380050774,0.19775925759472046,0.2988975138148152,-693.2408099165904,233.76356421666804,0.30044610148429174,-144.54255604258728,88.51931115618919
two_step,95,30,95,10,40,48,1.805479546807947,1.9589977667514988,1.2793184995295983,0.5389922802148926,0.8204956214298307,0.2784780568734354,0.6091394524351755,1.72627972808263,0.2145115957523033,0.4103859783364566,-743.1951118716629,291.5136840354968,0.41129878936089204,-163.44465769409373,110.18839847746617
two_step,100,30,100,900,930,49,1.7707832540011628,1.9583768749671264,1.563280174716364,0.5712237145711749,0.9282167873231226,0.2921937905827886,0.650302358843856,1.811114710599035,0.22720447148081077,0.34281453278730417,-668.8986786555654,256.5043415854276,0.34375694294536063,-135.30766408059174,96.98132908292693
two_step,95,60,100,60,120,50,1.8141054042655886,1.9577216621376579,1.19680214893391,0.5782905564333611,0.867100985874125,0.295231832720193,0.6506908910263162,1.7651744381517145,0.2273258059815705,0.36527758371888414,-689.2022003211727,268.1175880827057,0.3661273622885051,-143.0042084999385,101.34588448040607
two_step,100,60,100,600,660,51,1.7649604486919395,1.9571106115448016,1.601251357107185,0.5670972118239046,0.9297433821423994,0.29042508598972533,0.6440639036320998,1.8121354317447333,0.22526028834550996,0.34565875773254107,-666.138785252644,257.97452479789126,0.3465904088123777,-134.26286116862323,97.53403211167188
two_step,100,60,50,100,160,52,1.5108460948852624,1.9560981088289178,3.7104334495304623,0.4779255209434705,0.9053296327978035,0.2530520185080941,0.5572789296302616,1.7852292856632266,0.19894190943223167,0.29646991159283265,-734.669313231101,232.50207468707285,0.2980821437965802,-160.21898185183056,88.05590584672484
two_step,95,60,95,10,70,53,1.8046496308399478,1.9557768816870713,1.2593937570593623,0.5502051568579841,0.8515081736668256,0.28322421700076456,0.6213567290128762,1.750550113507307,0.21824619447413843,0.3952122526899243,-719.3381930433632,283.62549835777884,0.39614742852143514,-154.40975264021225,107.21547623107418
two_step,100,10,95,30,40,54,1.7903405361693454,1.9554280281367458,1.3757290997283353,0.5083253937369366,0.8076848955622193,0.2656254718017727,0.5796433520389727,1.7142468355680875,0.20560219746118016,0.438502631511773,-778.5888547697026,306.2018727901782,0.43946210648002215,-176.84193288831278,115.74182191202519
two_step,100,30,50,100,130,55,1.5094075684499397,1.9552887795360308,3.71567675905076,0.47211435830170234,0.882136021504987,0.2506654962618762,0.5502694041693196,1.7668471711153282,0.19687028482278032,0.3035731923124467,-751.6552862934792,236.19137051590317,0.3052065651612005,-166.65798154028542,89.45180531223889
two_step,100,60,50,60,120,56,1.509923904133058,1.9552441855770224,3.71100234536637,0.476459937429515,0.896602689760489,0.2524496497229752,0.555384274152013,1.7783345891193925,0.1983812281334971,0.2979881068816987,-743.0140574398273,233.2910780690203,0.2996115088077139,-163.37964281375181,88.35573390649598
two_step,100,10,95,60,70,57,1.790066436738194,1.954579884785915,1.370945400397676,0.5206997256228499,0.8249410730363187,0.27078989178911483,0.5941328831553551,1.727876176877482,0.20996036162905057,0.42151908058071724,-762.7783505107806,297.31732575081435,0.42252320436926905,-170.85712916108687,112.3969809845167
two_step,100,30,50,600,630,58,1.5081515106188386,1.9540319565331492,3.7156703826192565,0.47789688468607444,0.928287417721933,0.2530402455677872,0.5580278027532695,1.8032488783627556,0.19916367162425125,0.2943579976560385,-707.4021154065817,231.4040450573831,0.29592553131832977,-149.89679054369756,87.63292989378334
two_step,95,10,95,10,20,59,1.7780887543232908,1.9535864811164843,1.4624810566099458,0.5135078692694054,0.7806312822658165,0.26778492731064985,0.5813966495402937,1.6948350757951176,0.20612770943497502,0.42656161577658547,-774.5099645392967,299.9510623412844,0.42741867861540406,-175.3037825768705,113.36211905272727
two_step,100,100,95,10,110,60,1.804616055382688,1.9535448065613055,1.2410729264884783,0.5341834618244774,0.883338866883228,0.2764505270832101,0.6072513674766594,1.773522447488896,0.213936816608488,0.41399495197715214,-720.771725822727,293.3934170503574,0.4149815806247867,-154.93861677420335,110.91241734302518
two_step,95,10,95,60,70,61,1.7821131585370817,1.9523864504098833,1.4189440989400144,0.5454845607869963,0.8207532394109466,0.2812228940110775,0.6184598894159452,1.726578856569147,0.217358253302356,0.385875787903027,-741.3086541266146,278.78228053903007,0.38683509751464845,-162.73583181858334,105.39223642790206
two_step,100,60,50,30,90,62,1.5068962089828917,1.9521922561579903,3.7108003931258216,0.4742696816388381,0.8875816251363532,0.25155004541803044,0.5526769128990939,1.7711996963716288,0.19758098162654855,0.2991521630474574,-751.7553156907019,233.89585107121349,0.30078485500874236,-166.6903928074757,88.58569729518806
two_step,100,10,95,100,110,63,1.788127238960242,1.952069753454334,1.3661876207841,0.5292102625843399,0.8391913935705243,0.2743585710281632,0.6041859549013017,1.7391019265204823,0.21300496356033835,0.40869002544090904,-750.2234486648464,290.6308528258916,0.4097237514023416,-166.10421482911084,109.87893149122475
two_step,95,10,95,100,110,64,1.7817067421722004,1.9514284773604067,1.4143477932350532,0.5542674329441618,0.8357398880569803,0.2849502347891006,0.628770570535009,1.73835019390604,0.22052568507614326,0.3736758116466697,-729.8679486795048,272.4629907515061,0.3746601117196172,-158.40410836046402,103.01211722119093
two_step,100,100,50,30,130,65,1.5047109058608434,1.9513029141932978,3.7216000694371196,0.4780220469352193,0.9108909605426847,0.25309170321340263,0.557398551955627,1.789634395495963,0.1989773272267262,0.2925030030354022,-733.4386335461553,230.4391208592933,0.29410988067709387,-159.74834085023568,87.27665832288895
two_step,95,10,95,30,40,66,1.7802370429306165,1.9510650246570789,1.4235665143871858,0.5326544883846119,0.8025932595248666,0.2758068464993508,0.6035370821427688,1.712267782970394,0.21280792367361132,0.40206807982269904,-755.714962829837,287.18671809492554,0.4029887606813457,-168.18985205694648,108.55676431731241
two_step,100,100,50,60,160,67,1.5040206387035582,1.9504697616555253,3.720409357933059,0.47880974457898334,0.9177150572273652,0.25341560297708476,0.5584985965782437,1.7950365627539284,0.19930313038812073,0.2908971794515762,-726.8902082412409,229.60343739270633,0.29249319248133737,-157.26827536138524,86.95929239364176
two_step,100,30,95,30,60,68,1.8037550009229926,1.9504238223944308,1.2222401789286517,0.5262506577260181,0.8410478871435995,0.273115942557698,0.5989626337733734,1.740474256883966,0.21142089642039097,0.4235887466412125,-751.7285478478312,298.3979180343001,0.4245883901382887,-166.66838623488965,112.80398454810576
two_step,100,100,50,10,110,69,1.5035535849351604,1.9502711285052532,3.72264619641744,0.4765943217290419,0.9044832269847172,0.2525048692220705,0.5555996945805063,1.7845431315683917,0.19844494973898483,0.2937919597958394,-739.8025725351853,231.1096533948289,0.29540750098617574,-162.15818098346514,87.53129669314184
two_step,100,60,50,300,360,70,1.504123457581063,1.9497917643442642,3.7139025563600105,0.47905306054681107,0.9292724031049429,0.25351567347157267,0.5592795037722812,1.8041313686666802,0.19953452545790443,0.29033383210431973,-712.0944211459126,229.31018263162346,0.2919047844731435,-151.66846885575595,86.8437516457316
two_step,100,100,50,100,200,71,1.5019013193257749,1.948494734215089,3.7216117907442845,0.47912015169907307,0.9246362452756268,0.25354326820043877,0.5590718299196646,1.8005085510588583,0.19947297936342492,0.28902654873485834,-720.3551622715631,228.6294933291903,0.2906101233989381,-154.79314402023982,86.5894670368399
two_step,100,30,50,60,90,72,1.5023067150974587,1.9481707474942045,3.715533603306215,0.46849101180218383,0.871287154760233,0.24918002339704703,0.5459405589350741,1.758279964867375,0.19559456143137813,0.30410174969045983,-762.242980578553,236.4656733032469,0.30574218075979115,-170.66822783956826,89.55666883712604
two_step,100,300,100,60,360,73,1.75382222081828,1.948087516217638,1.6188774616613166,0.55070109407204,0.939081857740923,0.28343474625400206,0.6225275434214312,1.8191135745175369,0.21860550681157784,0.36243901738015855,-659.0101530068433,266.64949839694145,0.36330296177585236,-131.557888430856,100.79460192015333
two_step,100,10,100,1800,1810,74,1.7672912063311275,1.9477725581910168,1.5040112654990774,0.5754761315169565,0.9324888864356458,0.2940205280206568,0.6580975140617862,1.8147644711381137,0.22964449097003237,0.3330981010912524,-669.6324769459662,251.48112625260154,0.33404884984922845,-135.58332643320318,95.08739634192763
two_step,100,60,50,10,70,75,1.5016071981824242,1.9469025130215032,3.710794290325659,0.4713189428902058,0.878906173680078,0.25033923156292964,0.5491334075157942,1.7643167541848792,0.19653523669421183,0.2999021634771662,-760.4027167731617,234.28542315054213,0.301541396243364,-169.96527510350438,88.73394088138345
two_step,100,30,50,900,930,76,1.5005272526444458,1.9463970074181112,3.715581289780545,0.4770789581679773,0.9394872029261937,0.25270403289064153,0.5574588580481178,1.8120778597719838,0.1989951834851926,0.290471927118594,-696.8209471789845,229.3820731558375,0.29201486841684426,-145.8892607857376,86.86536925075839
two_step,95,100,95,10,110,77,1.7905620948485947,1.945829903051946,1.2938984016945925,0.5542199035393289,0.8761549599558688,0.28493001955908503,0.6257207493864376,1.7697828271409302,0.21958674907386172,0.38116837384615204,-700.5519564831961,276.34283856225665,0.3821084285573829,-147.2952384470977,104.4677763194508
two_step,95,60,100,100,160,78,1.8014805144303576,1.9448849508356731,1.1950369700442953,0.5814372660467908,0.8774554209664837,0.29658833648254174,0.6545781368890121,1.7732313642511448,0.22854138119056508,0.352984867705815,-681.823889232216,261.7614431218503,0.35384652166237834,-140.21123880884093,98.94946987966273
two_step,95,30,95,30,60,79,1.7914605036215423,1.9445619814996826,1.275845648984503,0.5481899590787856,0.8349896293904867,0.2823692871490204,0.6198781485524105,1.7377091777347695,0.21779278855181264,0.38914272663757726,-730.2987765084154,280.47618838222235,0.39009776835035526,-158.56453266052702,106.0307243317833
two_step,100,30,100,1200,1230,80,1.7560883556441271,1.943297919726231,1.5600797006842,0.570969075741435,0.9374391865007041,0.29208453519286065,0.6505383125992674,1.8183236663017885,0.2272781538303641,0.33364287817651983,-662.4076606007127,251.76281956968094,0.3345833309527609,-132.84992917933394,95.19168515694032
two_step,95,10,100,300,310,81,1.808326282329122,1.9431112051830037,1.1232076904490156,0.5910809947619788,0.8712882138304932,0.3007602192513747,0.6694042721561789,1.7687635488108304,0.23320522862507423,0.3419623646280475,-693.520003135277,256.0638446841635,0.3428389046356578,-144.63600551880512,96.80225125651347
two_step,95,10,95,300,310,82,1.7715414999633883,1.9430418415113717,1.4291695128998618,0.569075715707105,0.8709273706463497,0.2912726323241742,0.6466151851215712,1.7659068076857958,0.22605447035919973,0.3468956469962446,-704.1331356972771,258.61386669536205,0.34791760192214544,-148.65934074971744,97.79291670941295
two_step,95,100,100,60,160,83,1.795696670247359,1.9427758864691813,1.225660135181854,0.5783889013583141,0.8861693125146333,0.29527419283351486,0.6503093013760396,1.7799184980217249,0.22720663930148954,0.3539492906137787,-674.7481337579401,262.25999511357037,0.3547987937774778,-137.53150154604413,99.135243505764
two_step,100,60,95,30,90,84,1.797893768253125,1.942502823377942,1.205075459373474,0.5344160518998063,0.8681276289647186,0.2765484859350626,0.607842051777806,1.7616813603676864,0.2141165678146524,0.40926447743843897,-730.2249153482098,290.9298493668002,0.4102801032809518,-158.52375003729173,109.9882328325923
two_step,100,10,95,300,310,85,1.7748361645045585,1.9406192993959728,1.3815261240951193,0.5436817030096591,0.8726857428300822,0.2804597973606843,0.6217009874353703,1.7654285776183771,0.21835181829235512,0.38036777547492256,-721.9565419337513,275.92810629879057,0.3814490670994888,-155.40221368726446,104.3388619790317
two_step,100,30,95,60,90,86,1.7933987736120534,1.9397474824529963,1.219572573674525,0.5329094381542013,0.854323891632295,0.2759141449969312,0.6068934159948703,1.7509225388127097,0.2138279182074725,0.407982503619477,-739.4646099519211,290.2626441181933,0.40901239570924985,-162.0265884362356,109.73919675169863
two_step,100,30,50,1200,1230,87,1.4934337284492123,1.9393286751646053,3.7157912226282748,0.4759914890021316,0.9474481515830641,0.25225718240111406,0.5564961691377699,1.8183529881509604,0.1987102030719187,0.2873295919075483,-689.3341377998927,227.7455351029729,0.28885299597909014,-143.05374286667038,86.24420733737776
two_step,100,10,50,100,110,88,1.4863186187608446,1.9382632380056375,3.766205160373274,0.45654415729145353,0.8516839585454813,0.24429545738258537,0.5321104598362284,1.7426253691076896,0.19153687734912467,0.31022004364460404,-773.3924283920344,239.6389034996226,0.31185995839684905,-174.89885754438595,90.75371252884634
two_step,100,30,50,30,60,89,1.490874353432762,1.936843560887151,3.7164100621199085,0.46335615467248575,0.8592218961955309,0.24707813971464526,0.5398978490543846,1.7487407072897259,0.19381831328774113,0.3039405506812311,-774.1461520066624,236.38201966521865,0.3055848864511334,-175.1766915130685,89.52587464144298
two_step,95,60,95,30,90,90,1.7855603559609592,1.936689764617059,1.259411738800832,0.5553107337098602,0.861606523554165,0.2853940949218528,0.627393247644502,1.7584966427282098,0.22010144116803604,0.37630159023991033,-709.9405645746923,273.82231933372003,0.37726887801833586,-150.85449370908756,103.52181881760575
two_step,100,60,50,600,660,91,1.4911273275377557,1.9364473303476146,3.7110000234154907,0.4773853287060383,0.9467219277602672,0.25282995593245017,0.5579909517909466,1.8179029904369908,0.1991527570367074,0.28407883755734026,-695.8534949523223,226.0509725021448,0.2856099712436231,-145.51715334199255,85.6065331345921
two_step,100,100,100,600,700,92,1.7413013106159765,1.9362690089152774,1.624730819160841,0.5630000346670643,0.94142397448041,0.2886727434425842,0.6388838198888039,1.8211330148802083,0.22365164183856262,0.33667629174787556,-656.6781990624287,253.3311959980353,0.3375955283272597,-130.68077191074752,95.77938180513212
two_step,100,60,100,900,960,93,1.7441757331073502,1.9361909362563816,1.600126692908595,0.566660927785687,0.9418876961798471,0.2902383105451737,0.6442400899408638,1.8216159840839055,0.2253150925582637,0.33283214912434544,-657.4096859779322,251.3436047097057,0.3337612451016538,-130.95798605225943,95.03127724718439
two_step,95,30,95,60,90,94,1.7832658170345976,1.936060659604827,1.273290354751912,0.5552519314262353,0.8488624670360774,0.28536907191596583,0.6282233224318177,1.748591489594409,0.2203570792394492,0.37437872330641697,-719.1268764816787,272.8268418255553,0.3753594806642638,-154.335552664241,103.14874614940439
two_step,100,100,50,300,400,95,1.4887360386968913,1.935399285929956,3.7221937269422067,0.47782059511146974,0.9451237590794024,0.2530088820095623,0.5583145976918017,1.816693389618549,0.19924862214188327,0.2821060600272269,-701.3203057714019,225.02177884805653,0.2836449973397978,-147.5835695142396,85.21986399385973
two_step,100,300,100,100,400,96,1.7398117089280014,1.9337945977898978,1.6165240738491367,0.5512090387446151,0.9432844764930972,0.283650427117183,0.6233017998924419,1.8223844305204793,0.2188432567595583,0.3528772471736168,-655.1613070908676,261.7058101883788,0.35374884069006346,-130.102086277254,98.93041412181732
two_step,95,30,100,300,330,97,1.788672321963177,1.932367566080587,1.1974603676450828,0.5895896423486343,0.8907255803613443,0.3001136040842568,0.6658939586798837,1.7836887821728589,0.23209699775427467,0.3328024910995979,-675.6788921460345,251.32826866342037,0.3336834100687258,-137.8837025087179,95.0160894802262
two_step,100,30,95,100,130,98,1.784580770355011,1.9309818072158342,1.22000864050686,0.5377974824993307,0.8662769421052703,0.2779738593783997,0.6128091954355507,1.760312445653366,0.2156305597180005,0.3957088503731859,-728.9423811834292,283.883307963077,0.39675876515197617,-158.04345363574203,107.33526561919645
two_step,100,100,95,30,130,99,1.7818531460397384,1.9304049252304964,1.2379314932563166,0.5371704537032622,0.8905702921738285,0.27770937327884004,0.6108699675379617,1.7792310493135153,0.2150389599129146,0.39562410101624557,-712.5600771583515,283.8393086322113,0.39664180498189733,-151.83316221795863,107.31234667768167
two_step,95,10,50,600,610,100,1.521012054582568,1.9298313975938755,3.4068278584275613,0.47418557153579194,0.9027360343483269,0.2515155133609624,0.5509141930023719,1.781969869748905,0.19706054217880617,0.3091427713372704,-721.4585455109915,239.08042714590206,0.31074759121823486,-155.230210590021,90.53615060310628
