sample_id,source_file,cycle_id,mode,T1_C,t1_s,T2_C,t2_s,total_anneal_time_s,heating_rate_C_min,cooling_rate_C_min,noise_sigma_uW,process_total_integral_uW_min,process_total_abs_integral_uW_min,process_total_mean_uW,process_total_std_uW,process_hold_integral_uW_min,process_hold_abs_integral_uW_min,process_cooling_integral_uW_min,process_cooling_abs_integral_uW_min,process_between_step_heating_integral_uW_min,process_step1_hold_mean_uW,process_step1_hold_slope_uW_min,process_step1_hold_delta_uW,process_step2_hold_mean_uW,process_step2_hold_slope_uW_min,process_step2_hold_delta_uW,process_final_cooling_mean_uW,process_final_cooling_slope_uW_min,process_pre_scan_start_dsc_uW,process_pre_scan_end_dsc_uW,process_pre_scan_dsc_shift_uW,feature_integration_low_C,feature_integration_high_C,feature_peak_low_C,feature_peak_high_C,delta_h_total_rel,delta_h_total_J_g,peak_area_rel,peak_area_J_g,peak_temperature_Tp_C,peak_height_uW,onset_temperature_C,kovacs_peak_label,delta_h_total_40_160_rel,delta_h_total_40_160_J_g,peak_area_40_160_rel,peak_area_40_160_J_g,peak_temperature_Tp_40_160_C,peak_height_40_160_uW,onset_temperature_40_160_C,legacy_feature_integration_low_C,legacy_feature_integration_high_C,legacy_feature_peak_low_C,legacy_feature_peak_high_C,recovery_index,path_dependence_index
onestep_50_001,PS-onestep-01.xlsx,1,single_step,50.0,0.1002,nan,nan,0.1002,10.0,60.0,27.467694910576387,18712.413255341846,18712.413255341846,3198.7333249638223,3053.351372234768,2542.879058996836,2542.879058996836,18648.22542317708,18648.22542317708,0,3860.5417804718,0.0,0.0,856.9675948884753,-1162.4059322774806,-3330.080718994144,1129.4740649604798,-1290.2602120185106,4.82030296325684,16.3831806182861,11.562877655029261,70.0,105.0,70.0,105.0,-4424.41254535125,-5.648186228107978,-3118.922174116985,-3.9816027754684904,104.995712280273,-137.85214959847326,70.0083923339844,0,-15826.256586566837,-20.203731812638512,-6521.870527571127,-8.325792162856757,106.074775695801,-142.62880393553746,70.0083923339844,40.0,160.0,70.0,140.0,1.0,0.0
onestep_50_002,PS-onestep-01.xlsx,2,single_step,50.0,0.4998,nan,nan,0.4998,10.0,60.0,27.467694910576387,18689.699332714077,18689.699332714077,3204.0053454807826,2982.523596524459,2724.809070523585,2724.809070523585,18625.44999745687,18625.44999745687,0,917.3527988857696,-1206.4069398805648,-3235.9676475524934,0.0,0.0,0.0,1180.6684035873416,-1307.7830668101,22.8461666107178,16.9757442474365,-5.8704223632813,70.0,105.0,70.0,105.0,-4333.891022462411,-5.532626837186056,-3056.43346599754,-3.901829956592605,104.997756958008,-135.17974192801557,70.0149688720703,0,-15504.058438782424,-19.79241502823288,-6374.797776824781,-8.138039715095465,106.212524414063,-139.77139050773735,70.0149688720703,40.0,160.0,70.0,140.0,0.9795404424969479,0.0
onestep_50_003,PS-onestep-01.xlsx,3,single_step,50.0,0.7979999999999999,nan,nan,0.7979999999999999,10.0,60.0,27.467694910576387,18711.387000401814,18711.387000401814,3207.72997378758,2972.3479367894174,2767.2252522468625,2767.2252522468625,18647.066233666712,18647.066233666712,0,931.4933033837216,-1214.9561533155384,-3231.195999145511,0.0,0.0,0.0,1194.4556401062016,-1313.5150431242228,24.86012840271,19.6814746856689,-5.178653717041101,70.0,105.0,70.0,105.0,-4241.269460027398,-5.4143865447158275,-2983.2360501448375,-3.808386446993409,104.998481750488,-131.80359476521585,70.0039138793945,0,-15171.027365179967,-19.36726897682549,-6219.29046500165,-7.939519742555297,106.094985961914,-136.39214035182204,70.0039138793945,40.0,160.0,70.0,140.0,0.958606236772319,0.0
onestep_50_004,PS-onestep-01.xlsx,4,single_step,50.0,1.0002,nan,nan,1.0002,10.0,60.0,27.467694910576387,18720.988216444646,18720.988216444646,3191.2076333761215,2991.2013903922584,2669.1777480888245,2669.1777480888245,18656.963820152283,18656.963820152283,0,3857.74807929993,0.0,0.0,893.9136216495579,-1177.4996543361099,-3209.8724212646516,1157.320976684343,-1286.4994424699178,28.5646190643311,22.5055408477783,-6.059078216552802,70.0,105.0,70.0,105.0,-4129.627058295269,-5.271864329738642,-2903.907600145103,-3.7071160852916205,104.994026184082,-128.62473277191884,70.0050964355469,0,-14747.290024862756,-18.82632769131415,-6046.33325411081,-7.718723303120182,106.072937011719,-132.9108013581681,70.0050964355469,40.0,160.0,70.0,140.0,0.9333729655554583,0.0
onestep_50_005,PS-onestep-01.xlsx,5,single_step,50.0,4.998,nan,nan,4.998,10.0,60.0,27.467694910576387,18722.047691926957,18722.047691926957,3155.541468170252,2996.319241756717,2692.0807183361103,2692.0807183361103,18659.28272556623,18659.28272556623,0,3804.543977737428,-1219.5864257802857,-77.37963867188,817.6165059231924,-1102.556427196784,-3239.3414573669415,1078.507797136829,-1227.595339764618,31.2706546783447,24.4732723236084,-6.797382354736303,70.0,105.0,70.0,105.0,-3988.876977475713,-5.09218337550091,-2809.83322973738,-3.5870211443455906,104.985168457031,-125.31554457096809,70.0049057006836,0,-14309.873799488609,-18.267923999347158,-5885.044495692095,-7.5128227604579925,106.031158447266,-129.5931655651318,70.0049057006836,40.0,160.0,70.0,140.0,0.9015608143654786,0.0
onestep_50_006,PS-onestep-01.xlsx,6,single_step,50.0,10.020000000000001,nan,nan,10.020000000000001,10.0,60.0,27.467694910576387,18726.68725265185,18726.68725265185,3095.60038023284,3001.040353638543,2729.228950757866,2729.228950757866,18666.51889680539,18666.51889680539,0,3742.595027542115,-1095.1360973014964,-204.9853515625,719.5589652035405,-989.4669088987532,-3045.1499061584504,976.8829593282618,-1137.8065676765664,34.2218341827393,26.4555950164795,-7.766239166259801,70.0,105.0,70.0,105.0,-3928.410079386515,-5.014991590706189,-2771.9691918923368,-3.5386840747561745,104.999114990234,-123.43510175883443,70.0046615600586,0,-14046.53540758715,-17.931747328834657,-5787.886499237373,-7.388791275622178,106.096099853516,-127.29593475649472,70.0046615600586,40.0,160.0,70.0,140.0,0.8878941642804339,0.0
onestep_50_007,PS-onestep-01.xlsx,7,single_step,50.0,49.98,nan,nan,49.98,10.0,60.0,27.467694910576387,18757.893182420725,18757.893182420725,2792.973359673549,2953.2154591044164,3708.846551338792,3708.846551338792,18746.389163732536,18746.389163732536,0,2769.243561477662,-3852.1922467620107,-3138.139282226566,475.07559726277304,-621.9072564293017,-981.4649848937946,487.20961134774325,-473.82820081707905,36.6738758087158,23.8606090545654,-12.813266754150398,70.0,105.0,70.0,105.0,-3858.420552360224,-4.9256432583322,-2715.6519221488784,-3.4667896878496314,104.984260559082,-121.71254472201485,70.0056991577148,0,-13841.283454970935,-17.669723559537363,-5691.048548470358,-7.265168359749392,105.979133605957,-125.61245600986354,70.0056991577148,40.0,160.0,70.0,140.0,0.8720752219216726,0.0
onestep_50_008,PS-onestep-01.xlsx,8,single_step,50.0,100.02,nan,nan,100.02,10.0,60.0,27.467694910576387,18793.204813880915,18793.204813880915,2478.5140416616923,2912.8813189372045,3841.986174411757,3841.986174411757,18792.19397387822,18792.19397387822,0,1478.4007559204101,-2875.3046231493195,-3793.988235473636,460.6122212899698,-606.2899264839673,-903.1852836608884,447.04798616548857,-421.2139262812465,37.5907917022705,22.5704860687256,-15.0203056335449,70.0,105.0,70.0,105.0,-3800.5135689092212,-4.8517194496713465,-2672.331336674418,-3.411486812775852,104.991310119629,-119.42971691768548,70.0067596435547,0,-13625.768511101476,-17.39459809927848,-5591.98169936918,-7.1387000417478905,106.020072937012,-123.10085712175828,70.0067596435547,40.0,160.0,70.0,140.0,0.858987160431601,0.0
onestep_50_009,PS-onestep-01.xlsx,9,single_step,50.0,499.98,nan,nan,499.98,10.0,60.0,27.467694910576387,19041.039676780696,19041.039676780696,1337.9137665929504,2451.784982843929,4084.034795080811,4084.034795080811,19040.43689252853,19040.43689252853,0,325.4915556182862,-189.23947973511804,-3863.181221008299,461.1220618952874,-621.1181841887852,-946.3451499938965,447.6791424470788,-431.3886765893257,38.2909259796143,23.6451778411865,-14.645748138427802,70.0,105.0,70.0,105.0,-3748.871366194203,-4.785793233439408,-2638.783736531449,-3.368660089189084,104.985679626465,-117.53741291258098,70.0024185180664,0,-13364.578010902158,-17.061163418172967,-5510.578222594716,-7.034780709695381,106.014137268066,-121.00782160022982,70.0024185180664,40.0,160.0,70.0,140.0,0.8473150565792423,0.0
onestep_50_010,PS-onestep-01.xlsx,10,single_step,50.0,1000.0200000000001,nan,nan,1000.0200000000001,10.0,60.0,27.467694910576387,19366.712824074424,19366.712824074424,857.0615260003239,2044.6853261959177,4406.421939388931,4406.421939388931,19366.044463713966,19366.044463713966,0,181.52520896911628,-49.29873891323512,-3810.150787353519,459.39280630952567,-613.6659782774132,-950.5090141296389,446.5262942267853,-428.2153260131733,39.1076755523682,25.9727077484131,-13.1349678039551,70.0,105.0,70.0,105.0,-3734.199103273919,-4.767062685030535,-2626.329724980668,-3.3527613510391503,104.991279602051,-117.47280558478997,70.0068511962891,0,-13209.824122952385,-16.86360526334347,-5476.817279448381,-6.9916816333383585,106.020072937012,-120.79299579363828,70.0068511962891,40.0,160.0,70.0,140.0,0.8439988506943049,0.0
onestep_50_011,PS-onestep-01.xlsx,11,single_step,50.0,0.1002,nan,nan,0.1002,10.0,60.0,27.467694910576387,18714.759241708114,18714.759241708114,3208.347841132028,2999.785750595373,2684.1794678053,2684.1794678053,18650.64778486893,18650.64778486893,0,903.9531829833986,-1187.9847018684059,-3257.1061477661165,0.0,0.0,0.0,1173.3292338943481,-1304.196902022003,40.1279926300049,32.2517948150635,-7.876197814941399,70.0,105.0,70.0,105.0,-3680.576878061397,-4.6986087805039105,-2591.9668415311335,-3.3088938402525105,104.997123718262,-115.80690192658699,70.0147247314453,0,-13060.270896487247,-16.672686250834786,-5402.1284057400535,-6.896334134987302,106.008445739746,-119.2819736891322,70.0147247314453,40.0,160.0,70.0,140.0,0.8318792247184534,0.0
onestep_50_012,PS-onestep-01.xlsx,12,single_step,50.0,0.4998,nan,nan,0.4998,10.0,60.0,27.467694910576387,18707.427736543017,18707.427736543017,3180.0051852056054,2992.561400843889,2648.5961337788904,2648.5961337788904,18643.079373779132,18643.079373779132,0,3859.24954414368,0.0,0.0,882.4608157021659,-1152.3436059004134,-3200.150615692137,1146.8424868253198,-1269.3907430670624,41.1376438140869,32.8555202484131,-8.2821235656738,70.0,105.0,70.0,105.0,-3647.802471135775,-4.656769112088222,-2569.4887393604818,-3.280198390672955,104.984321594238,-114.62819844249634,70.0035247802734,0,-12904.749631424276,-16.47414846564801,-5341.123780537564,-6.818455890047954,106.013206481934,-117.93285474858999,70.0035247802734,40.0,160.0,70.0,140.0,0.8244715956626912,0.0
onestep_50_013,PS-onestep-01.xlsx,13,single_step,50.0,0.7979999999999999,nan,nan,0.7979999999999999,10.0,60.0,27.467694910576387,18696.798319126763,18696.798319126763,3142.9309256791403,2989.6018930689747,2651.8527068234384,2651.8527068234384,18632.748279930805,18632.748279930805,0,3860.26272773743,0.0,0.0,865.4993299258656,-1118.861010854518,-3315.102550506595,1127.2703254847854,-1239.1696247323857,42.0133991241455,33.454122543335,-8.559276580810504,70.0,105.0,70.0,105.0,-3624.5656031163553,-4.62710502525492,-2555.092519126618,-3.261820237182916,104.986099243164,-114.62072498989073,70.008918762207,0,-12866.857217705327,-16.425775171538714,-5326.617226982983,-6.799936885510189,105.980941772461,-117.56329198446952,70.008918762207,40.0,160.0,70.0,140.0,0.8192196288125758,0.0
onestep_50_014,PS-onestep-01.xlsx,14,single_step,50.0,1.0002,nan,nan,1.0002,10.0,60.0,27.467694910576387,18685.355571664175,18685.355571664175,3115.0885499636333,2988.433687093805,2651.748907864889,2651.748907864889,18621.34018619521,18621.34018619521,0,3859.39895820618,0.0,0.0,852.182121105295,-1095.5281497047827,-3302.0339813232454,1111.6953003714532,-1217.6026155303834,41.7869358062744,33.6384143829346,-8.148521423339801,70.0,105.0,70.0,105.0,-3583.40691502224,-4.574562019177327,-2525.6745087376175,-3.2242653303033415,104.996315002441,-112.81628610256462,70.0156860351563,0,-12747.583158962385,-16.27351041569666,-5272.444224351737,-6.730779860874557,106.0078125,-115.79028181337799,70.0156860351563,40.0,160.0,70.0,140.0,0.8099169953731691,0.0
onestep_50_015,PS-onestep-01.xlsx,15,single_step,50.0,4.998,nan,nan,4.998,10.0,60.0,27.467694910576387,18677.48588892619,18677.48588892619,3079.6677345757957,2987.210481498071,2640.4031626065203,2640.4031626065203,18614.967821979364,18614.967821979364,0,3805.685579299928,-252.07031250087746,-28.29541015625,767.7429412256477,-1012.3263604315408,-3152.735805511473,1022.5750506369125,-1149.0176629014022,43.0862216949463,34.5842952728271,-8.501926422119205,70.0,105.0,70.0,105.0,-3535.572761905848,-4.513497142858529,-2495.128749695302,-3.1852707442918744,104.997093200684,-111.46289569486976,70.0151138305664,0,-12562.59069337395,-16.037349821328444,-5200.844365876717,-6.639375786225596,106.025733947754,-114.49683654733417,70.0151138305664,40.0,160.0,70.0,140.0,0.7991055819649301,0.0
onestep_50_016,PS-onestep-01.xlsx,16,single_step,50.0,10.020000000000001,nan,nan,10.020000000000001,10.0,60.0,27.467694910576387,18664.502286787032,18664.502286787032,3027.703211645178,2983.8844482638956,2682.922925793226,2682.922925793226,18604.335981721728,18604.335981721728,0,3697.7298175811784,-658.9128196024002,-154.65747070313,681.9585454037317,-917.8175219114542,-2978.839096069339,932.6596796308248,-1072.6085685488529,43.7834720611572,34.3625965118408,-9.4208755493164,70.0,105.0,70.0,105.0,-3501.548997980353,-4.470062550613216,-2468.644946492049,-3.1514616338196366,104.984321594238,-109.52724629405634,70.0156860351563,0,-12423.18653943298,-15.85938707161657,-5125.014267154282,-6.542571404877806,105.709396362305,-112.0001619227678,70.0156860351563,40.0,160.0,70.0,140.0,0.7914155748562476,0.0
onestep_50_017,PS-onestep-01.xlsx,17,single_step,50.0,49.98,nan,nan,49.98,10.0,60.0,27.467694910576387,18692.766536817544,18692.766536817544,2736.3649252821756,2925.604185988585,3665.349536269452,3665.349536269452,18681.7596764342,18681.7596764342,0,2716.701845169068,-3951.7861320497705,-3089.639648437498,458.78781234339647,-587.6645243539735,-1025.1828613281207,474.66309696379153,-457.557057707487,44.5428943634033,30.8829669952393,-13.659927368163999,70.0,105.0,70.0,105.0,-3477.5504083557976,-4.439426053220167,-2450.5707481297004,-3.128388189101745,104.998001098633,-109.56191873485977,70.0108337402344,0,-12375.576527788684,-15.798608333347257,-5104.326539126698,-6.516161539310677,105.959197998047,-112.08042091721768,70.0108337402344,40.0,160.0,70.0,140.0,0.7859914446743164,0.0
onestep_50_018,PS-onestep-01.xlsx,18,single_step,50.0,100.02,nan,nan,100.02,10.0,60.0,27.467694910576387,18730.695959399545,18730.695959399545,2438.610156917779,2886.0029102192575,3785.7238415624024,3785.7238415624024,18729.58514190356,18729.58514190356,0,1445.4546995544433,-2812.2370952040615,-3709.9205551147443,446.85050937392936,-578.6974520849029,-957.6613464355471,439.26352772102524,-413.28942002901914,46.2913303375244,29.6839008331299,-16.6074295043945,70.0,105.0,70.0,105.0,-3443.1749618421736,-4.39554250447937,-2425.5475721961266,-3.0964437091865444,104.996315002441,-108.57299996975462,70.0146102905273,0,-12216.900165475101,-15.596042764436296,-5031.088887093807,-6.422666664375072,105.974555969238,-110.72067109344584,70.0146102905273,40.0,160.0,70.0,140.0,0.7782219507220078,0.0
onestep_50_019,PS-onestep-01.xlsx,19,single_step,50.0,499.98,nan,nan,499.98,10.0,60.0,27.467694910576387,19024.767531916295,19024.767531916295,1324.6619918982556,2429.4185803740934,4063.228327287152,4063.228327287152,19024.083101762135,19024.083101762135,0,323.8737165985107,-184.84003945908043,-3879.4819412231477,441.13724126418424,-583.1428216045126,-997.2264060974078,433.9593191506727,-417.51223036953024,49.4036655426025,28.6807308197021,-20.722934722900405,70.0,105.0,70.0,105.0,-3340.899729826215,-4.264978378501551,-2342.501225923319,-2.9904270969233857,104.995529174805,-103.79201845818989,70.0038681030273,0,-11908.368964788602,-15.20217314653864,-4857.798021005558,-6.201444282134755,106.041069030762,-106.30917803274087,70.0038681030273,40.0,160.0,70.0,140.0,0.7551058350868555,0.0
onestep_50_020,PS-onestep-01.xlsx,20,single_step,50.0,1000.0200000000001,nan,nan,1000.0200000000001,10.0,60.0,27.467694910576387,19047.742668498347,19047.742668498347,838.7941836918966,1991.8274022342655,4358.400441166596,4358.400441166596,19047.013294153207,19047.013294153207,0,180.78798885345458,-47.65793236713171,-3870.3489227294954,433.09411523255653,-567.7913391670644,-963.175975799561,425.4608531557898,-405.98508633013444,32.891580581665,30.239278793335,-2.6523017883300035,70.0,105.0,70.0,105.0,-2902.4711316733465,-3.7052822957532077,-2025.9980375159312,-2.5863804734245925,104.989776611328,-93.00019587720271,70.0145797729492,0,-10422.681497060845,-13.305550847311716,-4279.581724742172,-5.463295818819793,105.985069274902,-95.9209298427545,70.0145797729492,40.0,160.0,70.0,140.0,0.656012770491528,0.0
onestep_70_001,PS-onestep-02.xlsx,1,single_step,70.0,0.1002,nan,nan,0.1002,10.0,60.0,27.467694910576387,18401.056127332045,18401.056127332045,3136.664052724837,3022.5633377597496,2423.7563138707465,2423.7563138707465,18323.163466046644,18323.163466046644,0,4705.72422790527,0.0,0.0,812.5799534834548,-1098.1560333941795,-3198.118705749508,1369.3562322072848,-1358.009738320072,7.33905029296875,27.6480026245117,20.30895233154295,70.0,105.0,70.0,105.0,-3601.9461443329637,-4.598229120425059,-2554.3750861970293,-3.2609043653579093,104.988632202148,-111.34849045234387,70.0069885253906,0,-12814.457308901321,-16.358881670937855,-5271.198186474554,-6.729189174222834,105.696983337402,-112.6426651642787,70.0069885253906,40.0,160.0,70.0,140.0,1.0,0.0
onestep_70_002,PS-onestep-02.xlsx,2,single_step,70.0,0.4998,nan,nan,0.4998,10.0,60.0,27.467694910576387,18297.419179979952,18297.419179979952,3136.7647575487404,2927.0129064468847,2630.249870427447,2630.249870427447,18218.839112281796,18218.839112281796,0,885.7796017328894,-1160.8961245505811,-3200.3563613891565,0.0,0.0,0.0,1426.6424818732517,-1371.766034269599,19.8707809448242,25.1579055786133,5.287124633789098,70.0,105.0,70.0,105.0,-3548.098636845042,-4.529487621504308,-2509.2407113936933,-3.2032860145451405,104.974952697754,-109.2095379919815,70.0165100097656,0,-12621.852044374114,-16.113002609839292,-2689.4849916442363,-3.433385095716046,139.832626342773,-111.00564326860467,70.0165100097656,40.0,160.0,70.0,140.0,0.9850504406978318,0.0
onestep_70_003,PS-onestep-02.xlsx,3,single_step,70.0,0.7979999999999999,nan,nan,0.7979999999999999,10.0,60.0,27.467694910576387,18155.03629287083,18155.03629287083,3103.477775964981,2884.0808429196077,2619.992689355212,2619.992689355212,18077.908609612747,18077.908609612747,0,4662.23692321777,0.0,0.0,882.2301518546209,-1149.1239114780954,-3153.5832099914564,1411.5487403002646,-1349.5553098439038,11.9692153930664,25.0743675231934,13.105152130127,70.0,105.0,70.0,105.0,-3397.8815675295846,-4.337721150037767,-2401.5946139471575,-3.0658654646133923,104.986793518066,-104.22461194228799,70.0049362182617,0,-12090.01394206886,-15.434060351577267,-2554.6520589002057,-3.2612579475321772,139.948959350586,-105.51061813408887,70.0049362182617,40.0,160.0,70.0,140.0,0.9433460222262238,0.0
onestep_70_004,PS-onestep-02.xlsx,4,single_step,70.0,1.0002,nan,nan,1.0002,10.0,60.0,27.467694910576387,18079.541687072113,18079.541687072113,3064.58072658043,2874.62924936891,2601.539567403773,2601.539567403773,18002.792958892183,18002.792958892183,0,4638.15391540527,0.0,0.0,862.0507750380883,-1114.661513077378,-3130.392169952389,1384.8443103670534,-1319.977525574516,9.11240005493164,26.4038352966309,17.291435241699258,70.0,105.0,70.0,105.0,-3265.6179250340556,-4.168873946851986,-2303.8017777343234,-2.941023546043817,104.997756958008,-101.92588336173549,70.0138320922852,0,-11682.753912732773,-14.914153931148217,-4746.496733822199,-6.059357532538977,105.959739685059,-102.59419441653995,70.0138320922852,40.0,160.0,70.0,140.0,0.9066259722322441,0.0
onestep_70_005,PS-onestep-02.xlsx,5,single_step,70.0,4.998,nan,nan,4.998,10.0,60.0,27.467694910576387,17879.672898031862,17879.688580188744,2988.5711328618027,2842.425078761167,2685.8002157465453,2685.8002157465453,17807.52766513188,17807.543347288763,0,4485.657431030269,-3922.3271484370016,-261.697265625,787.225289261859,-1034.631720934395,-3019.1617202758753,1285.4528992857247,-1241.4206350483541,-0.940929412841797,28.5449295043945,29.485858917236296,70.0,105.0,70.0,105.0,-2929.6923115106324,-3.740032738098679,-2068.7520744904305,-2.6409600950941665,104.993209838867,-91.85577144131275,70.0012817382813,0,-10329.8397004623,-13.187029404845488,-4263.42198249807,-5.442666360635834,105.668037414551,-92.73454684252806,70.0012817382813,40.0,160.0,70.0,140.0,0.8133637189773073,0.0
onestep_70_006,PS-onestep-02.xlsx,6,single_step,70.0,10.020000000000001,nan,nan,10.020000000000001,10.0,60.0,27.467694910576387,17712.66421189943,17712.982874892547,2896.3328825719336,2809.1503494700655,2792.7626243337554,2792.7626243337554,17645.65768139209,17645.976344385203,0,4287.947567749021,-3450.2088068180624,-519.21826171875,698.5798415729704,-930.1332028960552,-2865.6431808471643,1174.245530519191,-1150.8428547867466,-7.19187355041504,29.0869064331055,36.27877998352054,70.0,105.0,70.0,105.0,-2684.554122246469,-3.427090368825279,-1891.346401496034,-2.4144847678672776,104.991134643555,-84.34061037474726,104.452095031738,0,-9503.003287771573,-12.131493558857327,-3901.0759038312176,-4.980096898507937,105.46305847168,-85.13984529037634,104.452095031738,40.0,160.0,70.0,140.0,0.7453065689141822,0.0
onestep_70_007,PS-onestep-02.xlsx,7,single_step,70.0,49.98,nan,nan,49.98,10.0,60.0,27.467694910576387,17639.637769486097,17640.289308684656,2600.8745505077527,2719.8592963545566,4338.459968083647,4338.459968083647,17633.516775426862,17634.16831462542,0,2579.1117877197253,-5778.88807691045,-4137.044555664059,722.5245657528145,-919.8198733309346,-2224.1244430541956,795.9202666429692,-589.2686337320514,-10.5662670135498,26.8673629760742,37.433629989624,70.0,105.0,70.0,105.0,-2566.7463271336705,-3.276697438894047,-1798.1579692633486,-2.2955208118255515,104.981010437012,-79.39089092114477,nan,0,-8980.578542425239,-11.464568352032218,-3679.9586420935634,-4.6978195430981655,105.554054260254,-80.06981502621261,nan,40.0,160.0,70.0,140.0,0.7125998624860063,0.0
onestep_70_008,PS-onestep-02.xlsx,8,single_step,70.0,100.02,nan,nan,100.02,10.0,60.0,27.467694910576387,17582.023428433728,17582.841841913847,2298.7663786229473,2677.590308071674,4386.57577240624,4386.57577240624,17581.02410579681,17581.84251927693,0,1334.9614925384515,-2930.091204825752,-4428.161804199215,705.4199888239461,-906.9217588247411,-2239.1530952453627,765.9007159737,-565.264720637146,-12.3420295715332,25.4185447692871,37.7605743408203,70.0,105.0,70.0,105.0,-2365.1670923983684,-3.0193622456149383,-1653.019899917855,-2.1102381701079,104.998207092285,-72.30414398069433,nan,0,-8250.762884938275,-10.532888789282902,-3369.146617875932,-4.3010382355862955,105.689636230469,-73.47909127679168,nan,40.0,160.0,70.0,140.0,0.6566358844980368,0.0
onestep_70_009,PS-onestep-02.xlsx,9,single_step,70.0,499.98,nan,nan,499.98,10.0,60.0,27.467694910576387,17704.736402416223,17705.265548833206,1238.3213976968968,2251.663067007076,4495.4947181861135,4495.4947181861135,17704.178206475568,17704.70735289255,0,286.5086582772477,-167.8898530211475,-4379.602851867672,689.81585449138,-911.7725134781289,-2349.3189620971693,755.3674130335643,-573.7863607365599,-14.0603351593018,23.5563888549805,37.6167240142823,70.0,105.0,70.0,105.0,-2342.6638294927347,-2.9906346759481717,-2342.6638294927347,-2.9906346759481717,87.2810134887695,-72.46973884717715,nan,0,-7868.307072723992,-10.044647326881693,-2828.0095995946567,-3.6102250207591355,87.2810134887695,-72.46973884717715,nan,40.0,160.0,70.0,140.0,0.650388355522336,0.0
onestep_70_010,PS-onestep-02.xlsx,10,single_step,70.0,1000.0200000000001,nan,nan,1000.0200000000001,10.0,60.0,27.467694910576387,17913.65463635126,17914.27419182459,789.9238517923793,1873.0914161407109,4722.490199470512,4722.490199470512,17913.104940827678,17913.724496301005,0,159.31040970611568,-43.70169713825924,-4373.548202514645,668.7509791189462,-890.6426616830628,-2371.0519714355432,746.8268263845732,-579.7213400536126,-15.8477973937988,24.3075103759766,40.155307769775405,70.0,105.0,70.0,105.0,-2299.486631550106,-2.935514848787369,-2299.486631550106,-2.935514848787369,90.8356704711914,-72.29517622050355,nan,0,-7514.098621197023,-9.592466324932369,-2973.4728092485493,-3.7959227352109135,90.8356704711914,-72.29517622050355,nan,40.0,160.0,70.0,140.0,0.6384011696476775,0.0
onestep_70_011,PS-onestep-02.xlsx,11,single_step,70.0,0.1002,nan,nan,0.1002,10.0,60.0,27.467694910576387,17296.188519595456,17296.87463152249,2860.1442229636104,2752.537173874195,2525.8042979940637,2525.8042979940637,17222.12084610309,17222.806958030127,0,795.9667801931114,-1008.7875631851082,-3171.932281494137,0.0,0.0,0.0,1273.923778157377,-1200.3100054731199,-16.9635105133057,35.6820831298828,52.6455936431885,70.0,105.0,70.0,105.0,-1872.1186201057922,-2.389938663964841,-1299.5513978858312,-1.6590017845351035,104.997245788574,-59.14879484966582,nan,0,-6693.137075612742,-8.54443030929286,-2717.3331386090795,-3.4689359216286113,105.958564758301,-61.020482774555376,nan,40.0,160.0,70.0,140.0,0.5197519743739771,0.0
onestep_70_012,PS-onestep-02.xlsx,12,single_step,70.0,0.4998,nan,nan,0.4998,10.0,60.0,27.467694910576387,17248.314414866752,17249.02957030931,2883.5858397311144,2738.397749889833,2540.513006623549,2540.513006623549,17174.360197591835,17175.075353034394,0,816.6869912525963,-1034.2521562601219,-3174.979934692384,0.0,0.0,0.0,1295.9880186189205,-1216.4509375958096,-17.2711391448975,36.9676818847656,54.2388210296631,70.0,105.0,70.0,105.0,-1807.473572776028,-2.3074130716289716,-1256.8786084517546,-1.6045258831298994,104.99089050293,-58.354265024085635,nan,0,-6523.17781481035,-8.327461040183424,-2653.2452109267233,-3.3871215458639017,105.952445983887,-60.01654036170498,nan,40.0,160.0,70.0,140.0,0.5018047189905306,0.0
onestep_70_013,PS-onestep-02.xlsx,13,single_step,70.0,0.7979999999999999,nan,nan,0.7979999999999999,10.0,60.0,27.467694910576387,17226.59677325248,17227.34225547472,2848.601018884621,2727.8711869643944,2506.1826796467235,2506.1826796467235,17154.07155174579,17154.81703396803,0,4382.59385681152,0.0,0.0,794.0088908672329,-1006.2790981135987,-3209.5596618652307,1262.9474914156153,-1186.7179819071025,-17.9266414642334,37.2793121337891,55.2059535980225,70.0,105.0,70.0,105.0,-1818.227275402086,-2.3211412026409604,-1268.273709814633,-1.619072821039957,104.984893798828,-58.86476721175063,nan,0,-6519.067580162994,-8.32221393212297,-2676.46994472589,-3.4167701422032635,105.98055267334,-60.70662669540707,nan,40.0,160.0,70.0,140.0,0.5047902446467032,0.0
onestep_70_014,PS-onestep-02.xlsx,14,single_step,70.0,1.0002,nan,nan,1.0002,10.0,60.0,27.467694910576387,17223.37855630874,17224.22084597905,2817.416400109064,2730.5584660809595,2506.057374407451,2506.057374407451,17151.395355472625,17152.23764514293,0,4349.84483337402,0.0,0.0,778.4452868870324,-982.6339004388258,-3187.6339340209975,1239.826365260754,-1163.2468161091567,-20.0876045227051,37.7350692749023,57.8226737976074,70.0,105.0,70.0,105.0,-1749.0395064148256,-2.2328163911678622,-1218.9514244404495,-1.5561082014133396,104.984832763672,-56.09144747563914,nan,0,-6249.285551530408,-7.977811342379244,-2563.6113445903284,-3.272695333519568,105.878616333008,-58.41270976107512,nan,40.0,160.0,70.0,140.0,0.48558180392747835,0.0
onestep_70_015,PS-onestep-02.xlsx,15,single_step,70.0,4.998,nan,nan,4.998,10.0,60.0,27.467694910576387,17188.25131414731,17189.163999191915,2773.9905093100756,2724.0122412334035,2581.226600710472,2581.226600710472,17120.200339873685,17121.113024918297,0,4221.99122009277,-3471.7968749997663,-231.0380859375,711.3571668518375,-911.7510029676588,-2980.0879058837904,1162.7341666241734,-1108.228568511448,-20.6884288787842,38.0638122558594,58.752241134643604,70.0,105.0,70.0,105.0,-1632.5524734673527,-2.08410954059662,-1126.404043342148,-1.4379626085218913,104.995948791504,-53.29214084165119,nan,0,-5848.15176099709,-7.465725652336709,-2380.7455537446394,-3.039249643078263,105.97428894043,-54.909303662578395,nan,40.0,160.0,70.0,140.0,0.4532417776528642,0.0
onestep_70_016,PS-onestep-02.xlsx,16,single_step,70.0,10.020000000000001,nan,nan,10.020000000000001,10.0,60.0,27.467694910576387,17144.798773180635,17145.676699943535,2723.1774910316253,2717.266251230555,2662.5191413117313,2662.5191413117313,17080.791361732532,17081.669288495432,0,4084.4198577880843,-3127.971502131428,-469.6728515625,631.8670024679162,-825.8597889903544,-2806.7929534912123,1072.285617283412,-1043.9661029632916,-20.0504150390625,38.8978271484375,58.9482421875,70.0,105.0,70.0,105.0,-1576.369714063305,-2.0123868690169853,-1086.8218864372805,-1.3874321954518474,104.99471282959,-50.798303984561244,nan,0,-5650.674997775806,-7.213627656735071,-2291.3768210803405,-2.9251618992514983,105.9892578125,-52.93004849354952,nan,40.0,160.0,70.0,140.0,0.4376438877475859,0.0
onestep_70_017,PS-onestep-02.xlsx,17,single_step,70.0,49.98,nan,nan,49.98,10.0,60.0,27.467694910576387,17153.56005376815,17153.884929345437,2463.7456335679185,2634.299702149691,4031.159425201248,4031.159425201248,17148.389566300702,17148.714441877994,0,2340.4792541503903,-5659.343636371362,-3942.0341186523397,651.0732158314095,-827.312492018924,-2234.354934692379,743.5068650446015,-570.7930631794379,-16.0876274108887,34.4537658691406,50.5413932800293,70.0,105.0,70.0,105.0,-1564.1075492194818,-1.9967330415567852,-1073.9951937659725,-1.3710576941693264,104.998840332031,-49.54465976337292,nan,0,-5561.083695479566,-7.099255781463275,-2245.426369500994,-2.8665017482991413,105.993743896484,-51.43363960227521,nan,40.0,160.0,70.0,140.0,0.4342395712052312,0.0
onestep_70_018,PS-onestep-02.xlsx,18,single_step,70.0,100.02,nan,nan,100.02,10.0,60.0,27.467694910576387,17157.859679997753,17158.241447588593,2191.7161807526923,2590.1465044406395,4120.511977431071,4120.511977431071,17156.79632245381,17157.17809004465,0,1236.4398662567132,-2736.3870711690033,-4197.147590637203,637.6944055557248,-820.7715472555456,-2260.29681396484,719.3742365519204,-552.9609065482817,-17.575366973877,31.6266326904297,49.2019996643067,70.0,105.0,70.0,105.0,-1579.593068666995,-2.016501789787653,-1478.3200575281112,-1.8872170947167375,77.5763549804688,-50.17082941228648,nan,0,-5544.908770367813,-7.078606940895081,-2260.2238323934175,-2.885392126459682,105.988082885742,-51.82263937216135,nan,40.0,160.0,70.0,140.0,0.4385387802513956,0.0
onestep_70_019,PS-onestep-02.xlsx,19,single_step,70.0,499.98,nan,nan,499.98,10.0,60.0,27.467694910576387,17349.520124648403,17349.97488396008,1195.8075257333078,2182.6921250997952,4329.896107807208,4329.896107807208,17348.94684762,17349.40160693168,0,278.6050867156982,-160.81171948307994,-4219.536453247067,618.937941499017,-818.4347555239817,-2341.9687652587854,705.7769610614695,-558.3388043862986,-19.1995754241943,27.6070251464844,46.8066005706787,70.0,105.0,70.0,105.0,-1646.3018911628142,-2.101661988718486,-1646.3018911628142,-2.101661988718486,86.3238220214844,-53.40995898903748,nan,0,-5443.984183831788,-6.949767043189516,-1944.1060591652974,-2.4818375223386773,86.3238220214844,-53.40995898903748,nan,40.0,160.0,70.0,140.0,0.4570589967740035,0.0
onestep_70_020,PS-onestep-02.xlsx,20,single_step,70.0,1000.0200000000001,nan,nan,1000.0200000000001,10.0,60.0,27.467694910576387,17576.47771489461,17577.026248334245,769.0865552599156,1820.9116859502146,4601.952954108134,4601.952954108134,17575.9162705485,17576.464803988136,0,156.1129079818725,-42.31635710531089,-4208.909843444821,613.599324103629,-814.0321109717471,-2365.132034301754,701.4473958921824,-557.712149373045,-20.6637420654297,27.2352600097656,47.8990020751953,70.0,105.0,70.0,105.0,-1690.566886059849,-2.1581704928423604,-1690.566886059849,-2.1581704928423604,91.9519882202148,-55.26100781937794,nan,0,-5361.970360960818,-6.845068545907426,-2227.1479053677504,-2.8431675387673407,91.9519882202148,-55.26100781937794,nan,40.0,160.0,70.0,140.0,0.46934818520806104,0.0
single_90_500_repeat_001,ps-single-500hs-01.xlsx,1,single_step,90.0,499.998,nan,nan,499.998,10.0,60.0,27.467694910576387,16010.465042193731,16010.465042193731,756.4251269768542,1641.2058640089717,5291.855533472698,5291.855533472698,16009.524633169176,16009.524633169176,0,311.03143688964843,-168.03038683174276,-5160.333507537844,276.5775803820291,-115.43551157932005,-2504.94920730591,393.95004395571607,-142.53027846985634,1.44403457641602,62.5734233856201,61.12938880920408,70.0,105.0,70.0,105.0,2516.491199463766,3.212541956762254,2588.0972995315296,3.3039539994019527,84.4786605834961,92.5295939241945,70.0099029541016,0,11237.582892468883,14.345850501024104,2766.704827903681,3.531963610089805,139.993087768555,113.53412751306541,70.0099029541016,40.0,160.0,70.0,140.0,1.0,0.0
single_eig_01_001,ps-single-01.xlsx,1,single_step,100.0,300.0,nan,nan,300.0,10.0,60.0,27.467694910576387,18751.11962323189,18751.11962323189,1049.6544035993406,2021.8585077822854,6327.4021032333385,6327.4021032333385,18751.11962323189,18751.11962323189,0,553.6563888118909,-484.05053794377244,-6399.671264648437,363.2420613225302,-139.72131876900795,-3081.761077880859,567.038248889315,-193.7955668491414,6.30175971984863,103.550151824951,97.24839210510237,70.0,105.0,70.0,105.0,495.98920759845595,0.633177711827816,322.49968681419136,0.4117017278479038,104.17081451416,-25.584594683359,nan,0,2209.445067735276,2.820568171576948,744.0789122908841,0.9498879731372988,104.17081451416,-25.584594683359,nan,40.0,160.0,70.0,140.0,0.5737886602682573,0.0
single_eig_01_002,ps-single-01.xlsx,2,single_step,90.0,300.0,nan,nan,300.0,10.0,60.0,27.467694910576387,18797.61516257127,18797.61516257127,1052.2804743487445,1999.832492846935,6508.126573117597,6508.126573117597,18797.615162571274,18797.615162571274,0,593.0936236334005,-508.44266713949236,-5865.2232360839835,360.36243285752,-136.9517057361607,-2916.902000427246,496.9037057815993,-167.7853273277161,39.7887239456177,104.962940216064,65.1742162704463,70.0,105.0,70.0,105.0,465.32618858681633,0.5940334322384888,297.83270989995793,0.38021197008505264,102.415451049805,-33.04891724232357,nan,0,2518.12902292304,3.2146327952209015,831.6418651568786,1.0616704661577172,102.415451049805,-33.04891724232357,nan,40.0,160.0,70.0,140.0,0.18491071563690414,0.0
single_eig_01_003,ps-single-01.xlsx,3,single_step,100.0,30.0,nan,nan,30.0,10.0,60.0,27.467694910576387,18174.028605629606,18174.028605629606,1361.5547641296962,2191.3020490271833,5918.563553613045,5918.563553613045,18149.34809294701,18149.34809294701,0,4431.8368075052895,-11131.572678409086,-4788.6682128906195,378.9786687143236,-145.73172810753155,-2937.029716491704,587.5280802253465,-202.25432620497384,38.8387012481689,103.021503448486,64.1828022003171,70.0,105.0,70.0,105.0,864.4109616362433,1.1035033552803104,864.4109616362433,1.1035033552803104,84.6441802978516,28.211233051512977,nan,0,3250.4299278965254,4.149485014335989,1178.8597567606926,1.5049273490562032,120.773292541504,49.277735460082454,nan,40.0,160.0,70.0,140.0,1.0,0.0
single_eig_01_004,ps-single-01.xlsx,4,single_step,100.0,100.02,nan,nan,100.02,10.0,60.0,27.467694910576387,18112.254728368127,18118.89414709727,1245.1623393317682,2130.190105159897,6052.995540351947,6052.995540351947,18110.347566083274,18116.986984812418,0,1478.5231223297121,-3504.9155674066806,-6274.316635131835,365.5774624636321,-140.63896195190492,-2981.166275024414,557.8395447015412,-189.77419368563008,-61.4070091247559,100.665950775146,162.0729598999019,70.0,105.0,70.0,105.0,827.0202320485657,1.0557705089981688,827.252676259061,1.0560672462881628,89.0012664794922,28.680248468382956,nan,0,3313.9500479219923,4.230574529262117,990.9117711723095,1.2649937504327355,132.97639465332,32.63679235243444,nan,40.0,160.0,70.0,140.0,0.9567442671979765,0.0
kovacs_eig_01_001,ps-kovacs-01.xlsx,1,single_step,95.0,100.02,nan,nan,100.02,10.0,60.0,27.467694910576387,18130.979653549188,18130.979653549188,1249.0370090245924,2151.170665796263,5977.684037335714,5977.684037335714,18128.892718569434,18128.892718569434,0,1477.6019421568005,-3421.88059097672,-6085.349945068357,356.91853724161786,-138.48954783443904,-2922.4953384399387,520.3523064634853,-178.42200463584274,6.89634132385254,98.0149536132813,91.11861228942877,70.0,105.0,70.0,105.0,765.0120897057773,0.9766111783478006,801.2894526127269,1.0229227054630554,75.7039337158203,29.057297532575717,nan,0,3288.368216685056,4.1979168723639,985.9048624340558,1.2586019520434752,132.746505737305,31.82243397848697,nan,40.0,160.0,70.0,140.0,0.6083569260190813,0.0
kovacs_eig_01_002,ps-kovacs-01.xlsx,2,two_step,65.0,10.000020000000001,100.0,1200.0,1210.00002,10.0,60.0,27.467694910576387,19985.83423643326,24106.085242750396,584.9833081321061,1660.7263383802292,4305.838819607257,7652.427580873337,19228.151470257824,19228.151470257824,694.2477510692361,3918.153529357911,-2645.981977983165,-398.53686523438046,8.373820933111329,25.42064505457539,3503.2954483032204,553.5505548277897,-191.19831387160932,33.763197183609,97.6917724609375,63.9285752773285,70.0,105.0,70.0,105.0,963.7409974037799,1.2303076562601445,963.7549352311041,1.2303254492311966,89.9733123779297,33.42287993246771,nan,0,3699.582396598051,4.722871144593257,1105.8670981250018,1.4117452316489385,132.737701416016,35.850366602690656,nan,40.0,160.0,70.0,140.0,0.37026319797742835,0.5971299444323285
kovacs_eig_01_003,ps-kovacs-01.xlsx,3,two_step,50.0,10.000020000000001,80.0,1800.0,1810.00002,10.0,60.0,27.467694910576387,20997.18882675608,23678.552928165995,477.0868052328593,1418.805177170461,5445.184610023449,8001.9705468876755,18367.362797264643,18367.362797264643,2574.302735169742,3377.12911529541,-1785.0542436081673,-268.21362304688,57.098514867358745,8.332066852508847,1490.122726440425,413.2027058638003,-139.8709552417105,35.1048114299774,98.1207427978516,63.0159313678742,70.0,105.0,70.0,105.0,661.2329804983198,0.8441272091467911,734.363696984693,0.9374855706187569,70.015998840332,32.44050749620635,nan,0,3634.6360948591037,4.639960972160558,1173.836501200167,1.4985146823831919,132.746017456055,37.437926958457865,nan,40.0,160.0,70.0,140.0,0.3069448156092588,-1.4253751428440997
kovacs_eig_01_004,ps-kovacs-01.xlsx,4,two_step,50.0,10.000020000000001,100.0,10.000020000000001,20.000040000000002,10.0,60.0,27.467694910576387,18082.11263092358,23938.19876119295,1217.8261433846485,2466.9388368218297,3775.431026935608,5260.641489124388,19151.72921481134,20943.378763024062,-1043.3140928904663,3355.213954162596,-1755.6285511356705,-263.9228515625,-4937.9500595092795,-328.2943892048873,-32.17919921875,469.27701625170187,-138.78066526808055,34.8854579925537,99.2081451416016,64.32268714904791,70.0,105.0,70.0,105.0,1079.4007897528713,1.3779584550036654,1079.4007897528713,1.3779584550036654,91.448112487793,35.27781350371117,nan,0,4230.437339065796,5.400558305190376,1273.3271634485538,1.6255240384449623,132.764541625977,41.564409115583885,nan,40.0,160.0,70.0,140.0,0.5010586074056621,0.274455099723355
kovacs_eig_01_005,ps-kovacs-01.xlsx,5,two_step,50.0,1800.0,100.0,10.000020000000001,1810.00002,10.0,60.0,27.467694910576387,21001.621878794824,28451.08636676072,469.9256792703197,1555.9193041845092,8274.370877583808,9751.081071217894,23946.9014247854,25486.127435044487,-2870.914506928143,174.69155377282036,-14.462398469997776,-3390.0905075073215,-4912.059971618654,2429.4280894879134,383.90625,480.1893090179988,-148.31413285228953,36.1935687065125,97.9299850463867,61.736416339874204,70.0,105.0,70.0,105.0,1096.3732183413215,1.3996253851165805,1096.3732183413215,1.3996253851165805,91.8133544921875,35.14038950787153,nan,0,4323.996883763981,5.5199960218263575,1026.481734472111,1.3104022142197158,139.995010375977,42.479294720009875,nan,40.0,160.0,70.0,140.0,0.5089372207192284,0.2961220298362701
kovacs_eig_01_006,ps-kovacs-01.xlsx,6,two_step,55.0,600.0,90.0,300.0,900.0,10.0,60.0,27.467694910576387,19443.790410584756,24721.667300894413,669.5132703889786,1800.4464688885707,5483.202423869141,8805.608521916978,21464.04915234724,21464.04915234724,-2023.7892747901392,318.2066195042928,-118.8811561387372,-3544.5759429931663,-217.93592784290527,335.40425358150475,4475.1863632202185,480.4307068929773,-163.95745108195854,36.041895866394,98.8118133544922,62.7699174880982,70.0,105.0,70.0,105.0,981.5184776474657,1.2530023118903817,981.7560518991885,1.2533055981691765,85.145263671875,38.53694192731086,nan,0,4475.899979720209,5.713914867727926,1108.9052179027326,1.4156236824290203,139.986175537109,45.34623245045782,nan,40.0,160.0,70.0,140.0,1.0,0.6589688796518929
kovacs_eig_01_007,ps-kovacs-01.xlsx,7,two_step,50.0,10.000020000000001,70.0,1800.0,1810.00002,10.0,60.0,27.467694910576387,20860.913672568793,22196.63604233504,477.16259599358926,1373.0516850313124,5923.719035143026,7259.441404909272,17473.774339809373,17473.774339809373,3332.2326775750407,3335.5184219360353,-1758.801935369097,-264.48046875,82.72598175644876,3.540762224941742,-1076.00687408447,345.2911038072953,-113.1013883376847,36.2768440246582,97.9696731567383,61.69282913208009,70.0,105.0,70.0,105.0,1043.106054107309,1.3316247499242242,701.6962371580771,0.8957824304145665,104.997062683105,42.334241258883935,nan,0,4729.691726942652,6.037904332267215,1485.320383500534,1.8961536810645114,132.980529785156,48.12232501374183,nan,40.0,160.0,70.0,140.0,0.4842105655370938,4.2671395987115925
kovacs_eig_01_008,ps-kovacs-01.xlsx,8,two_step,50.0,10.000020000000001,100.0,1800.0,1810.00002,10.0,60.0,27.467694910576387,20831.44852008501,26644.915446850453,465.69921037746747,1500.4309431537683,5190.728364190273,8602.872146806185,19897.513862229214,19897.513862229214,879.1061173081596,3335.325160217285,-1762.8878728686616,-264.89477539062,37.68787267247833,11.435164958579199,4879.1828155517605,548.4095246152525,-187.0766576068522,35.5763564109802,99.5091781616211,63.93282175064089,70.0,105.0,70.0,105.0,1338.6493067601218,1.7089140086299428,1336.8968388075077,1.7066768154989458,91.789176940918,44.89010271750976,nan,0,5289.542743110563,6.752607757162419,1312.0578746261758,1.6749674995227775,139.994491577148,54.2677914583237,nan,40.0,160.0,70.0,140.0,0.6214019517285585,1.075736296802127
kovacs_eig_01_009,ps-kovacs-01.xlsx,9,two_step,50.0,10.000020000000001,85.0,60.0,70.00002,10.0,60.0,27.467694910576387,17940.680982905225,21293.658571304473,1175.8204918011825,2244.8695887968106,2478.259367936511,5384.090942567295,18521.143023456814,18521.143023456814,-637.8566672961256,3334.6333877563475,-1750.439985795508,-262.865234375,-1340.0832063992818,5345.591869901364,2802.821044921878,439.5071660675187,-147.0235012361717,37.6174540519714,100.286972045898,62.6695179939266,70.0,105.0,70.0,105.0,1556.538521516621,1.9870704529999415,1105.142363704593,1.4108200387718208,104.985015869141,49.46193773744051,nan,0,5974.954344505341,7.627601290857881,1405.3597749079368,1.7940763083931108,139.997650146484,57.60616098304308,nan,40.0,160.0,70.0,140.0,0.7225462787950602,-0.7040330494054372
kovacs_eig_01_010,ps-kovacs-01.xlsx,10,two_step,75.0,10.000020000000001,100.0,1800.0,1810.00002,10.0,60.0,27.467694910576387,20613.480677316184,23467.664146198425,469.2839282889866,1406.1032499285595,5637.049626991634,8395.4639380828,18233.034899570033,18233.034899570033,2310.680169594225,4411.6515029907205,-4154.273792609192,-621.8623046875,48.457299138572466,9.21567136751282,1424.4803390502882,542.5336647878898,-184.38678342967864,37.6249980926514,99.1019592285156,61.476961135864194,70.0,105.0,70.0,105.0,1484.9675906117136,1.8957033071638894,1477.5794155956628,1.8862715943774415,91.7869338989258,49.350574869505635,nan,0,5778.742264943472,7.377117785034218,1388.9685605991901,1.7731513539564128,139.991058349609,57.81858275208401,nan,40.0,160.0,70.0,140.0,1.0,1.2625255953360734
kovacs_eig_03_001,ps-kovacs-03.xlsx,1,two_step,50.0,10.000020000000001,65.0,1200.0,1210.00002,10.0,60.0,27.467694910576387,18317.080387210848,19029.563378429415,546.5221795926694,1520.2322276866082,4070.28326934179,4782.766260560356,16430.825270462035,16430.825270462035,1833.198044745129,3279.197960593485,-1766.205655184625,-294.82299804687,57.98535938103996,1.435240580159709,-2063.4938583374064,272.49179623821595,-99.9980517641797,4.75506973266602,57.8047866821289,53.049716949462876,70.0,105.0,70.0,105.0,128.8724620866692,0.1645180367063862,98.70769044040658,0.12600981758349775,104.99471282959,13.635167695128757,nan,0,1277.1336530217252,1.630383386836245,438.82855441250774,0.5602066652074567,139.986892700195,18.731622237191914,nan,40.0,160.0,70.0,140.0,0.05982268773480272,3.100032885493755
kovacs_eig_03_002,ps-kovacs-03.xlsx,2,two_step,50.0,10.000020000000001,75.0,10.000020000000001,20.000040000000002,10.0,60.0,27.467694910576387,17023.265710953874,18967.768137300016,1215.9762575092773,2219.9487534714167,3565.1638157526636,3924.7701141993193,16305.279440685103,17813.695983954265,703.8944026947134,3237.818539428714,-1735.3719815339543,-260.8125,-1191.947760772705,-14153.71420842761,-2092.654655456539,266.0920167435048,-79.5299780809475,-7.93189382553101,56.1591949462891,64.09108877182011,70.0,105.0,70.0,105.0,350.4868768640664,0.4474300555711486,276.63648429594446,0.35315295867567376,104.997093200684,15.267647441720328,nan,0,1635.1523805953298,2.0874285709727616,609.8933066277073,0.7785871999502646,132.744857788086,20.687083930906965,nan,40.0,160.0,70.0,140.0,0.1626962552766668,3.8745204243964277
kovacs_eig_03_003,ps-kovacs-03.xlsx,3,two_step,65.0,10.000020000000001,65.0,1800.0,1810.00002,10.0,60.0,27.467694910576387,18551.554831665755,18552.298010538023,431.43950414865526,1323.9910824495787,6041.469989013685,6041.469989013685,15326.126130964376,15326.869309836644,0,3757.4817474365263,-2669.261452413694,-401.69189453125,106.50841241624623,-9.971955351837874,-3475.014747619633,265.00628916823035,-99.18737148169213,-11.1404695510864,52.4020767211914,63.5425462722778,70.0,105.0,70.0,105.0,-23.418749293359287,-0.02989627569365015,-22.54301448309466,-0.028778316361397438,104.985557556152,11.131249188407992,nan,0,990.3345059053953,1.2642568160494407,395.25765104179726,0.5045842353725071,139.995300292969,17.3574225372231,nan,40.0,160.0,70.0,140.0,0.008997335414130885,2.9056185730937187
kovacs_eig_03_004,ps-kovacs-03.xlsx,4,two_step,85.0,10.000020000000001,100.0,1200.0,1210.00002,10.0,60.0,27.467694910576387,17872.434636978956,19698.838353705567,533.2735449301921,1526.4989102018358,4078.240292682715,5903.75572504051,16664.01020400197,16664.89848837078,1130.1023386637544,5050.935971069335,-4702.909623575159,-697.54443359375,15.041731452941907,10.064271605891104,-1272.0503845214835,492.8053579259383,-183.64120098285923,-12.8209940195084,52.446647644043,65.2676416635514,70.0,105.0,70.0,105.0,188.85460339819065,0.24109098306151994,98.27342682212705,0.12545543849633242,104.095481872559,-35.915587053845684,nan,0,1479.3060671436428,1.8884758303961395,435.20744169494907,0.5555839681212116,104.095481872559,-35.915587053845684,nan,40.0,160.0,70.0,140.0,1.0,-0.3920867287662961
kovacs_eig_04_001,ps-kovacs-04.xlsx,1,two_step,75.0,10.000020000000001,100.0,10.000020000000001,20.000040000000002,10.0,60.0,27.467694910576387,16937.348503911493,19593.75769710938,1208.4098521787118,2223.2797320112536,4176.211847702661,4828.208901468913,16356.468768632414,18201.26748745839,568.1476143678027,4344.56117816405,-4138.284135298295,-689.30053710938,-2162.0305193901063,-14901.96486594451,-2201.737854003909,412.75500858221466,-127.19758026624878,2.58840465545654,60.9624905586243,58.37408590316776,70.0,105.0,70.0,105.0,685.8617436765777,0.8755681834169078,708.1791955815416,0.9040585475509041,89.8944702148438,25.064799352125874,nan,0,3013.826067879708,3.847437533463456,763.0157013894493,0.9740625975184458,139.984039306641,32.51871098747597,nan,40.0,160.0,70.0,140.0,0.46186984013169324,-0.22793517186340262
kovacs_eig_04_002,ps-kovacs-04.xlsx,2,two_step,50.0,100.0002,70.0,60.0,160.0002,10.0,60.0,27.467694910576387,17028.653199108543,19655.92294732243,1052.318382874484,2079.428003013134,3781.3179393188184,6098.947028682234,18232.50134663592,18233.015209487185,-1208.848581973711,1403.7603158760069,-2430.9735640971257,-3217.459960937502,-1075.4780638535817,4032.416911242081,1868.350708007811,302.32315353372724,-110.10899940161681,-8.62530899047852,61.6200909614563,70.24539995193481,70.0,105.0,70.0,105.0,848.3794784986055,1.0830376321258792,626.0834071988887,0.7992554134453898,104.991737365723,30.630405468082586,nan,0,3532.7754766271923,4.509926140375139,908.7802530972197,1.1601450039538974,139.989685058594,38.68377013749978,nan,40.0,160.0,70.0,140.0,0.39381835188890024,4.3597350710199265
kovacs_eig_04_003,ps-kovacs-04.xlsx,3,two_step,65.0,10.000020000000001,85.0,600.0,610.00002,10.0,60.0,27.467694910576387,17444.18384998322,19107.33038516522,736.1385609369237,1747.8212185366529,3336.5231890487407,4999.234429546967,16635.78384860833,16636.219143292106,748.8683602253687,3722.7721356391894,-2704.995827414719,-407.66845703125,-10.0370908546448,42.05664766137904,-691.415519714355,393.27828472680324,-144.00896898712583,-7.64944410324097,61.6642270088196,69.31367111206058,70.0,105.0,70.0,105.0,579.007673830595,0.7391587325496957,578.7662722763192,0.7388505603527478,85.0104827880859,27.89033510402237,nan,0,3579.4884306525046,4.569559698705325,1018.3584324160284,1.300032041382164,139.994583129883,42.902246086331616,nan,40.0,160.0,70.0,140.0,0.22245108752612974,-1.7608061661899197
kovacs_eig_04_004,ps-kovacs-04.xlsx,4,two_step,50.0,10.000020000000001,70.0,300.0,310.00002,10.0,60.0,27.467694910576387,17080.408931353493,18236.933913937006,912.7489393985601,1896.8465734177653,2930.522599427709,4086.6011349050214,16292.72631016852,16293.172757274724,736.007797408093,3180.5905438423147,-1747.3947975849508,-262.57861328125,-17.689971806208238,101.02959730730764,-1255.4055480957,299.24383583706606,-108.15363465350012,-7.66627407073975,61.3531308174133,69.01940488815305,70.0,105.0,70.0,105.0,1006.4942502461204,1.2848862769099407,725.9821545958408,0.9267857292712861,104.985076904297,39.377426919329196,nan,0,4352.224865558732,5.556031743266466,1136.3871504619829,1.4507070005897653,139.993606567383,47.88359537607448,nan,40.0,160.0,70.0,140.0,0.4672153403793501,0.5875595880844653
hs_01_001,ps-hs-01.xlsx,1,single_step,70.0,300.0,nan,nan,300.0,10.0,60.0,27.467694910576387,16884.699141915637,16885.442473713552,946.8259387836277,1876.305403211213,5087.866523202265,5087.866523202265,16883.734087864555,16884.47741966247,0,528.735998878479,-482.16181486173883,-4290.771064758299,249.80317974090576,-107.39515593721774,-1956.6103591918904,291.1366078019142,-109.43684319461161,-6.1510705947876,49.7630376815796,55.914108276367195,70.0,105.0,70.0,105.0,546.2392395799558,0.6973266888254754,393.93823097626705,0.5028998693314047,104.997337341309,27.639375931206132,nan,0,2736.9852358342882,3.4940237053203678,796.7525892316289,1.0171309649765474,139.99299621582,33.27646589882488,nan,40.0,160.0,70.0,140.0,0.15165114015915213,0.0
hs_01_002,ps-hs-01.xlsx,2,single_step,90.0,100.0002,nan,nan,100.0002,10.0,60.0,27.467694910576387,16810.793704935706,16810.793704935706,1154.3415796663996,1998.6407639566671,5514.503300425158,5514.503300425158,16809.10033712069,16809.10033712069,0,1518.5264956283563,-3423.2822958931506,-5389.2182083129865,303.5885093954226,-128.82619170895933,-2560.606399536131,425.7289644264314,-154.87543496825788,8.21761417388916,59.2092580795288,50.99164390563964,70.0,105.0,70.0,105.0,1038.8112431728619,1.3261420125611,1038.8112431728619,1.3261420125611,84.4139862060547,36.185013381961994,nan,0,4608.92362783808,5.883732290857123,1299.9897422113208,1.6595613730357286,138.488067626953,57.86189312366946,nan,40.0,160.0,70.0,140.0,0.41280146077769714,0.0
hs_01_003,ps-hs-01.xlsx,3,single_step,95.0,100.02,nan,nan,100.02,10.0,60.0,27.467694910576387,16413.43272010644,16413.494584132826,1124.557470987921,1955.4524311307232,5457.963389756104,5457.963389756104,16411.91048266252,16411.972346688905,0,1506.2398606491083,-3464.6380546672926,-5492.547508239744,299.25089482033616,-129.81202466700358,-2640.6161117553743,444.3730075469495,-163.21554462421622,-2.10626220703125,52.0830907821655,54.18935298919675,70.0,105.0,70.0,105.0,1257.5053508666429,1.6053259798297568,1270.0442026175083,1.6213330246180955,84.9991912841797,44.96859472527001,nan,0,5552.587878753631,7.088410057983359,1486.2128210178303,1.8972929630014852,139.999710083008,61.715013760982856,nan,40.0,160.0,70.0,140.0,1.0,0.0
hs_02_001,ps-hs-02.xlsx,1,two_step,50.0,10.000020000000001,80.0,1800.0,1810.00002,10.0,60.0,27.467694910576387,17973.41983379107,20428.610325912447,408.4971060623683,1301.786359986864,3799.0721122302966,6125.790675914116,16462.618391370786,16463.00711512567,1460.5441645501066,3089.9630008697504,-1701.1723188924639,-256.25146484375,23.26058158622227,7.481800740717554,1406.680946350096,349.3142978609524,-128.15865671812597,-7.36177635192871,61.7017307281494,69.06350708007811,70.0,105.0,70.0,105.0,1746.8567570860328,2.2300299026630204,1814.0910666630477,2.3158609361655924,84.3794097900391,65.69594772328514,nan,0,8067.713569568054,10.299208812214536,2045.4041683767823,2.6111542575022746,139.984619140625,84.01020974750725,128.604629516602,40.0,160.0,70.0,140.0,0.8108921378898503,-0.03947244932787042
hs_02_002,ps-hs-02.xlsx,2,two_step,50.0,10.000020000000001,100.0,1800.0,1810.00002,10.0,60.0,27.467694910576387,18278.412128569158,23744.130396995428,408.9720147962333,1404.3823859931706,3742.001478452844,6947.005648997723,18238.705815012807,18238.705815012807,-10.612868299287925,3087.1475711822504,-1636.3525390623024,-246.2080078125,9.176670580237293,10.537728204587772,4509.7405548095685,482.9881992169787,-174.4293359581966,5.81165099143982,67.5143451690674,61.70269417762758,70.0,105.0,70.0,105.0,2154.2405894226613,2.7500943694757374,2154.2405894226613,2.7500943694757374,85.8511047363281,69.1590949286674,nan,0,8683.038645657665,11.084730185945954,2125.1950553152947,2.7130149642322907,139.999130249023,87.90125824098357,115.027694702148,40.0,160.0,70.0,140.0,1.0,2.1169166576479213
hs_02_003,ps-hs-02.xlsx,3,two_step,65.0,10.000020000000001,100.0,1200.0,1210.00002,10.0,60.0,27.467694910576387,17920.02385371741,21726.842819756435,523.1805835939266,1530.8794833375155,3494.341856871244,6531.1635130027835,17539.142951347058,17539.142951347058,322.88605469126685,3601.8080692291237,-2505.5769708791186,-378.09423828125,-5.31419649995553,22.93824861516649,3290.3347702026404,488.72604859933335,-172.73197351603292,20.8619775772095,75.8354587554932,54.973481178283706,70.0,105.0,70.0,105.0,2602.8538689997777,3.322792173191205,2602.8538689997777,3.322792173191205,85.1610717773438,82.7000370025637,84.5067443847656,0,9970.277983202992,12.728014446642117,2365.1186326599864,3.0193003821191313,139.987716674805,97.2462087462236,84.5067443847656,40.0,160.0,70.0,140.0,1.0,2.689614461363389
single_hs_80_90_01_001,ps-single-hs-01.xlsx,1,single_step,80.0,49.999999999999986,nan,nan,49.999999999999986,10.0,60.0,27.467694910576387,16024.633651876005,16025.10256035745,1172.5642193481558,1994.0660720894352,4698.244458865428,4698.244458865428,16019.181858536882,16019.650767018327,0,2452.0304146784856,-6318.959928727248,-4444.434936523441,271.7167351423011,-114.31915285921121,-2238.10557174683,353.05293887540296,-130.1136722675801,-7.86950956162764,57.1510154170101,65.02052497863774,70.0,105.0,70.0,105.0,2108.0310768842137,2.6911035024053787,1501.9968778995049,1.9174428228504319,104.991584777832,79.5268306493872,nan,0,8478.355202939758,10.823432173965648,2097.833866477399,2.6780857869924244,139.990875244141,87.21954326642071,106.072784423828,40.0,160.0,70.0,140.0,1.0,0.0
single_hs_80_90_01_002,ps-single-hs-01.xlsx,2,single_step,80.0,499.99999999999983,nan,nan,499.99999999999983,10.0,60.0,27.467694910576387,16481.612758834155,16481.670309114634,776.4025874180281,1691.833778575649,5140.128120162835,5140.128120162835,16480.624891238134,16480.682441518613,0,309.2794214533871,-164.64113944955687,-4709.897678375248,260.9624451796925,-108.6543119977475,-2336.4593849182115,340.7887885924975,-124.62701736425547,-1.70109949883772,58.7749854487483,60.476084947586024,70.0,105.0,70.0,105.0,1958.3058373460321,2.4999648987396155,1316.228429292285,1.6802916118624913,104.998725891113,80.49821236606977,nan,0,8636.236730170234,11.024983059791788,2173.4925387021244,2.7746713260027116,139.991790771484,89.44029583762608,105.336334228516,40.0,160.0,70.0,140.0,0.9289738936109597,0.0
single_hs_80_90_01_003,ps-single-hs-01.xlsx,3,single_step,80.0,1000.000000000002,nan,nan,1000.000000000002,10.0,60.0,27.467694910576387,16820.67412064468,16820.923465284304,567.8650820067874,1463.91995033832,5517.565668447665,5517.565668447665,16819.748057597557,16819.997402237183,0,180.07926937285117,-43.09090657304414,-4698.978553771976,254.93913083057555,-106.59058577800455,-2337.0275001525865,334.3489561506677,-122.72951836473429,-5.23129306611372,55.3177100581233,60.549003124237025,70.0,105.0,70.0,105.0,1777.7768423928644,2.269502351990891,1165.4725213860052,1.4878372613438362,104.995407104492,75.95860319976464,nan,0,8276.686298150442,10.565982508277159,2091.6100127817617,2.6701404418490573,139.999160766602,85.97602656861795,105.941604614258,40.0,160.0,70.0,140.0,0.8433352154468791,0.0
single_hs_80_90_01_004,ps-single-hs-01.xlsx,4,single_step,90.0,49.999999999999986,nan,nan,49.999999999999986,10.0,60.0,27.467694910576387,15890.383783626392,15890.445072286886,1148.1028478582716,1956.3958989210046,4835.86068320567,4835.86068320567,15885.63997037964,15885.701259040134,0,2486.9273885554385,-7316.853707040396,-4945.561950683597,278.9888258646905,-115.88325555762579,-2421.2776184082018,401.5388523224313,-145.42986717651007,-3.67731962975813,57.6623183650081,61.33963799476623,70.0,105.0,70.0,105.0,2399.7398846391025,3.0634977250711946,1648.533119644028,2.1045103655030144,104.984382629395,88.19158441187528,104.326095581055,0,9834.292460446275,12.554415906952691,2373.2068430060426,3.02962575702899,139.993881225586,98.06299228473586,104.326095581055,40.0,160.0,70.0,140.0,0.9536055143568387,0.0
single_hs_80_90_01_005,ps-single-hs-01.xlsx,5,single_step,90.0,499.99999999999983,nan,nan,499.99999999999983,10.0,60.0,27.467694910576387,16301.128709308327,16301.169076229882,762.3864294378436,1650.286547277464,5302.906259266258,5302.906259266258,16300.158960125596,16300.199327047148,0,316.13753796187103,-169.9326169906723,-5166.516407012943,268.5102610714363,-109.76577301871127,-2501.516605377196,391.6991112729493,-140.83682720892807,-2.42201529321028,59.734854833514,62.15687012672428,70.0,105.0,70.0,105.0,2165.5998630820286,2.764595569891951,2231.036745854607,2.8481320159846044,85.2510604858398,80.25956336323327,nan,0,9661.149648655506,12.333382530198518,3109.5419863402913,3.9696280676684563,132.732574462891,97.27674522955567,106.036308288574,40.0,160.0,70.0,140.0,0.8605632571031807,0.0
kovacs_80_to_90_001,pskovacs.xlsx,1,two_step,80.0,49.98,90.0,0.1002,50.0802,10.0,60.0,27.467694910576387,18837.60070263545,19796.86402324041,2684.7038758973326,3065.4008077371964,5268.826388820013,5268.826388820013,18826.02462768555,19765.815280056002,12.978854529062888,2450.595849227906,-7616.330881708156,-5275.170593261721,-236.796960830688,0.0,0.0,994.8370184818901,-371.6196420069658,0.135158538818359,8.44403076171875,8.30887222290039,70.0,105.0,70.0,105.0,-4724.144048967393,-6.03082219017114,-3323.2754620418887,-4.242479313244964,104.985946655273,-146.8784313564263,70.005744934082,0,-16927.775324086622,-21.609925945642495,-6968.79029369231,-8.89632803450082,106.453926086426,-154.90779793957358,70.005744934082,40.0,160.0,70.0,140.0,1.0,-1.4325930697460807
kovacs_80_to_90_002,pskovacs.xlsx,2,two_step,80.0,49.98,90.0,0.4998,50.4798,10.0,60.0,27.467694910576387,18880.243606344862,19901.29985386531,2690.8122141378226,2981.8335159615203,5757.926684951786,5757.926684951786,18856.773764642083,19862.619012069703,22.662729517618786,2890.057706527711,-7646.639779007173,-5355.995819091799,-201.356088638306,0.0,0.0,996.7463858286535,-332.1056337416324,24.2725696563721,10.3789730072021,-13.893596649169998,70.0,105.0,70.0,105.0,-4654.17116879202,-5.941495109096195,-3278.9807569300124,-4.18593288118725,104.998573303223,-145.70282766324385,70.0099029541016,0,-16670.72923616941,-21.28178200362052,-6864.544186217957,-8.76324789729952,106.296867370605,-152.82783114149652,70.0099029541016,40.0,160.0,70.0,140.0,0.9851882416264025,-1.4120074875918869
kovacs_80_to_90_003,pskovacs.xlsx,3,two_step,80.0,49.98,90.0,0.7979999999999999,50.778,10.0,60.0,27.467694910576387,18893.660536766056,19963.22945702871,2699.144021234058,2988.2096461765104,5724.662000910443,5724.662000910443,18874.69145911535,19929.822098859157,18.382051753997086,2773.0857472991943,-7614.344447456467,-5300.393432617189,1162.725132645501,-1384.7435970244544,-2998.837791442873,999.2468646844228,-313.9847587097414,27.4256000518799,14.2878246307373,-13.137775421142601,70.0,105.0,70.0,105.0,-4470.266480298173,-5.706723166338092,-3157.3050373950373,-4.030602175397919,104.987846374512,-139.95348604789956,70.0056686401367,0,-16033.958094786869,-20.468882674196003,-6615.652137480807,-8.445513366996774,106.235359191895,-147.40576069649592,70.0056686401367,40.0,160.0,70.0,140.0,0.946259562359299,-8.770220891409286
kovacs_80_to_90_004,pskovacs.xlsx,4,two_step,80.0,49.98,90.0,1.0002,50.980199999999996,10.0,60.0,27.467694910576387,18901.511284974422,20006.328104864762,2681.194914928283,2984.7879478343407,5717.045318876939,5717.045318876939,18888.755323556266,19965.882966410325,14.396240361530793,2779.4212911224377,-7601.422017498334,-5293.96487426758,-319.472955703735,0.0,0.0,994.5881235579811,-322.7552880784746,31.2205944061279,17.024450302124,-14.196144104003903,70.0,105.0,70.0,105.0,-4306.062477266741,-5.497101034808605,-3036.44130503178,-3.87630804897674,104.984535217285,-135.64105760064217,70.0162582397461,0,-15426.681609932224,-19.693636097785816,-6359.529887838527,-8.118548792985353,106.317710876465,-143.00562552889141,70.0162582397461,40.0,160.0,70.0,140.0,0.9115010957822005,-8.560598759879799
kovacs_80_to_90_005,pskovacs.xlsx,5,two_step,80.0,49.98,90.0,4.998,54.977999999999994,10.0,60.0,27.467694910576387,18919.97129118284,20414.575388612753,2658.695278319598,3016.036008792499,5792.944333988823,5877.598442926399,18960.94321304005,20320.498867915463,-27.816358947752335,2761.049982528687,-7615.630903220707,-5295.753906250002,-638.224670791626,-10006.753601063177,-665.8124389648431,1010.593765014459,-293.1719981369909,35.2264804840088,20.4260425567627,-14.800437927246104,70.0,105.0,70.0,105.0,-4187.386892612534,-5.345600288441532,-2954.5226472688505,-3.771731039066618,104.996398925781,-132.60592735477007,70.0147094726563,0,-14939.443738424201,-19.071630304371315,-6160.24888569877,-7.864147513658004,106.244300842285,-138.9523499663169,70.0147094726563,40.0,160.0,70.0,140.0,0.886380019154542,-8.409098013512727
kovacs_80_to_90_006,pskovacs.xlsx,6,two_step,80.0,49.98,90.0,10.020000000000001,60.0,10.0,60.0,27.467694910576387,18929.34405798912,20447.13451565107,2617.230431754468,3012.388629107002,5437.973114252143,5760.472733100321,19102.670916668547,20219.68346686366,-145.84309345881715,2756.803355331421,-7614.616151440937,-5295.527130126955,-1076.5668155670169,-10736.366477271044,-1568.464294433597,1035.5291619066327,-396.8454075000692,38.7585163116455,23.8805599212646,-14.877956390380902,70.0,105.0,70.0,105.0,-4059.2945191308045,-5.182078109528685,-2870.594554595951,-3.6645887931012138,104.996162414551,-128.53341543593842,70.0004577636719,0,-14508.055548323136,-18.520921976582727,-5998.857148847297,-7.6581155091667625,106.142547607422,-134.73856875757838,70.0004577636719,40.0,160.0,70.0,140.0,0.8592656102470219,-8.24557583459988
kovacs_80_to_90_007,pskovacs.xlsx,7,two_step,80.0,49.98,90.0,49.98,99.96,10.0,60.0,27.467694910576387,18969.847197151186,20673.41524298986,2396.4978896191246,2977.00499048669,4287.340532970517,5977.284296067649,19793.26089234353,19793.26089234353,-828.8800931135798,2744.644731063843,-7621.774348001272,-5295.600433349611,-1015.6676511192323,2242.2666159706405,341.49759292602494,1204.508208068536,-753.7257714121131,40.3583812713623,25.1041660308838,-15.254215240478498,70.0,105.0,70.0,105.0,-4040.355369050768,-5.157900471128639,-2868.1652074889153,-3.661487498922019,104.994232177734,-130.85189505930884,70.0097885131836,0,-14245.271111116677,-18.185452482276606,-5916.962164009357,-7.5535687200119455,105.971214294434,-134.41895025297868,70.0097885131836,40.0,160.0,70.0,140.0,0.8552565982686136,-8.221398196199834
kovacs_80_to_90_008,pskovacs.xlsx,8,two_step,80.0,49.98,90.0,100.02,150.0,10.0,60.0,27.467694910576387,19018.64391290904,20718.972177121643,2169.7641734329013,2912.241574784123,4304.974494892011,5991.413784183711,19775.321636781697,19775.321636781697,-763.1434404253977,2735.0554915618895,-7615.481892913423,-5291.462463378908,-467.97141240358354,1269.5894702776068,408.49858093261673,1196.0335095258263,-759.4062372588465,42.9058742523193,26.407751083374,-16.498123168945302,70.0,105.0,70.0,105.0,-4002.1471605179286,-5.109124034703738,-2858.98782695217,-3.649771693981493,104.98902130127,-134.96925498154405,70.00927734375,0,-14004.332499186152,-17.87787127555679,-5856.767291774573,-7.476724202265412,105.495071411133,-136.7221011356337,70.00927734375,40.0,160.0,70.0,140.0,0.8471687397831826,-6.435266047264838
kovacs_80_to_90_009,pskovacs.xlsx,9,two_step,80.0,49.98,90.0,499.98,549.96,10.0,60.0,27.467694910576387,19361.72225010435,21059.0896949335,1253.428668690988,2431.22329708969,4648.627208447897,6332.2849922701225,19712.01656462987,19712.01656462987,-356.0353103776777,2728.0988228607184,-7610.229495177075,-5286.528747558596,-44.80552219939229,67.11530116416324,363.62990570068393,1176.4536771349574,-754.4406853692607,45.3803310394287,29.7363758087158,-15.643955230712898,70.0,105.0,70.0,105.0,-4061.0440643505003,-5.184311571511276,-3023.342192309656,-3.8595857774165823,104.41724395752,-184.80669306886944,70.0093536376953,0,-13791.057926028756,-17.605605863015434,-5937.407038273535,-7.5796685594981295,104.41724395752,-184.80669306886944,70.0093536376953,40.0,160.0,70.0,140.0,0.859635951456257,-8.39685352827353
kovacs_80_to_90_010,pskovacs.xlsx,10,two_step,80.0,49.98,90.0,1000.0200000000001,1050.0,10.0,60.0,27.467694910576387,19823.35915700731,21515.812926815575,832.5412332523351,2040.3006325114163,5113.106619788484,6792.509452039525,19715.279115438458,19715.279115438458,102.28133214451736,2725.6985414886476,-7607.320702099859,-5282.873046875002,5.0634452153071905,17.094347663944742,355.99316406250034,1170.0915543812825,-753.0567701364618,46.9553813934326,32.1781406402588,-14.7772407531738,70.0,105.0,70.0,105.0,-4055.7692580828134,-5.177577776275932,-3027.4913799580354,-3.864882612712385,104.511016845703,-238.59389743865154,70.0138549804688,0,-13717.554696398069,-17.511771952848598,-6018.529500744256,-7.683229149886285,104.511016845703,-238.59389743865154,70.0138549804688,40.0,160.0,70.0,140.0,0.8585193880718617,-7.942173346167882
kovacs_80_to_90_011,pskovacs.xlsx,11,two_step,80.0,499.98,90.0,0.1002,500.0802,10.0,60.0,27.467694910576387,19316.38402420362,20358.990491100947,1318.8826449777214,2457.5742403016097,5893.568319460485,5893.568319460485,19336.185994033814,20331.367806542712,-12.23669819832774,316.5171966590958,-178.28580327826663,-5447.400268554689,-432.335382461548,0.0,0.0,966.4093154922543,-377.5800497285425,49.4273204803467,30.5148220062256,-18.9124984741211,70.0,105.0,70.0,105.0,-3835.58939784186,-4.8964971036279055,-2758.247421193929,-3.5211669206730996,104.997634887695,-119.52432475873024,70.0157775878906,0,-13173.647661284846,-16.817422546321076,-5555.228338500771,-7.091780857660558,105.976333618164,-123.34044612278944,70.0157775878906,40.0,160.0,70.0,140.0,0.8119120327586635,-0.2982679832028463
kovacs_80_to_90_012,pskovacs.xlsx,12,two_step,80.0,499.98,90.0,0.4998,500.4798,10.0,60.0,27.467694910576387,19320.14849791209,20418.25916647594,1325.0209500972203,2462.673749705368,5953.124343344301,5953.124343344301,19340.662262452446,20391.47713541667,-12.989088598895627,317.171613357544,-177.8565114430574,-5447.264472961428,1097.8881412093701,-1336.5415306396812,-3117.633434295651,981.3289026610703,-357.5099108006137,51.3015270233154,31.7795352935791,-19.5219917297363,70.0,105.0,70.0,105.0,-3768.913039114146,-4.8113783478052925,-2713.3993745213265,-3.4639140951336085,104.991165161133,-117.30470287525304,70.0102233886719,0,-12940.209137469865,-16.519415920174296,-5462.191450854142,-6.973010362792523,105.901573181152,-120.627084386982,70.0102233886719,40.0,160.0,70.0,140.0,0.7977980772914741,-0.28189072630098444
kovacs_80_to_90_013,pskovacs.xlsx,13,two_step,80.0,499.98,90.0,0.7979999999999999,500.778,10.0,60.0,27.467694910576387,19321.98821954092,20465.322335300458,1319.2533420078855,2459.2439967352625,5995.266202332146,5995.266202332146,19343.041445868814,20437.973874324172,-13.402197821943389,317.2967196807861,-177.53104227740104,-5447.09369659424,1088.3451553526377,-1313.8249865474456,-3120.771110534665,967.4899862358367,-353.93628579760133,52.8345241546631,32.3181285858154,-20.5163955688477,70.0,105.0,70.0,105.0,-3751.7171089310586,-4.789426096507734,-2701.0341483305724,-3.448128699996475,104.98348236084,-117.21135685013655,70.0138549804688,0,-12927.272483223123,-16.502901042412496,-5455.422269902213,-6.964368855194313,106.028450012207,-120.4019193860263,70.0138549804688,40.0,160.0,70.0,140.0,0.7941580675871033,-7.852923821578928
kovacs_80_to_90_014,pskovacs.xlsx,14,two_step,80.0,499.98,90.0,1.0002,500.9802,10.0,60.0,27.467694910576387,19334.673625491454,20516.010406039553,1314.2690413746127,2456.9857130234045,5992.796750408914,5992.796750408914,19366.25792689957,20478.03448097548,-21.49059006372281,318.6110677337647,-178.12613408838715,-5447.741027832033,-577.616144180298,0.0,0.0,959.650829572526,-363.16502660509656,53.2357311248779,32.1570415496826,-21.0786895751953,70.0,105.0,70.0,105.0,-3774.7762091126842,-4.818863245675767,-2719.7531769387233,-3.4720253322621994,104.986129760742,-117.36550482254643,70.0156707763672,0,-12940.18184920041,-16.519381084085627,-5467.783737417368,-6.980149452022171,105.981033325195,-120.64740194426713,70.0156707763672,40.0,160.0,70.0,140.0,0.7990391846619872,-7.882360970746962
kovacs_80_to_90_015,pskovacs.xlsx,15,two_step,80.0,499.98,90.0,4.998,504.978,10.0,60.0,27.467694910576387,19336.45664862951,20844.12330569586,1307.0328889773773,2465.1322448727697,6006.025250460369,6128.60564723971,19441.548815498383,20732.656082782727,-83.0412229219783,319.83103811645515,-178.92574985051982,-5451.703514099123,-921.7864566802971,-10542.201782228023,-701.486572265621,972.685427842875,-358.8906307851819,52.7076854705811,32.9965038299561,-19.711181640625,70.0,105.0,70.0,105.0,-3768.4498547691915,-4.8107870486415205,-2713.4662452994435,-3.463999462084396,104.990951538086,-118.10192901373694,70.0101318359375,0,-12924.25168868564,-16.49904470896039,-5463.689827313849,-6.974923183804912,105.969345092773,-120.89760125399994,70.0101318359375,40.0,160.0,70.0,140.0,0.7977000310972528,-7.874284773712715
kovacs_80_to_90_016,pskovacs.xlsx,16,two_step,80.0,499.98,90.0,10.020000000000001,510.0,10.0,60.0,27.467694910576387,19345.126571683883,20862.960111169814,1298.888174145547,2459.4442068976464,5596.689799226104,6007.784253482757,19607.566934725404,20594.150399634083,-227.8657211780468,319.7622880249024,-178.63099015268386,-5447.964660644533,-1366.8267948150626,-10241.133411738692,-1488.4709472656227,1005.944467874962,-465.35687612575686,52.1731472015381,33.863733291626,-18.309413909912102,70.0,105.0,70.0,105.0,-3750.4442084419006,-4.787801117159873,-2702.5111575192295,-3.450014243641569,104.998512268066,-118.08744703575303,70.0151596069336,0,-12854.561497966934,-16.41007850804289,-5438.898282658874,-6.943274403394307,105.926635742188,-120.60195906577178,70.0151596069336,40.0,160.0,70.0,140.0,0.7938886218470996,-7.851298842231067
kovacs_80_to_90_017,pskovacs.xlsx,17,two_step,80.0,499.98,90.0,49.98,549.96,10.0,60.0,27.467694910576387,19380.35989753406,21116.825820684444,1245.549862950466,2423.535876266099,4565.911871433508,6253.064342276466,20245.242376708993,20245.242376708993,-865.880440743763,319.9793807220459,-178.56868579530308,-5450.599197387697,-1018.0964398765567,2594.8487079691267,595.5881824493407,1161.3121765467126,-762.0458047317729,53.0269145965576,35.3764896392822,-17.650424957275405,70.0,105.0,70.0,105.0,-3738.269860654007,-4.772259396579583,-2696.6534530773943,-3.4425363230775243,104.99730682373,-121.96251875413031,70.0096206665039,0,-12803.956443123629,-16.34547631037059,-5427.153180456071,-6.928280655901367,105.435585021973,-123.23214046831026,70.0096206665039,40.0,160.0,70.0,140.0,0.7913115734629474,-7.8357571216507775
kovacs_80_to_90_018,pskovacs.xlsx,18,two_step,80.0,499.98,90.0,100.02,600.0,10.0,60.0,27.467694910576387,19428.034290812815,21165.321181923548,1182.829323043204,2372.3900945926935,4601.359782193496,6289.992956644721,20244.60985580126,20244.60985580126,-818.9025993029321,320.6523005371094,-179.0568112969117,-5453.750061035158,-480.66252205848707,1302.5889148970593,673.421966552734,1152.9225745052095,-763.323571321663,51.8854427337646,35.4943332672119,-16.3911094665527,70.0,105.0,70.0,105.0,-3756.9406225477624,-4.796094411763101,-2718.008005233575,-3.46979745348967,104.999053955078,-127.72746267797993,70.0133056640625,0,-12811.802798686052,-16.355492934492833,-5451.717831011434,-6.959639784269915,105.201202392578,-127.9366997255961,70.0133056640625,40.0,160.0,70.0,140.0,0.7952637734171034,-6.122236424324202
kovacs_80_to_90_019,pskovacs.xlsx,19,two_step,80.0,499.98,90.0,499.98,999.96,10.0,60.0,27.467694910576387,19817.034235200885,21555.441860812512,857.7207704783345,2061.844705944678,5008.390908870588,6697.353957074304,20198.287900791172,20198.287900791172,-383.1120694319403,320.5168532867432,-179.0256341134058,-5454.983779907228,-43.82086505508421,70.7582623327884,652.8911361694333,1138.3277060438218,-753.4049150648447,51.6027965545654,36.6871585845947,-14.915637969970703,70.0,105.0,70.0,105.0,-3834.260502848062,-4.894800641933696,-2884.025137702676,-3.6817342183438413,104.326637268066,-178.3236146087536,70.0043792724609,0,-12816.858000624015,-16.361946383775336,-5579.462561131007,-7.122718163145966,104.326637268066,-178.3236146087536,70.0043792724609,40.0,160.0,70.0,140.0,0.8116307341826626,-8.10734259869595
kovacs_80_to_90_020,pskovacs.xlsx,20,two_step,80.0,499.98,90.0,1000.0200000000001,1500.0,10.0,60.0,27.467694910576387,20303.468601659933,22039.810396683213,645.5925263632405,1800.2260576373164,5505.183476452026,7190.524891595072,20183.955511871976,20183.955511871976,117.64742517868399,320.23918994140627,-178.48880456801297,-5454.829574584963,8.176171303987504,18.030657149820073,666.7269134521486,1133.938697859298,-752.8422792828561,51.5793056488037,36.6608333587646,-14.918472290039098,70.0,105.0,70.0,105.0,-3881.3657917678174,-4.954935053320618,-2915.9280466464775,-3.7224613361444394,104.509086608887,-232.30742513706946,70.0081253051758,0,-12978.918787756174,-16.56883249500788,-5740.608654891377,-7.328436580712396,104.509086608887,-232.30742513706946,70.0081253051758,40.0,160.0,70.0,140.0,0.821601913814675,-7.719530623212568
twostep_90_to_80_001,twosteps.xlsx,1,two_step,90.0,49.98,80.0,0.1002,50.0802,10.0,60.0,27.467694910576387,19398.05948893229,19398.101932811733,2909.294574891329,2999.0692284457446,5298.690799872082,5298.690799872082,19385.549944178263,19385.592388057707,0,2828.166489105224,-9068.381923951218,-6314.615539550779,426.137218475342,0.0,0.0,1336.9687837825593,-961.1622813034014,1.35906314849854,65.7928619384766,64.43379878997807,70.0,105.0,70.0,105.0,-3234.4538618652296,-4.1290900364236975,-2271.6840921393714,-2.9000222452843034,104.989929199219,-107.75694149125707,70.0109405517578,0,-11652.795359842567,-14.875908970011785,-4819.939780964614,-6.15311461399738,106.068603515625,-113.94091004378538,70.0109405517578,40.0,160.0,70.0,140.0,1.0,0.4691390840013616
twostep_90_to_80_002,twosteps.xlsx,2,two_step,90.0,49.98,80.0,0.4998,50.4798,10.0,60.0,27.467694910576387,19430.72687060038,19430.72687060038,2914.785536708832,2919.969555893412,5547.08350982666,5547.08350982666,19417.27232767741,19417.27232767741,0,3066.376650238037,-9082.103556744925,-6187.907928466795,1025.615815607707,-1258.2496431763338,-3211.6716461181622,1328.7053855564288,-937.5369014662223,77.9009437561035,63.3039512634277,-14.596992492675803,70.0,105.0,70.0,105.0,-3211.2384442232105,-4.099453333050906,-2255.2139505167124,-2.878996532574526,104.986976623535,-106.71251319771818,70.0119552612305,0,-11528.308714091,-14.716989847775741,-4756.818200320752,-6.072533872749895,106.049293518066,-112.80681773150513,70.0119552612305,40.0,160.0,70.0,140.0,0.9928224613386101,0.43003428845340164
twostep_90_to_80_003,twosteps.xlsx,3,two_step,90.0,49.98,80.0,0.7979999999999999,50.778,10.0,60.0,27.467694910576387,19419.081844927467,19419.081844927467,2898.686910847526,2918.5685998412027,5484.635367927537,5484.635367927537,19404.334632581074,19404.334632581074,0,3061.113712615967,-9075.618679835146,-6182.924194335936,515.309642791748,0.0,0.0,1320.0726171551335,-947.8948869543597,77.1714744567871,63.3161354064941,-13.855339050292997,70.0,105.0,70.0,105.0,-3151.752435253322,-4.0235137471319,-2210.6227128172586,-2.822071548277351,104.998840332031,-105.69892993549297,70.007209777832,0,-11317.111105025802,-14.44737587875634,-4659.700555537693,-5.948553900686416,106.027992248535,-110.79659812186242,70.007209777832,40.0,160.0,70.0,140.0,0.974431100227778,0.31420740290586746
twostep_90_to_80_004,twosteps.xlsx,4,two_step,90.0,49.98,80.0,1.0002,50.980199999999996,10.0,60.0,27.467694910576387,19413.579367084498,19413.579367084498,2862.996004296755,2916.193863679804,5486.46647537866,5486.46647537866,19398.86546085993,19398.86546085993,0,3057.8031828308094,-9071.196661047168,-6181.667266845701,512.09720993042,0.0,0.0,1294.132467803309,-929.5298800012102,78.0285987854004,65.3260269165039,-12.702571868896499,70.0,105.0,70.0,105.0,-3058.3361733989022,-3.904258944764556,-2145.306736493215,-2.7386894508424016,104.988243103027,-102.55690187223968,70.0150604248047,0,-10908.136813790099,-13.925281038880977,-4487.5520833290975,-5.728789893611613,106.03369140625,-107.08180005867735,70.0150604248047,40.0,160.0,70.0,140.0,0.9455494819255932,0.26461500208742983
twostep_90_to_80_005,twosteps.xlsx,5,two_step,90.0,49.98,80.0,4.998,54.977999999999994,10.0,60.0,27.467694910576387,19405.033481025697,19405.033481025697,2827.1670791292654,2904.6147939062694,5354.281335767093,5354.281335767093,19384.115803591412,19384.115803591412,0,3088.891983489989,-9062.13891516616,-6165.358245849608,682.1327507019043,5288.57629394354,352.124816894531,1277.422473424598,-968.7289095306517,80.3575553894043,66.2542114257813,-14.10334396362299,70.0,105.0,70.0,105.0,-2987.060403858302,-3.8132686006701726,-2094.9338854589546,-2.6743836835646224,104.988571166992,-100.11652584930243,70.0149536132813,0,-10637.795999367932,-13.580165105576082,-4385.770934244388,-5.598856511801345,105.882171630859,-104.73024668492985,70.0149536132813,40.0,160.0,70.0,140.0,0.9235130663251254,-0.07323586257149373
twostep_90_to_80_006,twosteps.xlsx,6,two_step,90.0,49.98,80.0,10.020000000000001,60.0,10.0,60.0,27.467694910576387,19403.378485120134,19403.378485120134,2780.0261590452355,2898.492797373007,5187.963960596777,5187.963960596777,19373.43645821887,19373.43645821887,0,3083.2568296813965,-9051.710876449893,-6159.009979248045,937.2827232360838,5963.5934503715935,884.676055908206,1243.5704063192074,-1001.0788015797702,84.0841255187988,68.135913848877,-15.948211669921804,70.0,105.0,70.0,105.0,-2882.0671569634587,-3.6792346684639896,-2017.249744416256,-2.5752124396803264,104.98657989502,-97.37618149507807,70.0056686401367,0,-10308.348261307769,-13.159593525073745,-4243.909532443782,-5.417756849928232,106.015190124512,-102.66325382386003,70.0056686401367,40.0,160.0,70.0,140.0,0.8910521776005306,-6.370338170869369
twostep_90_to_80_007,twosteps.xlsx,7,two_step,90.0,49.98,80.0,49.98,99.96,10.0,60.0,27.467694910576387,19459.896305939354,19459.896305939354,2539.8545338091644,2826.2501437023348,6089.343919401199,6089.343919401199,19450.15187183697,19450.15187183697,0,2944.4126481628414,-8922.735845881398,-6111.398773193358,1161.8251298522948,-1408.6772146163612,-323.42547607421903,1049.8197184721632,-702.6381555211537,85.5359535217285,66.9293479919434,-18.6066055297851,70.0,105.0,70.0,105.0,-2878.0160588337512,-3.67406305383032,-2023.6379464492452,-2.583367591211802,104.994659423828,-97.33704396407302,70.0156707763672,0,-10186.813202610672,-13.004442386311496,-4212.894306651749,-5.378162944661805,105.990013122559,-101.85900806269524,70.0156707763672,40.0,160.0,70.0,140.0,0.8897996947076777,-6.365166556235699
twostep_90_to_80_008,twosteps.xlsx,8,two_step,90.0,49.98,80.0,100.02,150.0,10.0,60.0,27.467694910576387,19522.932219117483,19522.932219117483,2285.171025519715,2780.145473546996,6189.652759354946,6189.652759354946,19516.21674969355,19516.21674969355,0,2938.171353607177,-8924.507428352206,-6114.355194091795,646.0014250183104,-1126.4179837478318,-510.9474945068361,1027.9672597877286,-688.3596323212319,85.4743614196777,66.7355728149414,-18.7387886047363,70.0,105.0,70.0,105.0,-2844.8047024034668,-3.63166557753634,-2002.9600438962918,-2.5569702688037768,104.997940063477,-95.36880029913527,70.003662109375,0,-10002.97208287891,-12.769751595164566,-4139.972114363811,-5.285070784294226,105.993171691895,-100.20627673531317,70.003662109375,40.0,160.0,70.0,140.0,0.8795316995998013,-6.322769079941718
twostep_90_to_80_009,twosteps.xlsx,9,two_step,90.0,49.98,80.0,499.98,549.96,10.0,60.0,27.467694910576387,20097.34521777471,20097.34521777471,1319.011897828149,2353.428171274578,6724.605404351507,6724.605404351507,20090.632917855582,20090.632917855582,0,2925.854647064209,-8917.97018996098,-6120.428436279295,197.57378691101073,-72.57323524247957,-511.9633102416997,1022.5898666381837,-699.6955386407529,85.850399017334,67.9490356445313,-17.90136337280269,70.0,105.0,70.0,105.0,-2951.452564028961,-3.7678117838667586,-2121.4790608272165,-2.7082711414815526,104.994476318359,-99.28631223785305,71.3860778808594,0,-10065.51379634317,-12.849592080438088,-4262.430824578074,-5.44140105265286,105.854072570801,-101.95089084517008,71.3860778808594,40.0,160.0,70.0,140.0,0.9125041475555107,-6.2677766826063745
twostep_90_to_80_010,twosteps.xlsx,10,two_step,90.0,49.98,80.0,1000.0200000000001,1050.0,10.0,60.0,27.467694910576387,20819.116773573558,20819.116773573558,882.3781693188674,1981.0365764076753,7439.330881277705,7439.330881277705,20812.435400867464,20812.435400867464,0,2905.7745237731924,-8905.512253953919,-6121.539337158201,142.6518920822143,-18.743195654204275,-513.3743591308594,1014.598283049549,-698.1343042761885,86.275806427002,68.3690452575684,-17.906761169433594,70.0,105.0,70.0,105.0,-3011.1263038160396,-3.843991026148135,-2192.585903192159,-2.7990458338623303,104.994537353516,-106.6686606387741,77.0732421875,0,-10041.519762225062,-12.818961398585184,-4325.733240987936,-5.522212648069706,105.416275024414,-107.36993813137428,77.0732421875,40.0,160.0,70.0,140.0,0.9309535496294256,-6.113493378139026
twostep_90_to_80_011,twosteps.xlsx,11,two_step,90.0,499.98,80.0,0.1002,500.0802,10.0,60.0,27.467694910576387,20020.619688542676,20020.619688542676,1385.419014438506,2424.890901640908,5847.532748158765,5847.532748158765,20009.887643559778,20009.887643559778,0,368.18528627537046,-187.03545240048987,-6273.248847961424,505.711925506592,0.0,0.0,1217.0322916430814,-925.9966335789176,89.8545417785645,68.3323783874512,-21.522163391113295,70.0,105.0,70.0,105.0,-2920.3469867399617,-3.7281025362637803,-2153.5662060938303,-2.749233454587868,104.640869140625,-150.0071037354644,100.306823730469,0,-9930.698179583362,-12.67748703776599,-4295.710678256543,-5.483885972242396,104.640869140625,-150.0071037354644,100.306823730469,40.0,160.0,70.0,140.0,0.9028871987235177,0.8701265841612789
twostep_90_to_80_012,twosteps.xlsx,12,two_step,90.0,499.98,80.0,0.4998,500.4798,10.0,60.0,27.467694910576387,20011.77111353238,20011.77111353238,1389.3231769407416,2424.602255562933,5871.834360386665,5871.834360386665,20001.0135095056,20001.0135095056,0,368.9075167541504,-186.99290521369113,-6262.012504577635,891.2688259222571,-1113.4965975677042,-3346.465633392337,1229.9853517960535,-928.3946879433806,91.617862701416,68.0888214111328,-23.529041290283203,70.0,105.0,70.0,105.0,-2903.339272286097,-3.7063905603652305,-2147.648836231921,-2.741679365402452,104.599571228027,-149.98797283578142,100.299057006836,0,-9875.322071020222,-12.606794133217305,-4272.130631388358,-5.453783784751095,104.599571228027,-149.98797283578142,100.299057006836,40.0,160.0,70.0,140.0,0.8976289031409503,0.8230970611390775
twostep_90_to_80_013,twosteps.xlsx,13,two_step,90.0,499.98,80.0,0.7979999999999999,500.778,10.0,60.0,27.467694910576387,20004.739608116146,20004.739608116146,1379.6940068530707,2417.698968367912,5823.931279741956,5823.931279741956,19992.402059860233,19992.402059860233,0,369.56801795959467,-187.43320919785492,-6262.466163635252,598.192882537842,0.0,0.0,1203.6089915771486,-926.1109018465602,90.9803352355957,67.9366683959961,-23.04366683959961,70.0,105.0,70.0,105.0,-2896.309743185297,-3.6974166934280386,-2139.71017250567,-2.731544901071068,104.61026763916,-149.90286238837143,100.377250671387,0,-9864.72510188283,-12.593266087509994,-4259.64948326872,-5.437850404172834,104.61026763916,-149.90286238837143,100.377250671387,40.0,160.0,70.0,140.0,0.8954555751539045,0.6403044566097287
twostep_90_to_80_014,twosteps.xlsx,14,two_step,90.0,499.98,80.0,1.0002,500.9802,10.0,60.0,27.467694910576387,19987.46706620852,19987.46706620852,1372.485239933559,2410.26194825878,5820.961005417466,5820.961005417466,19975.04741028151,19975.04741028151,0,369.45247048950193,-187.36310054130607,-6262.031768798826,602.532115936279,0.0,0.0,1184.6891168309012,-915.5932499015415,91.4717216491699,67.8776473999023,-23.594074249267592,70.0,105.0,70.0,105.0,-2888.8382862888097,-3.687878663347416,-2137.839307966028,-2.729156563360887,104.592193603516,-149.18982473793062,100.29224395752,0,-9800.875943547402,-12.511756523677533,-4243.080242004937,-5.416698181282897,104.592193603516,-149.18982473793062,100.29224395752,40.0,160.0,70.0,140.0,0.8931456158174683,0.48099528350456966
twostep_90_to_80_015,twosteps.xlsx,15,two_step,90.0,499.98,80.0,4.998,504.978,10.0,60.0,27.467694910576387,19989.293773784633,19989.293773784633,1363.418555836672,2404.2167199765977,5643.225962963006,5643.225962963006,19969.537761567448,19969.537761567448,0,368.8501301727295,-187.01386511343694,-6243.8651962280255,813.8769401550286,6560.919799779046,436.86901855468295,1163.7223694622521,-944.691996178917,91.0622749328613,68.4611015319824,-22.601173400878906,70.0,105.0,70.0,105.0,-2880.8369069497853,-3.6776641365316403,-2140.8183567499136,-2.7329596043615916,104.521347045898,-149.424458895812,100.252952575684,0,-9772.056960926693,-12.474966333097905,-4238.601658435678,-5.410980840556184,104.521347045898,-149.424458895812,100.252952575684,40.0,160.0,70.0,140.0,0.8906718197205872,0.062368601567038606
twostep_90_to_80_016,twosteps.xlsx,16,two_step,90.0,499.98,80.0,10.020000000000001,510.0,10.0,60.0,27.467694910576387,19988.801802476242,19988.801802476242,1352.8684861681484,2396.2866993925804,5358.816688251618,5358.816688251618,19957.57766180041,19957.57766180041,0,357.34390063476553,-179.45076254713274,-6176.8701934814435,1208.1466606140123,6901.730934839171,1027.4935302734361,1123.2256319060812,-969.1990513164496,105.265705108643,68.9213600158691,-36.34434509277391,70.0,105.0,70.0,105.0,-2878.8295322935383,-3.675101530587496,-2141.3210508475618,-2.733601341507525,104.496589660645,-149.2155202350525,100.247940063477,0,-9779.997061244734,-12.485102631376256,-4246.935677925682,-5.421620014373211,104.496589660645,-149.2155202350525,100.247940063477,40.0,160.0,70.0,140.0,0.8900511972779814,-6.366205032992875
twostep_90_to_80_017,twosteps.xlsx,17,two_step,90.0,499.98,80.0,49.98,549.96,10.0,60.0,27.467694910576387,20047.240236221936,20047.240236221936,1296.9619185013457,2328.7942799012567,6415.776034867118,6415.776034867118,20042.32575455027,20042.32575455027,0,356.7259818878174,-178.8782328430576,-6169.966423034666,1131.5921568298334,-1855.1091724771466,-492.624099731446,961.4106892913468,-699.2488308602462,105.397541046143,67.5846824645996,-37.81285858154341,70.0,105.0,70.0,105.0,-2905.021128236195,-3.7085376105142913,-2167.708400390844,-2.767287319647886,104.473693847656,-150.72762085120235,100.073516845703,0,-9796.11274592761,-12.505675845865033,-4270.126836996454,-5.4512257493571745,104.473693847656,-150.72762085120235,100.073516845703,40.0,160.0,70.0,140.0,0.8981488845727238,-6.39964111291967
twostep_90_to_80_018,twosteps.xlsx,18,two_step,90.0,499.98,80.0,100.02,600.0,10.0,60.0,27.467694910576387,20115.550384445196,20115.550384445196,1232.5179954863227,2281.4444673514095,6512.266285756054,6512.266285756054,20112.808007831583,20112.808007831583,0,356.49853324890137,-178.6828123458584,-6167.189849853514,613.9132413101194,-1181.0810531369402,-640.1493377685551,952.8142481105997,-690.6522778981373,106.23010635376,67.7062454223633,-38.5238609313967,70.0,105.0,70.0,105.0,-2918.9317100242806,-3.726295800030996,-2180.905970649568,-2.7841352816802996,104.493270874023,-152.25706389284323,99.9742889404297,0,-9790.11410987128,-12.498018012601632,-4279.380208357124,-5.463038563860157,104.493270874023,-152.25706389284323,99.9742889404297,40.0,160.0,70.0,140.0,0.9024496359150427,-6.417399302436374
twostep_90_to_80_019,twosteps.xlsx,19,two_step,90.0,499.98,80.0,499.98,999.96,10.0,60.0,27.467694910576387,20689.670190763467,20689.670190763467,899.2649574610779,1990.5384074629085,7076.540404272228,7076.540404272228,20686.540170367556,20686.540170367556,0,356.1940249176025,-178.77630989357218,-6165.6652297973615,189.94648276519771,-68.55950782854511,-617.0970535278317,951.7607895013498,-695.091911552155,105.768360137939,67.9437637329102,-37.8245964050288,70.0,105.0,70.0,105.0,-2979.5981899118115,-3.803742370100184,-2253.9690356307206,-2.877407279528579,104.381401062012,-164.4711397758474,99.5939712524414,0,-9825.2285899684,-12.542845008470296,-4354.015811709204,-5.558318057501111,104.381401062012,-164.4711397758474,99.5939712524414,40.0,160.0,70.0,140.0,0.9212059646426831,-6.3037072688397995
twostep_90_to_80_020,twosteps.xlsx,20,two_step,90.0,499.98,80.0,1000.0200000000001,1500.0,10.0,60.0,27.467694910576387,21427.18210903166,21427.18210903166,682.9954641429136,1741.5196538444313,7823.035667508747,7823.035667508747,21424.0557074483,21424.0557074483,0,356.49728076171874,-178.89133150628174,-6163.8909454345685,139.49290240097045,-17.627247491922365,-610.2976455688477,941.5785052220626,-691.3346360243638,104.831104278564,67.9504127502441,-36.8806915283199,70.0,105.0,70.0,105.0,-3006.046641977383,-3.8375063514604886,-2298.571474108835,-2.9343465626921295,104.190818786621,-177.65149687511303,99.4071884155273,0,-9858.766162495082,-12.585658930844785,-4401.846424692589,-5.619378414501177,104.190818786621,-177.65149687511303,99.4071884155273,40.0,160.0,70.0,140.0,0.9293830644546186,-6.107008703451379
